emoji,name,cos_sim_cad,cos_sim_prompt
🌻,sunflower,0.193989,0.305739
🌸,cherry_blossom,0.191335,0.318348
🌼,blossom,0.190628,0.303858
💫,dizzy,0.189444,0.167739
🎅🏾,Santa_Claus_medium-dark_skin_tone,0.186942,0.265870
🌺,hibiscus,0.186568,0.325904
🌷,tulip,0.185928,0.296202
🧡,orange_heart,0.180375,0.156083
💏🏾,kiss_medium-dark_skin_tone,0.179700,0.182378
🍒,cherries,0.179344,0.204335
💏🏽,kiss_medium_skin_tone,0.176907,0.226662
🌹,rose,0.176854,0.266737
✨,sparkles,0.176735,0.119774
💐,bouquet,0.176703,0.272997
🌈,rainbow,0.176290,0.279222
🌟,glowing_star,0.176037,0.126055
👋🏾,waving_hand_medium-dark_skin_tone,0.175159,0.174594
🐻,bear,0.173398,0.253649
🙏🏻,folded_hands_light_skin_tone,0.172895,0.233450
💪🏾,flexed_biceps_medium-dark_skin_tone,0.172612,0.219986
💪🏻,flexed_biceps_light_skin_tone,0.172259,0.239726
🍈,melon,0.171868,0.251295
🍀,four_leaf_clover,0.171039,0.091155
🦩,flamingo,0.170281,0.287733
🎀,ribbon,0.170074,0.193467
🤝🏾,handshake_medium-dark_skin_tone,0.169925,0.123481
💅🏾,nail_polish_medium-dark_skin_tone,0.169442,0.156954
💪🏽,flexed_biceps_medium_skin_tone,0.169080,0.231449
🎊,confetti_ball,0.169026,0.201163
🙌🏾,raising_hands_medium-dark_skin_tone,0.169007,0.149777
🙌🏻,raising_hands_light_skin_tone,0.168404,0.194263
💏🏼,kiss_medium-light_skin_tone,0.168063,0.223803
👋🏽,waving_hand_medium_skin_tone,0.167343,0.176504
💦,sweat_droplets,0.167258,0.198005
🍐,pear,0.167019,0.220683
🍄,mushroom,0.166852,0.218986
🍩,doughnut,0.166504,0.260244
💅🏽,nail_polish_medium_skin_tone,0.166408,0.183717
🕺🏻,man_dancing_light_skin_tone,0.165303,0.178766
💃🏼,woman_dancing_medium-light_skin_tone,0.164869,0.109593
🤌🏾,pinched_fingers_medium-dark_skin_tone,0.164452,0.192981
🎆,fireworks,0.164254,0.102532
💜,purple_heart,0.164161,0.151167
💪🏼,flexed_biceps_medium-light_skin_tone,0.163774,0.236015
👋🏻,waving_hand_light_skin_tone,0.163192,0.164822
🎉,party_popper,0.162311,0.208789
🍫,chocolate_bar,0.161917,0.279057
🐪,camel,0.161741,0.249385
💪,flexed_biceps,0.161625,0.199503
🐑,ewe,0.161181,0.178449
🤝🏽,handshake_medium_skin_tone,0.161122,0.167474
🦜,parrot,0.159887,0.177174
💃🏽,woman_dancing_medium_skin_tone,0.159809,0.077756
🍃,leaf_fluttering_in_wind,0.159083,0.225950
🙌🏽,raising_hands_medium_skin_tone,0.158838,0.192016
👏🏻,clapping_hands_light_skin_tone,0.158238,0.128425
💗,growing_heart,0.158009,0.247645
🎅🏽,Santa_Claus_medium_skin_tone,0.157986,0.290350
💏🏻,kiss_light_skin_tone,0.157680,0.227495
👋🏼,waving_hand_medium-light_skin_tone,0.157454,0.173155
🙏🏼,folded_hands_medium-light_skin_tone,0.156863,0.236217
🍇,grapes,0.156667,0.244312
🙏🏾,folded_hands_medium-dark_skin_tone,0.156280,0.169098
🦄,unicorn,0.155281,0.255593
🙌🏼,raising_hands_medium-light_skin_tone,0.155176,0.207945
🧚🏾,fairy_medium-dark_skin_tone,0.153967,0.198310
🙏🏽,folded_hands_medium_skin_tone,0.153792,0.220989
🙌,raising_hands,0.153333,0.146060
🍪,cookie,0.152832,0.254798
🧚🏻,fairy_light_skin_tone,0.152772,0.246754
🧄,garlic,0.152709,0.105460
🤌🏽,pinched_fingers_medium_skin_tone,0.152258,0.219326
🤌🏻,pinched_fingers_light_skin_tone,0.151860,0.214567
🐼,panda,0.151785,0.287311
🧚🏽,fairy_medium_skin_tone,0.150495,0.236989
🐝,honeybee,0.150252,0.260532
🤌,pinched_fingers,0.150137,0.198428
🦋,butterfly,0.150136,0.295733
💅🏼,nail_polish_medium-light_skin_tone,0.150057,0.214439
🍧,shaved_ice,0.149444,0.257379
🫸,rightwards_pushing_hand,0.149134,0.137896
🍮,custard,0.148807,0.260892
🍊,tangerine,0.148359,0.289991
👋,waving_hand,0.148142,0.112038
👶🏻,baby_light_skin_tone,0.147896,0.231863
🌿,herb,0.147369,0.260634
🎈,balloon,0.147332,0.224656
🍟,french_fries,0.147240,0.204117
🎅🏼,Santa_Claus_medium-light_skin_tone,0.147221,0.300612
🐃,water_buffalo,0.147088,0.151762
🦗,cricket,0.146839,0.157042
🐏,ram,0.146738,0.216618
🐡,blowfish,0.146721,0.219510
🌴,palm_tree,0.146661,0.286059
🧜🏼,merperson_medium-light_skin_tone,0.146625,0.221719
🌱,seedling,0.146527,0.294755
🌊,water_wave,0.146521,0.221528
🐳,spouting_whale,0.146424,0.169947
👭🏻,women_holding_hands_light_skin_tone,0.146396,0.144017
🎅🏻,Santa_Claus_light_skin_tone,0.146315,0.304043
🐀,rat,0.146303,0.194942
💡,light_bulb,0.146254,0.120602
💙,blue_heart,0.146178,0.137333
🍯,honey_pot,0.145993,0.225077
🐤,baby_chick,0.145925,0.226980
💌,love_letter,0.145832,0.114295
🫄🏻,pregnant_person_light_skin_tone,0.145721,0.150677
🧜🏻,merperson_light_skin_tone,0.145677,0.218030
👭🏼,women_holding_hands_medium-light_skin_tone,0.145535,0.160390
🧁,cupcake,0.145480,0.128783
👼🏼,baby_angel_medium-light_skin_tone,0.145163,0.161157
💎,gem_stone,0.145132,0.238203
🤽🏻,person_playing_water_polo_light_skin_tone,0.145063,0.231271
🍰,shortcake,0.144847,0.268577
🐴,horse_face,0.144788,0.185413
🍌,banana,0.144782,0.281939
🍅,tomato,0.144625,0.247482
🌠,shooting_star,0.144369,0.113236
🫳🏻,palm_down_hand_light_skin_tone,0.143931,0.212066
🐦,bird,0.143816,0.209488
💃🏻,woman_dancing_light_skin_tone,0.143361,0.053024
🌲,evergreen_tree,0.142976,0.291844
🤩,star-struck,0.142960,0.111061
🤝🏼,handshake_medium-light_skin_tone,0.142897,0.187694
🧚🏼,fairy_medium-light_skin_tone,0.142858,0.235409
🫸🏻,rightwards_pushing_hand_light_skin_tone,0.142656,0.155863
🤳🏻,selfie_light_skin_tone,0.142167,0.186232
👼🏻,baby_angel_light_skin_tone,0.142129,0.151681
🍨,ice_cream,0.142118,0.274258
🍤,fried_shrimp,0.142015,0.244059
💅🏻,nail_polish_light_skin_tone,0.141770,0.166385
🧵,thread,0.141746,0.121179
🌅,sunrise,0.141706,0.285300
🐣,hatching_chick,0.141631,0.202776
🫷🏻,leftwards_pushing_hand_light_skin_tone,0.141595,0.218189
🧝🏻,elf_light_skin_tone,0.141542,0.254349
🍋,lemon,0.141442,0.281282
🍙,rice_ball,0.141375,0.191330
🐌,snail,0.141354,0.234888
💞,revolving_hearts,0.141333,0.230856
🫖,teapot,0.141301,0.155674
💖,sparkling_heart,0.141053,0.232874
🌞,sun_with_face,0.140843,0.284103
🎁,wrapped_gift,0.140738,0.229127
🐩,poodle,0.140713,0.219977
🍎,red_apple,0.140561,0.256649
🐎,horse,0.140537,0.200818
🎂,birthday_cake,0.140166,0.268380
🐫,two-hump_camel,0.139974,0.180052
🍿,popcorn,0.139874,0.154821
👼🏽,baby_angel_medium_skin_tone,0.139678,0.129728
🧜🏾,merperson_medium-dark_skin_tone,0.139038,0.150675
🕊️,dove,0.139000,0.191769
🦻🏻,ear_with_hearing_aid_light_skin_tone,0.138659,0.040099
💕,two_hearts,0.138474,0.242585
💑🏾,couple_with_heart_medium-dark_skin_tone,0.138462,0.133874
👭🏽,women_holding_hands_medium_skin_tone,0.137993,0.117943
🧜🏽,merperson_medium_skin_tone,0.137651,0.194286
💃,woman_dancing,0.137596,0.028174
💓,beating_heart,0.137538,0.158967
🧚,fairy,0.137526,0.172972
7️⃣,keycap_7,0.137486,0.066655
💅,nail_polish,0.137408,0.187944
👌🏽,OK_hand_medium_skin_tone,0.136745,0.129551
🐨,koala,0.136346,0.189570
💏,kiss,0.136077,0.211374
👏🏼,clapping_hands_medium-light_skin_tone,0.136028,0.115536
🍂,fallen_leaf,0.135780,0.259897
💚,green_heart,0.135779,0.076111
🍞,bread,0.135764,0.262283
💧,droplet,0.135753,0.221743
🧝🏽,elf_medium_skin_tone,0.135665,0.236768
🦈,shark,0.135528,0.185418
🍵,teacup_without_handle,0.135480,0.287558
🍼,baby_bottle,0.135442,0.167675
✌🏽,victory_hand_medium_skin_tone,0.135380,0.074009
🌳,deciduous_tree,0.135277,0.279615
🍔,hamburger,0.135108,0.251306
🧩,puzzle_piece,0.135068,0.154795
🤌🏼,pinched_fingers_medium-light_skin_tone,0.135009,0.211110
🍦,soft_ice_cream,0.134687,0.289236
☺,smiling_face,0.134684,0.084169
🦍,gorilla,0.134613,0.191132
🐉,dragon,0.134612,0.232166
🕺🏽,man_dancing_medium_skin_tone,0.134542,0.148538
😊,smiling_face_with_smiling_eyes,0.134306,0.139953
🌚,new_moon_face,0.134293,0.206423
🧘🏻,person_in_lotus_position_light_skin_tone,0.133888,0.168931
🌽,ear_of_corn,0.133862,0.254023
🐠,tropical_fish,0.133386,0.146054
🐲,dragon_face,0.133359,0.169882
🍁,maple_leaf,0.133348,0.251659
👶🏼,baby_medium-light_skin_tone,0.133264,0.218115
🪄,magic_wand,0.132880,0.165693
🤛🏻,left-facing_fist_light_skin_tone,0.132847,0.184600
🐭,mouse_face,0.132598,0.206386
🫐,blueberries,0.132143,0.231693
🍾,bottle_with_popping_cork,0.132122,0.152205
🐾,paw_prints,0.132114,0.209228
🐈,cat,0.131978,0.296721
🤽🏾,person_playing_water_polo_medium-dark_skin_tone,0.131863,0.153395
🫷,leftwards_pushing_hand,0.131816,0.211593
🤞🏽,crossed_fingers_medium_skin_tone,0.131387,0.120173
🫸🏽,rightwards_pushing_hand_medium_skin_tone,0.131180,0.137217
💑🏽,couple_with_heart_medium_skin_tone,0.130970,0.185776
🤳🏽,selfie_medium_skin_tone,0.130840,0.174759
🧝🏾,elf_medium-dark_skin_tone,0.130803,0.201817
☕,hot_beverage,0.130279,0.269606
☄️,comet,0.130136,0.198272
🐋,whale,0.130081,0.229944
🫳🏼,palm_down_hand_medium-light_skin_tone,0.130016,0.209269
♥,heart_suit,0.129956,0.220253
🐥,front-facing_baby_chick,0.129695,0.202689
🍬,candy,0.129632,0.261825
🦭,seal,0.129625,0.065136
🧸,teddy_bear,0.129590,0.083856
🚀,rocket,0.129517,0.142365
🍣,sushi,0.129260,0.284659
🟢,green_circle,0.129243,0.147468
🍕,pizza,0.129104,0.248796
🌾,sheaf_of_rice,0.128869,0.116460
🕴🏻,person_in_suit_levitating_light_skin_tone,0.128862,0.050247
🦐,shrimp,0.128853,0.138411
🌂,closed_umbrella,0.128638,0.095312
☃,snowman,0.128522,0.178715
🌁,foggy,0.128442,0.051956
🧝🏼,elf_medium-light_skin_tone,0.128136,0.230876
🐮,cow_face,0.127968,0.235666
🦙,llama,0.127910,0.164349
💘,heart_with_arrow,0.127870,0.190328
🥧,pie,0.127732,0.153869
🤞🏼,crossed_fingers_medium-light_skin_tone,0.127631,0.141535
🍹,tropical_drink,0.127629,0.228117
🦅,eagle,0.127614,0.226032
🥂,clinking_glasses,0.127613,0.197826
🍥,fish_cake_with_swirl,0.127599,0.197828
🦸🏻,superhero_light_skin_tone,0.127419,0.160176
🐬,dolphin,0.127173,0.233762
🤘🏽,sign_of_the_horns_medium_skin_tone,0.127163,0.207198
🦉,owl,0.127076,0.136749
👌🏻,OK_hand_light_skin_tone,0.126987,0.088555
✌🏻,victory_hand_light_skin_tone,0.126824,0.043334
🌛,first_quarter_moon_face,0.126761,0.201915
🐵,monkey_face,0.126720,0.268159
🌄,sunrise_over_mountains,0.126448,0.272240
🐰,rabbit_face,0.126225,0.264905
🐸,frog,0.126211,0.188451
🐇,rabbit,0.126097,0.235625
🐚,spiral_shell,0.126016,0.225587
🧙🏽,mage_medium_skin_tone,0.125949,0.182158
👏🏽,clapping_hands_medium_skin_tone,0.125932,0.091687
👏,clapping_hands,0.125775,0.097931
👃🏻,nose_light_skin_tone,0.125769,0.110144
🍏,green_apple,0.125763,0.094236
☀️,sun,0.125709,0.264468
🍚,cooked_rice,0.125304,0.254884
👌🏾,OK_hand_medium-dark_skin_tone,0.125262,0.065633
💯,hundred_points,0.125136,0.050630
🐢,turtle,0.125115,0.261716
🦀,crab,0.125004,0.185683
🍻,clinking_beer_mugs,0.124993,0.256249
🎅,Santa_Claus,0.124975,0.266682
🌵,cactus,0.124963,0.226069
🥃,tumbler_glass,0.124895,0.191644
👌🏼,OK_hand_medium-light_skin_tone,0.124814,0.122253
💑🏻,couple_with_heart_light_skin_tone,0.124801,0.183986
🌗,last_quarter_moon,0.124793,0.157971
🤹🏻,person_juggling_light_skin_tone,0.124783,0.118612
🤝🏻,handshake_light_skin_tone,0.124775,0.105646
🤛🏾,left-facing_fist_medium-dark_skin_tone,0.124613,0.135274
🤳🏼,selfie_medium-light_skin_tone,0.124582,0.200567
🐐,goat,0.124557,0.211881
🧢,billed_cap,0.124506,0.105876
👶🏽,baby_medium_skin_tone,0.124453,0.198694
💤,ZZZ,0.124213,0.100725
🟩,green_square,0.123992,0.070051
🧝,elf,0.123980,0.179792
🍝,spaghetti,0.123927,0.182003
🦃,turkey,0.123863,0.160056
🫸🏼,rightwards_pushing_hand_medium-light_skin_tone,0.123809,0.152734
🍡,dango,0.123744,0.121507
🍉,watermelon,0.123694,0.290347
🧙🏻,mage_light_skin_tone,0.123524,0.164556
💑🏼,couple_with_heart_medium-light_skin_tone,0.123520,0.223338
🤲🏻,palms_up_together_light_skin_tone,0.123454,0.202234
🌝,full_moon_face,0.123392,0.044680
🦞,lobster,0.123381,0.204189
🐘,elephant,0.123362,0.264357
🍶,sake,0.123294,0.241600
🥗,green_salad,0.123290,0.204278
🍱,bento_box,0.123180,0.251658
🍛,curry_rice,0.123046,0.232632
🥠,fortune_cookie,0.122988,0.108535
🍍,pineapple,0.122975,0.269202
🧼,soap,0.122449,0.124370
🥚,egg,0.122203,0.234387
🦹🏻,supervillain_light_skin_tone,0.122112,0.070770
🦧,orangutan,0.121981,0.068294
🌌,milky_way,0.121935,0.262777
🫪,distorted_face,0.121874,0.173617
🌐,globe_with_meridians,0.121724,0.103574
💛,yellow_heart,0.121598,0.144380
✌🏼,victory_hand_medium-light_skin_tone,0.121459,0.045354
🦸🏼,superhero_medium-light_skin_tone,0.121359,0.176760
🍢,oden,0.121123,0.185977
🦇,bat,0.121096,0.161215
🐍,snake,0.120949,0.174831
🌓,first_quarter_moon,0.120813,0.090987
💆🏽,person_getting_massage_medium_skin_tone,0.120776,0.120756
🤲🏾,palms_up_together_medium-dark_skin_tone,0.120324,0.108060
🥑,avocado,0.120291,0.282949
🐟,fish,0.120248,0.190952
🫳🏽,palm_down_hand_medium_skin_tone,0.120220,0.191507
🎲,game_die,0.120176,0.164449
🍳,cooking,0.120153,0.116991
😄,grinning_face_with_smiling_eyes,0.120152,0.182062
😉,winking_face,0.119955,0.120309
👌,OK_hand,0.119916,0.015633
🧙🏼,mage_medium-light_skin_tone,0.119903,0.191052
👃🏼,nose_medium-light_skin_tone,0.119828,0.123520
🐖,pig,0.119681,0.230903
☃️,snowman,0.119568,0.223320
🦎,lizard,0.119498,0.172425
🧇,waffle,0.119457,0.104200
💑,couple_with_heart,0.119320,0.193979
🧘🏼,person_in_lotus_position_medium-light_skin_tone,0.119130,0.158575
🤲🏽,palms_up_together_medium_skin_tone,0.119005,0.167319
🤘🏾,sign_of_the_horns_medium-dark_skin_tone,0.119003,0.177547
🧜,merperson,0.118773,0.125133
🐱,cat_face,0.118691,0.280698
🐄,cow,0.118598,0.237418
🍭,lollipop,0.118565,0.134946
❤️,red_heart,0.118549,0.217845
🐹,hamster,0.118539,0.223053
🤛🏽,left-facing_fist_medium_skin_tone,0.118526,0.171857
🍘,rice_cracker,0.118433,0.249691
🤽🏽,person_playing_water_polo_medium_skin_tone,0.118396,0.190121
🌬️,wind_face,0.118149,0.186970
♥️,heart_suit,0.118053,0.209115
☄,comet,0.118022,0.122155
🕸️,spider_web,0.117963,0.085314
🥰,smiling_face_with_hearts,0.117915,0.214175
🫙,jar,0.117915,0.148410
👃🏽,nose_medium_skin_tone,0.117912,0.082598
🦁,lion,0.117895,0.166311
🧒🏻,child_light_skin_tone,0.117843,0.148698
🧆,falafel,0.117739,0.087284
🦹🏼,supervillain_medium-light_skin_tone,0.117621,0.094905
🤞🏻,crossed_fingers_light_skin_tone,0.117546,0.086954
🖌️,paintbrush,0.117232,0.204976
🦹🏻‍♂️,man_supervillain_light_skin_tone,0.117119,0.180221
👼🏾,baby_angel_medium-dark_skin_tone,0.117008,0.064441
🌤️,sun_behind_small_cloud,0.116632,0.248604
🫧,bubbles,0.116557,0.041778
👽,alien,0.116496,0.171011
🫃🏻,pregnant_man_light_skin_tone,0.116485,0.085470
⚡,high_voltage,0.116469,0.108882
🍺,beer_mug,0.116436,0.233031
🍜,steaming_bowl,0.116363,0.272874
🧦,socks,0.116358,0.090958
🤞🏾,crossed_fingers_medium-dark_skin_tone,0.116323,0.046162
🎩,top_hat,0.116221,0.146108
🙏,folded_hands,0.116172,0.139453
🧣,scarf,0.116115,0.107483
🛸,flying_saucer,0.116057,0.099412
🎄,Christmas_tree,0.116044,0.263146
🦨,skunk,0.116020,0.095778
🤘🏻,sign_of_the_horns_light_skin_tone,0.115928,0.199157
🦹🏻‍♀️,woman_supervillain_light_skin_tone,0.115856,0.181459
🥕,carrot,0.115848,0.236598
🫴🏻,palm_up_hand_light_skin_tone,0.115794,0.147695
🙂‍↔️,head_shaking_horizontally,0.115678,0.155195
🪨,rock,0.115652,0.175340
🤸🏻,person_cartwheeling_light_skin_tone,0.115614,0.158360
🫷🏽,leftwards_pushing_hand_medium_skin_tone,0.115538,0.170342
🧀,cheese_wedge,0.115166,0.206014
🌀,cyclone,0.115001,0.153465
🍲,pot_of_food,0.114983,0.276586
🥞,pancakes,0.114862,0.171188
👸🏻,princess_light_skin_tone,0.114751,0.100784
😻,smiling_cat_with_heart-eyes,0.114737,0.092049
🐂,ox,0.114683,0.233693
🍷,wine_glass,0.114590,0.269482
🤳🏾,selfie_medium-dark_skin_tone,0.114430,0.128236
🖍️,crayon,0.114380,0.178054
☝🏼,index_pointing_up_medium-light_skin_tone,0.114317,0.002066
🦣,mammoth,0.114294,0.058397
6️⃣,keycap_6,0.114211,0.018799
🧙🏾,mage_medium-dark_skin_tone,0.113941,0.107719
🧘🏽,person_in_lotus_position_medium_skin_tone,0.113920,0.156566
🌘,waning_crescent_moon,0.113735,0.247692
💒,wedding,0.113727,0.149480
🎳,bowling,0.113716,0.101719
🦥,sloth,0.113599,0.065471
👀,eyes,0.113402,-0.009692
🍗,poultry_leg,0.113351,0.165705
🐊,crocodile,0.113249,0.203395
✌️,victory_hand,0.112824,0.015881
🫍,orca,0.112788,0.145660
❤,red_heart,0.112769,0.216865
🫳🏾,palm_down_hand_medium-dark_skin_tone,0.112642,0.110762
🧻,roll_of_paper,0.112509,0.133084
🤛,left-facing_fist,0.112481,0.123653
☂️,umbrella,0.112441,0.136882
🦦,otter,0.112440,0.120831
🐕,dog,0.112388,0.253358
🦸🏽,superhero_medium_skin_tone,0.112365,0.144751
👸🏼,princess_medium-light_skin_tone,0.112331,0.117926
🕊,dove,0.112313,0.112758
🌙,crescent_moon,0.112305,0.258700
🔄,counterclockwise_arrows_button,0.112300,0.100554
🕴🏼,person_in_suit_levitating_medium-light_skin_tone,0.112282,0.046651
🎃,jack-o-lantern,0.112241,0.242562
🦹🏽,supervillain_medium_skin_tone,0.112120,0.074553
🧕🏻,woman_with_headscarf_light_skin_tone,0.112109,0.159734
🤘🏼,sign_of_the_horns_medium-light_skin_tone,0.112108,0.209032
👍🏾,thumbs_up_medium-dark_skin_tone,0.112030,0.155741
🥖,baguette_bread,0.112018,0.224571
🧈,butter,0.111821,0.067156
🪹,empty_nest,0.111736,0.183794
🥨,pretzel,0.111561,0.191094
🦆,duck,0.111556,0.191191
⚗️,alembic,0.111544,0.126091
🥣,bowl_with_spoon,0.111423,0.197645
🤲,palms_up_together,0.111347,0.134273
🙂,slightly_smiling_face,0.111319,0.075371
🫒,olive,0.111283,0.098138
🤳,selfie,0.111186,0.116274
🤹🏼,person_juggling_medium-light_skin_tone,0.111100,0.100404
🎒,backpack,0.110963,0.180623
✊🏽,raised_fist_medium_skin_tone,0.110954,0.044055
🧖🏻,person_in_steamy_room_light_skin_tone,0.110938,0.119455
🦳,white_hair,0.110841,0.023525
🦴,bone,0.110814,0.045537
👻,ghost,0.110602,0.169006
🤛🏼,left-facing_fist_medium-light_skin_tone,0.110561,0.177308
🫳,palm_down_hand,0.110420,0.121588
🦻🏽,ear_with_hearing_aid_medium_skin_tone,0.110260,-0.004214
👊🏻,oncoming_fist_light_skin_tone,0.110224,0.082058
🦊,fox,0.110206,0.227858
☺️,smiling_face,0.110206,0.083854
🤽🏼,person_playing_water_polo_medium-light_skin_tone,0.110189,0.196116
🩳,shorts,0.110162,0.050322
🥫,canned_food,0.110143,0.192603
🥪,sandwich,0.110044,0.207006
🎣,fishing_pole,0.109978,0.127893
🚼,baby_symbol,0.109937,0.117767
🚟,suspension_railway,0.109758,0.112206
💁🏽,person_tipping_hand_medium_skin_tone,0.109756,-0.015951
🐁,mouse,0.109556,0.168823
🧽,sponge,0.109172,0.138234
🎭,performing_arts,0.109060,0.079558
🌮,taco,0.108885,0.222919
🛌🏻,person_in_bed_light_skin_tone,0.108718,0.218850
🧕🏽,woman_with_headscarf_medium_skin_tone,0.108716,0.114582
🦛,hippopotamus,0.108708,0.174586
☝🏻,index_pointing_up_light_skin_tone,0.108688,-0.017267
🧳,luggage,0.108637,0.078374
🧃,beverage_box,0.108597,0.075648
🐗,boar,0.108537,0.165011
🐅,tiger,0.108472,0.245093
🤾🏻,person_playing_handball_light_skin_tone,0.108439,0.093144
🧒🏼,child_medium-light_skin_tone,0.108306,0.140527
💆🏾,person_getting_massage_medium-dark_skin_tone,0.108253,0.072556
🎺,trumpet,0.108244,0.147050
👶,baby,0.108179,0.155784
💁🏾,person_tipping_hand_medium-dark_skin_tone,0.107830,-0.043761
☝🏽,index_pointing_up_medium_skin_tone,0.107826,-0.016173
🫩,face_with_bags_under_eyes,0.107807,0.147967
🕺🏼,man_dancing_medium-light_skin_tone,0.107747,0.161646
🪞,mirror,0.107747,0.086044
🥜,peanuts,0.107737,0.253305
💄,lipstick,0.107488,0.147947
🎐,wind_chime,0.107474,0.016564
🤹🏽,person_juggling_medium_skin_tone,0.107320,0.076957
☁️,cloud,0.107320,0.209743
🧛🏻,vampire_light_skin_tone,0.107150,0.182036
👍🏻,thumbs_up_light_skin_tone,0.107139,0.180910
👸🏽,princess_medium_skin_tone,0.107047,0.077824
🤗,smiling_face_with_open_hands,0.106909,0.115930
🎹,musical_keyboard,0.106877,0.183554
🌶️,hot_pepper,0.106849,0.174723
💃🏾,woman_dancing_medium-dark_skin_tone,0.106783,-0.006040
🥘,shallow_pan_of_food,0.106672,0.193023
🪴,potted_plant,0.106659,0.221054
🧚🏻‍♀️,woman_fairy_light_skin_tone,0.106485,0.278621
🐶,dog_face,0.106482,0.246596
🕰️,mantelpiece_clock,0.106435,0.148991
🤲🏼,palms_up_together_medium-light_skin_tone,0.106370,0.193624
😺,grinning_cat,0.106187,0.226549
🪊,trombone,0.106091,0.120800
🧕🏼,woman_with_headscarf_medium-light_skin_tone,0.106034,0.151251
🐔,chicken,0.105742,0.185341
🧘,person_in_lotus_position,0.105689,0.104024
🚅,bullet_train,0.105686,0.064875
🎨,artist_palette,0.105660,0.197604
🥍,lacrosse,0.105648,0.124677
👏🏾,clapping_hands_medium-dark_skin_tone,0.105555,-0.020069
🚭,no_smoking,0.105474,0.050471
🐧,penguin,0.105472,0.196207
🕯️,candle,0.105376,0.146812
🫸🏾,rightwards_pushing_hand_medium-dark_skin_tone,0.105217,0.066932
🥙,stuffed_flatbread,0.105215,0.201437
🐯,tiger_face,0.105060,0.211436
😸,grinning_cat_with_smiling_eyes,0.105052,0.202703
🐒,monkey,0.105020,0.208788
🖐🏻,hand_with_fingers_splayed_light_skin_tone,0.104946,-0.000241
🧥,coat,0.104529,0.063915
👱🏻,person_light_skin_tone_blond_hair,0.104486,0.052665
🛌🏽,person_in_bed_medium_skin_tone,0.104238,0.184967
9️⃣,keycap_9,0.104155,0.126855
🦸🏾,superhero_medium-dark_skin_tone,0.104101,0.104277
🤸,person_cartwheeling,0.104066,0.107761
🦝,raccoon,0.103888,0.146228
🌏,globe_showing_Asia-Australia,0.103818,0.207776
🦕,sauropod,0.103791,0.220138
❄️,snowflake,0.103776,0.243575
🤼🏻,people_wrestling_light_skin_tone,0.103738,0.111293
👊🏼,oncoming_fist_medium-light_skin_tone,0.103675,0.096624
✌🏾,victory_hand_medium-dark_skin_tone,0.103450,-0.037337
🎶,musical_notes,0.103309,0.165763
🫵,index_pointing_at_the_viewer,0.103265,0.138729
🪷,lotus,0.103208,0.100214
♨️,hot_springs,0.103176,0.005625
🤾🏼,person_playing_handball_medium-light_skin_tone,0.103045,0.131462
👍🏽,thumbs_up_medium_skin_tone,0.103041,0.198279
👭,women_holding_hands,0.103005,0.067613
🧋,bubble_tea,0.102896,0.049025
🔮,crystal_ball,0.102879,0.021554
🧉,mate,0.102878,0.011662
🥛,glass_of_milk,0.102869,0.204762
🦤,dodo,0.102805,0.128357
🔥,fire,0.102445,0.046927
☀,sun,0.102426,0.233977
👊🏽,oncoming_fist_medium_skin_tone,0.102389,0.062158
🥒,cucumber,0.102309,0.155067
🏸,badminton,0.101921,0.087387
🤹🏾,person_juggling_medium-dark_skin_tone,0.101803,0.027727
👼,baby_angel,0.101746,0.059735
🏋🏾,person_lifting_weights_medium-dark_skin_tone,0.101733,0.179852
🧓🏻,older_person_light_skin_tone,0.101572,0.044893
🤘,sign_of_the_horns,0.101415,0.164807
🧙,mage,0.101403,0.062732
🐺,wolf,0.101360,0.225636
🛵,motor_scooter,0.101317,0.080988
🐛,bug,0.101302,0.178057
🤪,zany_face,0.101226,0.071458
🫄🏼,pregnant_person_medium-light_skin_tone,0.101180,0.106833
🐷,pig_face,0.101159,0.179869
🦓,zebra,0.101144,0.116418
⚒️,hammer_and_pick,0.100974,0.072830
🦻,ear_with_hearing_aid,0.100881,0.000297
🥄,spoon,0.100842,0.093386
👍🏼,thumbs_up_medium-light_skin_tone,0.100836,0.199712
🫵🏻,index_pointing_at_the_viewer_light_skin_tone,0.100791,0.130889
🥬,leafy_green,0.100671,0.253237
🧚🏻‍♂️,man_fairy_light_skin_tone,0.100659,0.270319
🤸🏾,person_cartwheeling_medium-dark_skin_tone,0.100641,0.126093
🐓,rooster,0.100614,0.127048
♻️,recycling_symbol,0.100610,0.197499
🚤,speedboat,0.100502,0.077818
🌰,chestnut,0.100339,0.015513
🫜,root_vegetable,0.100236,0.100467
🕺,man_dancing,0.100234,0.078243
🕵🏻,detective_light_skin_tone,0.100200,0.104148
💨,dashing_away,0.100174,0.017246
🐆,leopard,0.100017,0.126100
🖐🏼,hand_with_fingers_splayed_medium-light_skin_tone,0.099932,0.016281
🧏🏻,deaf_person_light_skin_tone,0.099903,0.145996
🦖,T-Rex,0.099892,0.220005
🍆,eggplant,0.099889,0.170385
🫰,hand_with_index_finger_and_thumb_crossed,0.099854,0.126428
🤽,person_playing_water_polo,0.099767,0.186176
🌍,globe_showing_Europe-Africa,0.099716,0.239397
🐙,octopus,0.099400,0.208255
🦢,swan,0.099386,0.086656
🥦,broccoli,0.099235,0.199519
📡,satellite_antenna,0.099160,0.065641
🦶🏻,foot_light_skin_tone,0.099138,0.044770
🥮,moon_cake,0.098838,0.122619
🦷,tooth,0.098812,0.110435
🦡,badger,0.098794,0.088120
☁,cloud,0.098580,0.132942
🦒,giraffe,0.098536,0.132773
🤞,crossed_fingers,0.098483,0.043754
🦸🏻‍♂️,man_superhero_light_skin_tone,0.098451,0.207359
🧘🏾,person_in_lotus_position_medium-dark_skin_tone,0.098418,0.091382
🦹‍♂️,man_supervillain,0.098372,0.147019
🌤,sun_behind_small_cloud,0.098294,0.158286
🧒,child,0.098246,0.067911
🕰,mantelpiece_clock,0.098150,0.063668
🦶🏼,foot_medium-light_skin_tone,0.098090,0.052230
🍠,roasted_sweet_potato,0.097968,0.049840
🫰🏻,hand_with_index_finger_and_thumb_crossed_light_skin_tone,0.097862,0.161206
🥥,coconut,0.097677,0.148055
🧠,brain,0.097434,0.186848
🌎,globe_showing_Americas,0.097413,0.221628
❤‍🔥,heart_on_fire,0.097293,0.180597
🦔,hedgehog,0.096989,0.138893
🎱,pool_8_ball,0.096947,0.078793
🫕,fondue,0.096928,0.159187
🎧,headphone,0.096678,0.103068
🚡,aerial_tramway,0.096580,-0.003911
🥟,dumpling,0.096547,0.188277
🧞,genie,0.096432,0.043353
🦸🏻‍♀️,woman_superhero_light_skin_tone,0.096415,0.201408
🧜🏻‍♀️,mermaid_light_skin_tone,0.096140,0.269628
🚩,triangular_flag,0.096075,0.008241
🖊️,pen,0.095961,0.175439
🎰,slot_machine,0.095614,0.091753
🤾🏽,person_playing_handball_medium_skin_tone,0.095605,0.102231
🖋️,fountain_pen,0.095604,0.165101
💱,currency_exchange,0.095484,0.029403
🧜🏼‍♀️,mermaid_medium-light_skin_tone,0.095465,0.256611
🫟,splatter,0.095442,0.088655
🦿,mechanical_leg,0.095325,0.005962
🎸,guitar,0.095278,0.226072
🟪,purple_square,0.095212,0.005225
🎪,circus_tent,0.095191,0.099018
🖐🏽,hand_with_fingers_splayed_medium_skin_tone,0.095183,-0.032137
8️⃣,keycap_8,0.095076,0.041609
🧚🏽‍♀️,woman_fairy_medium_skin_tone,0.095033,0.267322
🫲🏻,leftwards_hand_light_skin_tone,0.095006,0.194088
🛌🏼,person_in_bed_medium-light_skin_tone,0.094966,0.215025
💍,ring,0.094919,0.086221
🫄,pregnant_person,0.094881,0.041179
🧰,toolbox,0.094803,0.068242
🧐,face_with_monocle,0.094729,0.005367
💥,collision,0.094698,-0.003067
🫴,palm_up_hand,0.094617,0.107323
🕷️,spider,0.094538,0.160834
🧑🏾‍🚀,astronaut_medium-dark_skin_tone,0.094501,0.140174
🦽,manual_wheelchair,0.094340,0.026507
🏋🏽,person_lifting_weights_medium_skin_tone,0.094260,0.207806
🌶,hot_pepper,0.094259,0.127328
👃,nose,0.094199,0.027198
🙂‍↕️,head_shaking_vertically,0.094130,0.121718
🧖🏼,person_in_steamy_room_medium-light_skin_tone,0.094112,0.102013
🧏🏽,deaf_person_medium_skin_tone,0.094092,0.122128
🕺🏾,man_dancing_medium-dark_skin_tone,0.094015,0.046369
🖌,paintbrush,0.094013,0.130043
💆🏻,person_getting_massage_light_skin_tone,0.093998,0.126531
🚋,tram_car,0.093978,0.103176
🌫️,fog,0.093972,0.114571
📸,camera_with_flash,0.093910,0.136740
🧮,abacus,0.093877,0.109007
🧑‍🚀,astronaut,0.093807,0.194796
🍽️,fork_and_knife_with_plate,0.093703,0.213315
🧹,broom,0.093702,0.153352
🥤,cup_with_straw,0.093687,0.230930
💝,heart_with_ribbon,0.093644,0.084968
🎮,video_game,0.093505,0.205719
🐞,lady_beetle,0.093489,0.123758
⚛️,atom_symbol,0.093477,0.059316
🏋🏽‍♀️,woman_lifting_weights_medium_skin_tone,0.093426,0.244722
🧺,basket,0.093423,0.059202
🏋🏾‍♀️,woman_lifting_weights_medium-dark_skin_tone,0.093302,0.234459
🥷🏻,ninja_light_skin_tone,0.093148,0.042273
🎇,sparkler,0.093069,-0.001175
🍴,fork_and_knife,0.093032,0.096010
🧊,ice,0.092985,0.175830
🐈‍⬛,black_cat,0.092966,0.237971
🪩,mirror_ball,0.092921,0.093977
💆🏼,person_getting_massage_medium-light_skin_tone,0.092890,0.139723
🧚🏼‍♀️,woman_fairy_medium-light_skin_tone,0.092525,0.265079
🧜🏾‍♀️,mermaid_medium-dark_skin_tone,0.092418,0.222991
🏋🏼‍♀️,woman_lifting_weights_medium-light_skin_tone,0.092386,0.246459
🕸,spider_web,0.092382,0.033934
⛈️,cloud_with_lightning_and_rain,0.092377,0.149050
🦵🏻,leg_light_skin_tone,0.092284,0.065743
😼,cat_with_wry_smile,0.092239,0.110618
💁🏻,person_tipping_hand_light_skin_tone,0.092237,-0.014484
👭🏾,women_holding_hands_medium-dark_skin_tone,0.092221,0.011874
🦼,motorized_wheelchair,0.092174,0.000802
🦻🏼,ear_with_hearing_aid_medium-light_skin_tone,0.092064,0.035977
☂,umbrella,0.092038,0.062369
🥺,pleading_face,0.091816,0.140130
🏋🏻‍♀️,woman_lifting_weights_light_skin_tone,0.091793,0.255288
🚕,taxi,0.091702,0.097624
🦸,superhero,0.091625,0.072680
😌,relieved_face,0.091563,0.035004
💁🏾‍♀️,woman_tipping_hand_medium-dark_skin_tone,0.091511,0.015936
👶🏾,baby_medium-dark_skin_tone,0.091497,0.089913
7⃣,keycap_7,0.091483,0.002972
🕹️,joystick,0.091462,0.150887
🥅,goal_net,0.091365,0.163051
9⃣,keycap_9,0.091248,0.054050
🦶,foot,0.091132,0.008808
🧛🏽,vampire_medium_skin_tone,0.091130,0.165063
🕒,three_o’clock,0.090994,0.114536
🧬,dna,0.090969,0.136856
🎦,cinema,0.090903,0.021326
🖍,crayon,0.090852,0.065149
💟,heart_decoration,0.090819,-0.054474
🥭,mango,0.090662,0.252969
🚍,oncoming_bus,0.090650,0.094967
🦹‍♀️,woman_supervillain,0.090534,0.167101
💁‍♀️,woman_tipping_hand,0.090481,0.014168
🧧,red_envelope,0.090386,-0.039553
🧚🏾‍♀️,woman_fairy_medium-dark_skin_tone,0.090227,0.232879
🕋,kaaba,0.090221,0.044503
🗒️,spiral_notepad,0.090202,0.104364
🏋️,person_lifting_weights,0.090142,0.224604
💁🏽‍♀️,woman_tipping_hand_medium_skin_tone,0.090116,0.070201
🏡,house_with_garden,0.090088,0.165147
🕓,four_o’clock,0.089983,0.041986
🍖,meat_on_bone,0.089974,0.133876
🔃,clockwise_vertical_arrows,0.089942,0.007439
🧭,compass,0.089911,0.020401
🦰,red_hair,0.089841,-0.019499
🤸🏽,person_cartwheeling_medium_skin_tone,0.089718,0.148388
🩼,crutch,0.089714,0.038069
🦹🏾,supervillain_medium-dark_skin_tone,0.089656,0.002395
🏰,castle,0.089656,0.161137
🏂🏽,snowboarder_medium_skin_tone,0.089624,0.155107
👾,alien_monster,0.089580,0.028849
🚴🏾,person_biking_medium-dark_skin_tone,0.089580,0.102160
🫷🏾,leftwards_pushing_hand_medium-dark_skin_tone,0.089551,0.073321
🤼🏼,people_wrestling_medium-light_skin_tone,0.089547,0.101965
🥓,bacon,0.089481,0.175387
🥝,kiwi_fruit,0.089474,0.250462
🕉️,om,0.089244,-0.064077
🎻,violin,0.089235,0.206968
🌕,full_moon,0.089180,0.228650
🧅,onion,0.089016,0.099340
🦶🏽,foot_medium_skin_tone,0.088996,0.019278
👄,mouth,0.088978,0.022044
✊🏻,raised_fist_light_skin_tone,0.088966,0.018613
🪲,beetle,0.088890,0.029636
✌,victory_hand,0.088848,-0.046651
🛳️,passenger_ship,0.088807,0.118881
🧛🏾,vampire_medium-dark_skin_tone,0.088655,0.132461
💾,floppy_disk,0.088645,0.095566
🧚🏽‍♂️,man_fairy_medium_skin_tone,0.088621,0.259341
💆,person_getting_massage,0.088510,0.038646
🌋,volcano,0.088436,0.113388
🫄🏽,pregnant_person_medium_skin_tone,0.088382,0.049291
🪵,wood,0.088230,0.132823
🫨,shaking_face,0.088191,0.082892
🧚‍♀️,woman_fairy,0.088158,0.252792
🏋️‍♀️,woman_lifting_weights,0.088058,0.240067
🧜🏻‍♂️,merman_light_skin_tone,0.088042,0.256824
🖊,pen,0.088013,0.114370
🎞️,film_frames,0.087793,0.065592
🏁,chequered_flag,0.087735,0.038536
🧚🏾‍♂️,man_fairy_medium-dark_skin_tone,0.087632,0.223948
🌩,cloud_with_lightning,0.087613,0.190383
🦸‍♂️,man_superhero,0.087555,0.194208
🥡,takeout_box,0.087530,0.091124
🌩️,cloud_with_lightning,0.087398,0.217272
🥼,lab_coat,0.087276,0.013050
🚴🏻,person_biking_light_skin_tone,0.087209,0.151412
🥔,potato,0.087197,0.216665
💁🏼,person_tipping_hand_medium-light_skin_tone,0.087166,-0.015986
🎵,musical_note,0.087136,0.157085
🔢,input_numbers,0.087070,0.037450
🕵️,detective,0.087052,0.085935
🥐,croissant,0.087050,0.211505
🧚🏼‍♂️,man_fairy_medium-light_skin_tone,0.086995,0.256427
🦹🏼‍♂️,man_supervillain_medium-light_skin_tone,0.086918,0.166382
⚙️,gear,0.086902,0.120648
🏹,bow_and_arrow,0.086875,0.104559
🦚,peacock,0.086873,0.066335
☘️,shamrock,0.086773,0.155331
🧝🏻‍♂️,man_elf_light_skin_tone,0.086733,0.245392
⛓️,chains,0.086358,0.032509
🏖️,beach_with_umbrella,0.086322,0.196993
🍑,peach,0.086129,-0.034739
🔁,repeat_button,0.086012,0.047772
🫃,pregnant_man,0.085931,0.017174
☝️,index_pointing_up,0.085807,-0.040750
🛍️,shopping_bags,0.085752,0.123928
📚,books,0.085717,0.174023
🎫,ticket,0.085706,0.125899
🛌🏾,person_in_bed_medium-dark_skin_tone,0.085701,0.071231
🫚,ginger_root,0.085635,0.008460
💻,laptop,0.085573,0.131145
😾,pouting_cat,0.085569,0.070267
💁🏾‍♂️,man_tipping_hand_medium-dark_skin_tone,0.085443,0.019734
🤙🏼,call_me_hand_medium-light_skin_tone,0.085240,0.050150
🥽,goggles,0.085138,0.114312
🧲,magnet,0.085028,0.008980
🎼,musical_score,0.084928,0.150091
🎗️,reminder_ribbon,0.084925,0.138038
🏋🏼,person_lifting_weights_medium-light_skin_tone,0.084874,0.222984
🤹🏻‍♀️,woman_juggling_light_skin_tone,0.084840,0.204247
🪱,worm,0.084820,0.066990
🕵️‍♂️,man_detective,0.084816,0.199333
🫰🏾,hand_with_index_finger_and_thumb_crossed_medium-dark_skin_tone,0.084789,0.110659
🎤,microphone,0.084783,0.066741
🫶🏻,heart_hands_light_skin_tone,0.084770,0.186889
🚖,oncoming_taxi,0.084733,0.039524
🤜🏻,right-facing_fist_light_skin_tone,0.084287,0.071400
🎬,clapper_board,0.084181,0.047149
🧎🏻,person_kneeling_light_skin_tone,0.084179,0.104013
👟,running_shoe,0.084153,0.048965
🦹🏼‍♀️,woman_supervillain_medium-light_skin_tone,0.084102,0.174567
🕷,spider,0.084070,0.084183
🧜🏼‍♂️,merman_medium-light_skin_tone,0.084048,0.243441
🫣,face_with_peeking_eye,0.084011,0.074494
🎾,tennis,0.083962,0.192430
👃🏾,nose_medium-dark_skin_tone,0.083958,0.001748
🚣🏻,person_rowing_boat_light_skin_tone,0.083907,0.112091
🏋🏻‍♂️,man_lifting_weights_light_skin_tone,0.083879,0.239355
🫵🏼,index_pointing_at_the_viewer_medium-light_skin_tone,0.083828,0.113637
🏋🏾‍♂️,man_lifting_weights_medium-dark_skin_tone,0.083780,0.216749
🛏️,bed,0.083750,0.177965
🌡️,thermometer,0.083727,0.180779
🦾,mechanical_arm,0.083718,-0.014236
🧝🏻‍♀️,woman_elf_light_skin_tone,0.083680,0.248426
🔦,flashlight,0.083611,-0.013919
🤡,clown_face,0.083607,0.051983
🔬,microscope,0.083602,0.061424
🧒🏽,child_medium_skin_tone,0.083522,0.076924
🫦,biting_lip,0.083498,0.085602
🫗,pouring_liquid,0.083497,0.035996
🧚‍♂️,man_fairy,0.083427,0.241385
🩹,adhesive_bandage,0.083251,0.035027
👍,thumbs_up,0.083226,0.105850
🧏🏼,deaf_person_medium-light_skin_tone,0.083216,0.123366
🖕🏻,middle_finger_light_skin_tone,0.083097,0.098433
🏋🏻,person_lifting_weights_light_skin_tone,0.083084,0.215907
🚻,restroom,0.083025,0.094333
👊🏾,oncoming_fist_medium-dark_skin_tone,0.083005,-0.014147
🙂‍↔,head_shaking_horizontally,0.082985,0.098350
🛀🏻,person_taking_bath_light_skin_tone,0.082964,-0.016374
🎥,movie_camera,0.082784,0.033589
🥊,boxing_glove,0.082756,0.145770
🧶,yarn,0.082734,-0.015632
🧜🏽‍♀️,mermaid_medium_skin_tone,0.082657,0.248228
🎎,Japanese_dolls,0.082470,0.072836
🪽,wing,0.082447,0.036929
🏋🏽‍♂️,man_lifting_weights_medium_skin_tone,0.082387,0.228392
🤝,handshake,0.082374,0.027575
🛰️,satellite,0.082332,0.155148
⚗,alembic,0.082278,0.046662
🏋️‍♂️,man_lifting_weights,0.082220,0.227563
🚄,high-speed_train,0.082103,0.027875
🕵🏻‍♀️,woman_detective_light_skin_tone,0.082021,0.206824
🤙🏽,call_me_hand_medium_skin_tone,0.081946,0.019909
5️⃣,keycap_5,0.081932,-0.032355
🦠,microbe,0.081903,-0.038568
🤸🏼,person_cartwheeling_medium-light_skin_tone,0.081751,0.157049
🐻‍❄️,polar_bear,0.081724,0.216724
✍🏽,writing_hand_medium_skin_tone,0.081638,0.107182
🚊,tram,0.081467,0.030670
😋,face_savoring_food,0.081306,0.006508
🧖🏽,person_in_steamy_room_medium_skin_tone,0.081135,0.025592
👔,necktie,0.081001,0.074310
🔗,link,0.080909,0.018593
📷,camera,0.080858,0.065489
🙊,speak-no-evil_monkey,0.080610,-0.069126
🌒,waxing_crescent_moon,0.080602,0.027167
🧗🏻,person_climbing_light_skin_tone,0.080584,0.085872
😽,kissing_cat,0.080567,0.160459
🏕️,camping,0.080540,0.079920
🧙🏻‍♀️,woman_mage_light_skin_tone,0.080500,0.245326
🚢,ship,0.080493,0.128328
👱🏼,person_medium-light_skin_tone_blond_hair,0.080437,0.049229
🖖🏻,vulcan_salute_light_skin_tone,0.080430,-0.004909
🧂,salt,0.080365,-0.003299
〽,part_alternation_mark,0.080359,-0.047594
🦵🏽,leg_medium_skin_tone,0.080321,0.022903
🚴,person_biking,0.080309,0.099986
🫀,anatomical_heart,0.080234,0.052968
🕴🏽,person_in_suit_levitating_medium_skin_tone,0.080225,-0.048534
🛠️,hammer_and_wrench,0.080190,0.083680
🕵🏻‍♂️,man_detective_light_skin_tone,0.080071,0.202131
🧜🏾‍♂️,merman_medium-dark_skin_tone,0.079914,0.198760
🪻,hyacinth,0.079754,0.036485
🧙🏻‍♂️,man_mage_light_skin_tone,0.079707,0.240535
👸🏾,princess_medium-dark_skin_tone,0.079689,0.027829
😀,grinning_face,0.079664,0.165650
🖕🏽,middle_finger_medium_skin_tone,0.079614,0.088208
📜,scroll,0.079545,-0.016255
🎴,flower_playing_cards,0.079490,0.022085
🖋,fountain_pen,0.079435,0.064532
🤹🏼‍♀️,woman_juggling_medium-light_skin_tone,0.079424,0.182624
🕔,five_o’clock,0.079385,0.083688
🌜,last_quarter_moon_face,0.079352,0.214232
🔩,nut_and_bolt,0.079189,0.078533
🦬,bison,0.079166,0.173966
🎽,running_shirt,0.079150,0.042938
🕵️‍♀️,woman_detective,0.079081,0.204095
🤙🏻,call_me_hand_light_skin_tone,0.079044,0.017707
🧖,person_in_steamy_room,0.079017,0.012693
🧕,woman_with_headscarf,0.079013,0.061578
🚿,shower,0.078975,-0.026731
🦺,safety_vest,0.078897,-0.011516
🧙🏾‍♀️,woman_mage_medium-dark_skin_tone,0.078836,0.215277
🔑,key,0.078813,0.029226
🏋🏼‍♂️,man_lifting_weights_medium-light_skin_tone,0.078785,0.227141
🥻,sari,0.078717,0.010804
🕖,seven_o’clock,0.078603,0.108601
🧙🏼‍♀️,woman_mage_medium-light_skin_tone,0.078591,0.228368
🧙🏽‍♀️,woman_mage_medium_skin_tone,0.078590,0.239796
🎗,reminder_ribbon,0.078576,0.106581
🌉,bridge_at_night,0.078562,-0.036223
🫥,dotted_line_face,0.078558,0.100763
🧛🏼,vampire_medium-light_skin_tone,0.078536,0.167853
🚉,station,0.078374,0.056438
🪙,coin,0.078361,0.026242
👯🏻,people_with_bunny_ears_light_skin_tone,0.078312,0.037519
🕹,joystick,0.078288,0.080434
🫠,melting_face,0.078287,0.014283
🍓,strawberry,0.078156,-0.018637
👩‍🚀,woman_astronaut,0.078145,0.156205
😎,smiling_face_with_sunglasses,0.078104,-0.039371
🫂,people_hugging,0.077916,0.033091
🦹🏾‍♂️,man_supervillain_medium-dark_skin_tone,0.077884,0.098179
🔧,wrench,0.077864,0.035070
🧝🏼‍♀️,woman_elf_medium-light_skin_tone,0.077848,0.234882
💰,money_bag,0.077742,0.099282
👗,dress,0.077727,-0.025823
🦑,squid,0.077625,-0.005622
🦸‍♀️,woman_superhero,0.077575,0.189039
🌧️,cloud_with_rain,0.077556,0.201639
🍽,fork_and_knife_with_plate,0.077541,0.179088
👑,crown,0.077522,-0.040226
❤️‍🔥,heart_on_fire,0.077429,0.198153
👁,eye,0.077250,-0.049759
🕦,eleven-thirty,0.077204,0.003191
🤰🏼,pregnant_woman_medium-light_skin_tone,0.077185,0.137222
🗓️,spiral_calendar,0.077160,0.075334
💁🏽‍♂️,man_tipping_hand_medium_skin_tone,0.077131,0.075038
🕘,nine_o’clock,0.077076,0.060430
8⃣,keycap_8,0.077072,0.007755
🙈,see-no-evil_monkey,0.076981,0.040742
🚂,locomotive,0.076911,0.072290
🕞,three-thirty,0.076854,0.009616
🕴️,person_in_suit_levitating,0.076725,-0.033510
🚣🏼,person_rowing_boat_medium-light_skin_tone,0.076716,0.144036
👣,footprints,0.076527,0.029032
✍🏻,writing_hand_light_skin_tone,0.076464,0.111959
🛌,person_in_bed,0.076433,0.149907
🎯,bullseye,0.076362,0.024153
🔨,hammer,0.076350,0.032802
🦹🏽‍♂️,man_supervillain_medium_skin_tone,0.076309,0.149228
🥢,chopsticks,0.076288,0.151144
📽️,film_projector,0.076233,0.094375
🧙🏾‍♂️,man_mage_medium-dark_skin_tone,0.076174,0.208731
🧝🏽‍♀️,woman_elf_medium_skin_tone,0.076150,0.235074
🚪,door,0.076122,0.016678
🥾,hiking_boot,0.076084,0.004038
🚴🏽,person_biking_medium_skin_tone,0.076084,0.115732
🤹🏾‍♀️,woman_juggling_medium-dark_skin_tone,0.076020,0.142388
🤏🏻,pinching_hand_light_skin_tone,0.075978,0.017110
🧾,receipt,0.075934,0.004897
🕵🏼,detective_medium-light_skin_tone,0.075873,0.088390
🚣🏽,person_rowing_boat_medium_skin_tone,0.075800,0.109031
🦏,rhinoceros,0.075735,0.026561
💁‍♂️,man_tipping_hand,0.075696,0.015934
🫶,heart_hands,0.075631,0.170909
🥋,martial_arts_uniform,0.075583,0.184692
🏊🏻,person_swimming_light_skin_tone,0.075507,0.190951
🤹,person_juggling,0.075502,0.006910
🫴🏽,palm_up_hand_medium_skin_tone,0.075502,0.103787
📐,triangular_ruler,0.075470,0.011394
🧫,petri_dish,0.075462,-0.039545
💁,person_tipping_hand,0.075439,-0.064313
🏠,house,0.075312,0.158869
🌦️,sun_behind_rain_cloud,0.075247,0.213982
🦹🏻‍♀,woman_supervillain_light_skin_tone,0.075149,0.084620
🕵‍♂️,man_detective,0.075139,0.168571
🧙🏼‍♂️,man_mage_medium-light_skin_tone,0.074999,0.224201
🥷🏽,ninja_medium_skin_tone,0.074996,-0.005293
🥁,drum,0.074964,0.196266
🧪,test_tube,0.074890,0.037119
💽,computer_disk,0.074873,0.048198
💁🏼‍♀️,woman_tipping_hand_medium-light_skin_tone,0.074868,0.057459
🕵🏽,detective_medium_skin_tone,0.074778,0.017351
🕵‍♀️,woman_detective,0.074771,0.168874
🦹,supervillain,0.074748,-0.004775
💹,chart_increasing_with_yen,0.074696,-0.057247
🧑🏻‍🚀,astronaut_light_skin_tone,0.074671,0.203767
🤼🏽,people_wrestling_medium_skin_tone,0.074592,0.055630
🤜🏾,right-facing_fist_medium-dark_skin_tone,0.074583,0.055568
🫶🏾,heart_hands_medium-dark_skin_tone,0.074533,0.120042
🪰,fly,0.074511,0.026586
🙇🏻,person_bowing_light_skin_tone,0.074429,-0.026882
🙇🏽,person_bowing_medium_skin_tone,0.074391,-0.012127
🫷🏼,leftwards_pushing_hand_medium-light_skin_tone,0.074368,0.139359
🏊🏾,person_swimming_medium-dark_skin_tone,0.074347,0.050530
🎢,roller_coaster,0.074292,0.002682
🫏,donkey,0.074291,-0.016493
🛻,pickup_truck,0.074291,0.000742
💁🏻‍♀️,woman_tipping_hand_light_skin_tone,0.074278,0.031093
🚥,horizontal_traffic_light,0.074268,0.071073
🚴🏼,person_biking_medium-light_skin_tone,0.074267,0.170697
🏍️,motorcycle,0.074194,0.084026
🥌,curling_stone,0.074086,0.010293
🧝🏽‍♂️,man_elf_medium_skin_tone,0.073982,0.230123
🦹🏾‍♀️,woman_supervillain_medium-dark_skin_tone,0.073937,0.108801
🖐️,hand_with_fingers_splayed,0.073875,-0.012882
🫎,moose,0.073831,0.088981
🫰🏽,hand_with_index_finger_and_thumb_crossed_medium_skin_tone,0.073654,0.141466
🫅🏻,person_with_crown_light_skin_tone,0.073644,0.053725
🧝🏼‍♂️,man_elf_medium-light_skin_tone,0.073605,0.227612
😈,smiling_face_with_horns,0.073603,0.046857
🍋‍🟩,lime,0.073600,0.047185
🦹🏻‍♂,man_supervillain_light_skin_tone,0.073565,0.082225
📻,radio,0.073518,0.050065
🪶,feather,0.073512,0.015404
🔊,speaker_high_volume,0.073383,0.011223
🤰🏽,pregnant_woman_medium_skin_tone,0.073360,0.118878
🤜🏼,right-facing_fist_medium-light_skin_tone,0.073219,0.094068
🤹🏼‍♂️,man_juggling_medium-light_skin_tone,0.073143,0.172629
📳,vibration_mode,0.072945,0.020682
🕯,candle,0.072912,0.000872
🪾,leafless_tree,0.072874,0.021776
💿,optical_disk,0.072718,-0.034281
😁,beaming_face_with_smiling_eyes,0.072670,0.143834
🧙🏽‍♂️,man_mage_medium_skin_tone,0.072520,0.231923
💈,barber_pole,0.072514,-0.082193
🕵🏽‍♀️,woman_detective_medium_skin_tone,0.072502,0.163030
🩷,pink_heart,0.072474,-0.027235
🤹🏻‍♂️,man_juggling_light_skin_tone,0.072409,0.188769
🔔,bell,0.072399,0.018353
🧱,brick,0.072277,0.078437
❄,snowflake,0.072197,0.174261
🖕🏼,middle_finger_medium-light_skin_tone,0.072194,0.090870
🚲,bicycle,0.072091,0.173125
💩,pile_of_poo,0.072077,-0.003161
🧑🏻‍🎄,Mx_Claus_light_skin_tone,0.071898,0.213355
🔌,electric_plug,0.071751,-0.002494
🛫,airplane_departure,0.071750,0.066947
🦲,bald,0.071675,-0.051830
🫃🏼,pregnant_man_medium-light_skin_tone,0.071501,0.040949
👳🏻,person_wearing_turban_light_skin_tone,0.071424,0.036975
🏔️,snow-capped_mountain,0.071387,0.130439
🦸🏾‍♂️,man_superhero_medium-dark_skin_tone,0.071139,0.171532
⛵,sailboat,0.071128,0.042097
🤱🏻,breast-feeding_light_skin_tone,0.071090,0.185023
🧑🏼‍🚀,astronaut_medium-light_skin_tone,0.070965,0.189636
🤖,robot,0.070782,0.141909
🛶,canoe,0.070755,-0.004916
🕟,four-thirty,0.070711,-0.011122
⚓,anchor,0.070705,0.008384
👱🏽,person_medium_skin_tone_blond_hair,0.070692,0.022147
🤜🏽,right-facing_fist_medium_skin_tone,0.070639,0.041708
⛏️,pick,0.070578,0.023572
🦵🏼,leg_medium-light_skin_tone,0.070540,0.042725
🪃,boomerang,0.070311,0.024000
🤍,white_heart,0.070281,-0.020849
🥇,1st_place_medal,0.070240,0.028510
🫶🏼,heart_hands_medium-light_skin_tone,0.070238,0.175951
🛋️,couch_and_lamp,0.070191,0.111678
🦸🏽‍♂️,man_superhero_medium_skin_tone,0.070162,0.192175
👸,princess,0.070154,0.017464
🏋‍♀️,woman_lifting_weights,0.070048,0.226450
🦫,beaver,0.069891,-0.000951
🧎🏼,person_kneeling_medium-light_skin_tone,0.069854,0.112347
🧴,lotion_bottle,0.069764,0.017329
🧗🏼,person_climbing_medium-light_skin_tone,0.069719,0.083586
🛩️,small_airplane,0.069646,0.169208
🔐,locked_with_key,0.069623,0.002895
😍,smiling_face_with_heart-eyes,0.069582,-0.019347
🛢️,oil_drum,0.069471,0.065642
🚌,bus,0.069375,0.073502
🧒🏾,child_medium-dark_skin_tone,0.069350,0.014089
♻,recycling_symbol,0.069253,0.078243
📃,page_with_curl,0.069205,-0.009051
🦸🏼‍♂️,man_superhero_medium-light_skin_tone,0.069144,0.202508
🏄🏽,person_surfing_medium_skin_tone,0.069032,0.159177
🛡️,shield,0.068904,0.060309
🪘,long_drum,0.068891,0.012592
🔀,shuffle_tracks_button,0.068820,-0.090398
🏊🏽,person_swimming_medium_skin_tone,0.068806,0.118024
🛳,passenger_ship,0.068786,0.050487
🩵,light_blue_heart,0.068753,-0.007004
📘,blue_book,0.068736,0.028423
😜,winking_face_with_tongue,0.068687,0.065911
🏄🏻,person_surfing_light_skin_tone,0.068674,0.183061
🫯,fight_cloud,0.068673,-0.023789
🤏🏼,pinching_hand_medium-light_skin_tone,0.068646,0.026852
🫴🏼,palm_up_hand_medium-light_skin_tone,0.068593,0.123784
🌧,cloud_with_rain,0.068487,0.129609
🤹🏾‍♂️,man_juggling_medium-dark_skin_tone,0.068416,0.126052
🙂‍↕,head_shaking_vertically,0.068133,0.085027
🧚🏻‍♀,woman_fairy_light_skin_tone,0.067997,0.237725
🧓🏼,older_person_medium-light_skin_tone,0.067959,0.013428
🔂,repeat_single_button,0.067887,-0.068554
👊,oncoming_fist,0.067867,-0.029368
🦵,leg,0.067853,0.025500
🩻,x-ray,0.067731,-0.036452
💬,speech_balloon,0.067604,0.001858
🕗,eight_o’clock,0.067585,-0.001691
🧝‍♂️,man_elf,0.067578,0.207593
🕑,two_o’clock,0.067514,0.001086
🚈,light_rail,0.067463,-0.001086
📒,ledger,0.067409,-0.003255
🤼,people_wrestling,0.067348,0.000400
🏄🏼,person_surfing_medium-light_skin_tone,0.067274,0.205315
🚵🏻,person_mountain_biking_light_skin_tone,0.067265,0.045538
✋🏽,raised_hand_medium_skin_tone,0.067169,-0.046308
🔍,magnifying_glass_tilted_left,0.067138,-0.011181
🚙,sport_utility_vehicle,0.067087,0.072714
🪺,nest_with_eggs,0.067040,0.021302
👿,angry_face_with_horns,0.067031,-0.004840
🏀,basketball,0.067026,0.215479
🏅,sports_medal,0.067008,0.047071
🏆,trophy,0.066892,0.057194
🧑‍🎄,Mx_Claus,0.066855,0.188494
🧝‍♀️,woman_elf,0.066826,0.214571
🥏,flying_disc,0.066814,0.136619
🦹🏽‍♀️,woman_supervillain_medium_skin_tone,0.066711,0.160132
🏎️,racing_car,0.066707,0.166455
🩸,drop_of_blood,0.066687,-0.061770
🧑🏽‍🚀,astronaut_medium_skin_tone,0.066675,0.187152
🧜🏽‍♂️,merman_medium_skin_tone,0.066623,0.230551
🕵🏽‍♂️,man_detective_medium_skin_tone,0.066604,0.158042
🦸🏼‍♀️,woman_superhero_medium-light_skin_tone,0.066501,0.201702
🦸🏽‍♀️,woman_superhero_medium_skin_tone,0.066491,0.194950
🦘,kangaroo,0.066477,-0.032515
😿,crying_cat,0.066462,0.028707
💁‍♀,woman_tipping_hand,0.066452,-0.069136
👯🏼,people_with_bunny_ears_medium-light_skin_tone,0.066452,0.042010
🥷🏼,ninja_medium-light_skin_tone,0.066344,0.021089
🛺,auto_rickshaw,0.066231,-0.002110
💁🏻‍♂️,man_tipping_hand_light_skin_tone,0.066142,0.037423
👯🏽,people_with_bunny_ears_medium_skin_tone,0.066069,0.012830
🙇🏼,person_bowing_medium-light_skin_tone,0.066046,0.030810
🇯🇵,Japan,0.065979,0.197797
🔋,battery,0.065836,0.070883
🤽🏻‍♀️,woman_playing_water_polo_light_skin_tone,0.065784,0.204575
⚛,atom_symbol,0.065763,0.006976
☔,umbrella_with_rain_drops,0.065751,0.106578
⌚,watch,0.065607,-0.036182
🫈,hairy_creature,0.065558,-0.035187
🦸🏻‍♂,man_superhero_light_skin_tone,0.065521,0.149585
🫡,saluting_face,0.065510,0.026188
🚵🏼,person_mountain_biking_medium-light_skin_tone,0.065459,0.046004
🤰🏻,pregnant_woman_light_skin_tone,0.065398,0.135366
🥎,softball,0.065378,0.087706
⚾,baseball,0.065356,0.154782
🛅,left_luggage,0.065094,-0.015295
📆,tear-off_calendar,0.065019,0.031970
🛒,shopping_cart,0.065004,0.036774
🌆,cityscape_at_dusk,0.064997,0.052455
🔎,magnifying_glass_tilted_right,0.064981,-0.044470
⭐,star,0.064889,0.001559
💳,credit_card,0.064779,0.044208
🧑🏾‍🎄,Mx_Claus_medium-dark_skin_tone,0.064742,0.146368
🎷,saxophone,0.064499,0.027150
🖼️,framed_picture,0.064411,0.085926
🗾,map_of_Japan,0.064345,0.009137
🤽🏻‍♂️,man_playing_water_polo_light_skin_tone,0.064270,0.205821
🔣,input_symbols,0.064238,-0.030914
📊,bar_chart,0.064232,0.094589
🏇,horse_racing,0.064205,0.122380
🔱,trident_emblem,0.064191,-0.037343
📦,package,0.064067,0.026014
🚞,mountain_railway,0.064019,0.081362
🥹,face_holding_back_tears,0.064007,0.123956
🏄🏾,person_surfing_medium-dark_skin_tone,0.063953,0.092044
🪣,bucket,0.063743,0.006071
📅,calendar,0.063689,0.054030
🍸,cocktail_glass,0.063585,0.080428
👳🏼,person_wearing_turban_medium-light_skin_tone,0.063577,0.030882
✊🏼,raised_fist_medium-light_skin_tone,0.063560,-0.006170
✋🏻,raised_hand_light_skin_tone,0.063511,-0.047412
🛣️,motorway,0.063414,0.070826
🤑,money-mouth_face,0.063396,-0.111621
🧑🏽‍🎄,Mx_Claus_medium_skin_tone,0.063363,0.204761
🎛️,control_knobs,0.063303,-0.005808
🦸🏾‍♀️,woman_superhero_medium-dark_skin_tone,0.063237,0.162830
🧑🏼‍🎄,Mx_Claus_medium-light_skin_tone,0.063108,0.213274
🤹‍♀️,woman_juggling,0.063044,0.170546
👨‍🚀,man_astronaut,0.062979,0.130729
🖱️,computer_mouse,0.062962,0.073338
🤵🏻,person_in_tuxedo_light_skin_tone,0.062918,-0.022836
🖲️,trackball,0.062672,0.004959
🧙‍♂️,man_mage,0.062653,0.202663
🧓🏽,older_person_medium_skin_tone,0.062415,-0.031352
😃,grinning_face_with_big_eyes,0.062380,0.164068
🤰🏾,pregnant_woman_medium-dark_skin_tone,0.062337,0.049877
💣,bomb,0.062337,-0.104192
🤴🏻,prince_light_skin_tone,0.062331,-0.047172
🧛🏻‍♂️,man_vampire_light_skin_tone,0.062297,0.196750
🧑🏻‍🚒,firefighter_light_skin_tone,0.062278,0.246084
💸,money_with_wings,0.062242,0.010291
🤱🏽,breast-feeding_medium_skin_tone,0.062177,0.168504
🫶🏽,heart_hands_medium_skin_tone,0.061935,0.158179
🏂,snowboarder,0.061900,0.168660
🫲🏼,leftwards_hand_medium-light_skin_tone,0.061886,0.170336
🤹🏽‍♀️,woman_juggling_medium_skin_tone,0.061886,0.181338
🤱🏼,breast-feeding_medium-light_skin_tone,0.061826,0.183220
🥵,hot_face,0.061796,0.091639
🥳,partying_face,0.061741,0.087285
🤏🏽,pinching_hand_medium_skin_tone,0.061687,-0.001393
🧗🏽,person_climbing_medium_skin_tone,0.061674,0.013883
🛰,satellite,0.061613,0.029655
🗿,moai,0.061526,0.015167
👹,ogre,0.061510,0.068342
🧙‍♀️,woman_mage,0.061487,0.211619
🛴,kick_scooter,0.061441,0.047663
😹,cat_with_tears_of_joy,0.061337,0.121540
🗃️,card_file_box,0.061234,0.031165
🛠,hammer_and_wrench,0.061135,0.023050
🏇🏻,horse_racing_light_skin_tone,0.060977,0.068393
📖,open_book,0.060720,0.048264
🤙🏾,call_me_hand_medium-dark_skin_tone,0.060648,-0.040555
🗂,card_index_dividers,0.060555,0.033693
🔯,dotted_six-pointed_star,0.060517,-0.056196
🏊,person_swimming,0.060242,0.064786
🫢,face_with_open_eyes_and_hand_over_mouth,0.060221,0.028840
🧛,vampire,0.060204,0.064120
✊,raised_fist,0.060073,-0.047842
🫵🏽,index_pointing_at_the_viewer_medium_skin_tone,0.059936,0.048444
📺,television,0.059934,0.017400
🕵🏾‍♂️,man_detective_medium-dark_skin_tone,0.059852,0.116273
🏘️,houses,0.059768,0.063376
🧤,gloves,0.059724,-0.027244
🛷,sled,0.059720,0.004962
👳,person_wearing_turban,0.059696,-0.029179
🛥️,motor_boat,0.059672,0.094535
🚳,no_bicycles,0.059479,0.073124
🤹‍♂️,man_juggling,0.059432,0.150990
🕵🏾‍♀️,woman_detective_medium-dark_skin_tone,0.059382,0.112598
🥿,flat_shoe,0.059230,0.102059
🎞,film_frames,0.059183,-0.000101
🗂️,card_index_dividers,0.059178,0.066569
🫱🏻,rightwards_hand_light_skin_tone,0.059084,0.048393
👂🏼,ear_medium-light_skin_tone,0.059047,-0.090414
🪟,window,0.059047,0.023425
🏞️,national_park,0.058938,0.076173
✈️,airplane,0.058801,0.126360
🧓,older_person,0.058763,-0.043497
🫰🏼,hand_with_index_finger_and_thumb_crossed_medium-light_skin_tone,0.058734,0.152314
👁️,eye,0.058713,-0.054404
🔭,telescope,0.058554,-0.013425
🦶🏾,foot_medium-dark_skin_tone,0.058553,-0.043671
👚,woman’s_clothes,0.058527,0.008066
🏇🏼,horse_racing_medium-light_skin_tone,0.058443,0.101486
⚒,hammer_and_pick,0.058411,-0.004449
💁🏼‍♂️,man_tipping_hand_medium-light_skin_tone,0.058391,0.060083
⛹🏻,person_bouncing_ball_light_skin_tone,0.058390,0.001762
🧘🏻‍♀️,woman_in_lotus_position_light_skin_tone,0.058376,0.244625
🫲🏽,leftwards_hand_medium_skin_tone,0.058305,0.137507
🥷,ninja,0.058270,-0.024650
📔,notebook_with_decorative_cover,0.058255,-0.028430
🧝🏾‍♀️,woman_elf_medium-dark_skin_tone,0.058225,0.193959
📈,chart_increasing,0.058220,0.109521
🤾🏾,person_playing_handball_medium-dark_skin_tone,0.058093,-0.016250
🧓🏾,older_person_medium-dark_skin_tone,0.058057,-0.055832
📼,videocassette,0.058042,0.003942
🎙️,studio_microphone,0.057987,0.005128
🧛🏻‍♀️,woman_vampire_light_skin_tone,0.057858,0.190663
🚰,potable_water,0.057850,-0.017588
🖖,vulcan_salute,0.057779,-0.022035
🚽,toilet,0.057692,0.121906
🧎🏽,person_kneeling_medium_skin_tone,0.057686,0.047263
🐿️,chipmunk,0.057616,0.008763
🤼🏾,people_wrestling_medium-dark_skin_tone,0.057468,-0.036714
🛡,shield,0.057445,-0.020733
👂🏻,ear_light_skin_tone,0.057442,-0.091668
📽,film_projector,0.057339,0.048085
🚁,helicopter,0.057313,-0.030881
🪼,jellyfish,0.057270,-0.005118
🏋‍♂️,man_lifting_weights,0.057144,0.205517
⚙,gear,0.057125,0.061543
🏂🏼,snowboarder_medium-light_skin_tone,0.057102,0.090587
🏒,ice_hockey,0.057059,0.168371
🤾,person_playing_handball,0.057045,-0.014529
🧚🏻‍♂,man_fairy_light_skin_tone,0.057042,0.222048
🖨️,printer,0.056960,0.100176
🚎,trolleybus,0.056809,0.014375
🧏🏾,deaf_person_medium-dark_skin_tone,0.056796,-0.013775
🏯,Japanese_castle,0.056784,0.038092
🤷🏻,person_shrugging_light_skin_tone,0.056659,0.106837
🔒,locked,0.056649,0.028005
✒️,black_nib,0.056640,0.094528
🟡,yellow_circle,0.056603,-0.067276
🌃,night_with_stars,0.056565,-0.037349
🛬,airplane_arrival,0.056551,0.007099
🫁,lungs,0.056455,0.008301
🕵🏻‍♀,woman_detective_light_skin_tone,0.056424,0.157679
🚆,train,0.056369,0.101222
🦱,curly_hair,0.056270,-0.062504
👓,glasses,0.056210,-0.090511
🦪,oyster,0.056209,0.029857
🪈,flute,0.056204,-0.018611
📇,card_index,0.056152,0.007940
🤙,call_me_hand,0.056128,-0.019461
🕶️,sunglasses,0.056100,-0.078053
🎌,crossed_flags,0.055998,-0.047424
🔏,locked_with_pen,0.055955,-0.058566
🖕🏾,middle_finger_medium-dark_skin_tone,0.055937,0.008422
🚣,person_rowing_boat,0.055881,0.016264
🌥️,sun_behind_large_cloud,0.055703,0.191089
🙇🏾,person_bowing_medium-dark_skin_tone,0.055692,-0.074115
💭,thought_balloon,0.055687,-0.097932
📝,memo,0.055673,-0.022996
🤰,pregnant_woman,0.055644,0.066988
✳️,eight-spoked_asterisk,0.055565,-0.057761
✍🏾,writing_hand_medium-dark_skin_tone,0.055555,-0.109986
🚱,non-potable_water,0.055528,0.013559
💁🏽‍♀,woman_tipping_hand_medium_skin_tone,0.055514,-0.001364
🧜🏻‍♀,mermaid_light_skin_tone,0.055511,0.235213
🏊🏼,person_swimming_medium-light_skin_tone,0.055504,0.156961
👳🏽,person_wearing_turban_medium_skin_tone,0.055501,0.017964
🚧,construction,0.055474,0.058766
🪠,plunger,0.055411,-0.048347
🏚️,derelict_house,0.055365,0.020896
🛀,person_taking_bath,0.055316,-0.054209
🧜‍♀️,mermaid,0.055310,0.226122
🏂🏻,snowboarder_light_skin_tone,0.055174,0.087450
🦹‍♀,woman_supervillain,0.055050,0.067162
🧜🏼‍♀,mermaid_medium-light_skin_tone,0.054902,0.223687
💀,skull,0.054855,-0.093207
🔉,speaker_medium_volume,0.054824,-0.044291
🕕,six_o’clock,0.054816,-0.038739
🌬,wind_face,0.054769,0.005025
👞,man’s_shoe,0.054614,-0.026962
🤱🏾,breast-feeding_medium-dark_skin_tone,0.054559,0.149405
🟠,orange_circle,0.054538,-0.005163
🫲,leftwards_hand,0.054390,0.122656
👩‍❤‍💋‍👩,kiss_woman_woman,0.054343,0.043400
👕,t-shirt,0.054300,-0.030872
🎓,graduation_cap,0.054298,0.043020
🫴🏾,palm_up_hand_medium-dark_skin_tone,0.054174,0.005600
🤏,pinching_hand,0.054166,0.014178
🔺,red_triangle_pointed_up,0.054131,-0.057873
❤‍🩹,mending_heart,0.054118,0.167109
💁🏾‍♀,woman_tipping_hand_medium-dark_skin_tone,0.054084,-0.053819
♟️,chess_pawn,0.053842,0.162175
🗳️,ballot_box_with_ballot,0.053831,0.057815
💷,pound_banknote,0.053764,-0.069004
🦸‍♂,man_superhero,0.053724,0.131764
🤹🏽‍♂️,man_juggling_medium_skin_tone,0.053663,0.159467
🖱,computer_mouse,0.053550,0.015217
🫤,face_with_diagonal_mouth,0.053429,-0.029939
♾️,infinity,0.053423,0.084426
🏃🏻,person_running_light_skin_tone,0.053382,0.080617
🏷️,label,0.053177,-0.014107
✍🏼,writing_hand_medium-light_skin_tone,0.053146,0.080604
⚽,soccer_ball,0.053113,0.185106
✍,writing_hand,0.053111,0.011258
👱,person_blond_hair,0.052972,-0.055523
👺,goblin,0.052801,0.012820
💶,euro_banknote,0.052796,-0.099501
🕵🏼‍♀️,woman_detective_medium-light_skin_tone,0.052671,0.190468
🖥️,desktop_computer,0.052629,0.124374
🛼,roller_skate,0.052599,-0.030086
🏃🏼,person_running_medium-light_skin_tone,0.052543,0.102135
🧝🏾‍♂️,man_elf_medium-dark_skin_tone,0.052502,0.187555
📑,bookmark_tabs,0.052465,-0.027979
📏,straight_ruler,0.052416,-0.013845
🚇,metro,0.052336,0.042992
😴,sleeping_face,0.052220,0.146992
🗝️,old_key,0.052188,-0.073153
📓,notebook,0.052069,-0.016811
🗼,Tokyo_tower,0.052040,0.020818
✡️,star_of_David,0.051976,-0.115911
🖕,middle_finger,0.051906,0.049870
🌫,fog,0.051834,0.003277
☯,yin_yang,0.051769,-0.080607
📹,video_camera,0.051670,-0.032548
🏋,person_lifting_weights,0.051440,0.099086
🏈,american_football,0.051411,0.185949
🕵️‍♂,man_detective,0.051240,0.160362
🧛🏻‍♂,man_vampire_light_skin_tone,0.051222,0.192960
🚣🏾,person_rowing_boat_medium-dark_skin_tone,0.051169,-0.005083
⛷️,skier,0.051163,0.029186
🖼,framed_picture,0.051162,0.005834
🪚,carpentry_saw,0.051159,-0.034355
🏬,department_store,0.051118,-0.000358
🤯,exploding_head,0.051089,0.042028
🛜,wireless,0.051041,-0.052615
🚗,automobile,0.050991,0.163413
🧚🏾‍♀,woman_fairy_medium-dark_skin_tone,0.050982,0.186291
🏿,dark_skin_tone,0.050819,-0.006292
👫🏻,woman_and_man_holding_hands_light_skin_tone,0.050769,0.022863
⛽,fuel_pump,0.050730,0.058508
🦸🏻‍♀,woman_superhero_light_skin_tone,0.050719,0.124462
🏭,factory,0.050669,0.002392
🔓,unlocked,0.050579,-0.064026
🧘🏻‍♂️,man_in_lotus_position_light_skin_tone,0.050498,0.232993
🚐,minibus,0.050484,-0.051536
🧕🏾,woman_with_headscarf_medium-dark_skin_tone,0.050430,-0.037684
🤷🏾,person_shrugging_medium-dark_skin_tone,0.050306,0.086717
🧗,person_climbing,0.050288,-0.010185
🫅🏼,person_with_crown_medium-light_skin_tone,0.050283,0.035664
🕵🏼‍♂️,man_detective_medium-light_skin_tone,0.050147,0.185607
🗒,spiral_notepad,0.050134,0.000077
🦌,deer,0.050118,-0.028206
🤵,person_in_tuxedo,0.050091,-0.072395
🚾,water_closet,0.049957,-0.009808
🛖,hut,0.049941,-0.018104
ℹ,information,0.049915,-0.024658
🔟,keycap_10,0.049813,0.048544
🪗,accordion,0.049718,-0.021575
☘,shamrock,0.049641,0.060750
🛕,hindu_temple,0.049576,0.009529
🎠,carousel_horse,0.049362,-0.049366
🤹🏻‍♀,woman_juggling_light_skin_tone,0.049333,0.144783
6⃣,keycap_6,0.049219,-0.028654
🥸,disguised_face,0.049218,-0.031037
🫲🏾,leftwards_hand_medium-dark_skin_tone,0.049153,0.073568
🩺,stethoscope,0.049137,0.068203
⚱️,funeral_urn,0.049119,-0.041861
🐕‍🦺,service_dog,0.049111,0.241818
⚔️,crossed_swords,0.049108,-0.033402
❤️‍🩹,mending_heart,0.049077,0.194178
🧑🏾‍🚒,firefighter_medium-dark_skin_tone,0.048971,0.177987
📟,pager,0.048872,-0.046376
🪀,yo-yo,0.048864,-0.022103
🦻🏾,ear_with_hearing_aid_medium-dark_skin_tone,0.048843,-0.096981
🏌🏽,person_golfing_medium_skin_tone,0.048813,0.129353
🐜,ant,0.048723,0.020079
🫄🏾,pregnant_person_medium-dark_skin_tone,0.048696,-0.052571
👂🏽,ear_medium_skin_tone,0.048611,-0.117800
📱,mobile_phone,0.048566,0.106089
😷,face_with_medical_mask,0.048481,-0.041802
👡,woman’s_sandal,0.048413,-0.072273
🤷,person_shrugging,0.048316,0.050899
🧘‍♀️,woman_in_lotus_position,0.048287,0.230293
🧚‍♀,woman_fairy,0.048279,0.227464
🪪,identification_card,0.048129,-0.074658
🧑🏼‍🚒,firefighter_medium-light_skin_tone,0.048121,0.227566
🗞️,rolled-up_newspaper,0.048064,0.015597
✍️,writing_hand,0.048024,0.092404
🪥,toothbrush,0.047946,0.002475
🏋🏼‍♀,woman_lifting_weights_medium-light_skin_tone,0.047804,0.182577
🧑🏽‍🚒,firefighter_medium_skin_tone,0.047767,0.222496
🤱,breast-feeding,0.047759,0.138573
🚛,articulated_lorry,0.047701,0.151745
🏛️,classical_building,0.047654,0.053322
⚖️,balance_scale,0.047612,0.050721
⛈,cloud_with_lightning_and_rain,0.047581,0.012925
👩‍❤️‍💋‍👩,kiss_woman_woman,0.047524,0.051120
👩‍✈️,woman_pilot,0.047485,0.178187
🧿,nazar_amulet,0.047481,-0.091505
🫓,flatbread,0.047472,-0.057385
👷🏻,construction_worker_light_skin_tone,0.047438,0.103474
🕵🏻‍♂,man_detective_light_skin_tone,0.047433,0.157176
🧏,deaf_person,0.047419,-0.022476
🛏,bed,0.047348,0.027781
🧌,troll,0.047077,-0.111636
🤽🏽‍♀️,woman_playing_water_polo_medium_skin_tone,0.047030,0.172119
🙆🏻,person_gesturing_OK_light_skin_tone,0.047000,0.008926
🛹,skateboard,0.046934,-0.031342
🧚🏽‍♀,woman_fairy_medium_skin_tone,0.046785,0.227378
🌡,thermometer,0.046701,0.027983
🤽🏽‍♂️,man_playing_water_polo_medium_skin_tone,0.046624,0.179961
💁‍♂,man_tipping_hand,0.046477,-0.065596
🙇,person_bowing,0.046462,-0.093483
🧘🏽‍♀️,woman_in_lotus_position_medium_skin_tone,0.046455,0.226018
🫃🏽,pregnant_man_medium_skin_tone,0.046415,-0.006545
🧝🏻‍♀,woman_elf_light_skin_tone,0.046378,0.225770
🧏🏻‍♂️,deaf_man_light_skin_tone,0.046298,0.214578
🥱,yawning_face,0.046298,0.079252
🪒,razor,0.046289,-0.022811
💁🏻‍♀,woman_tipping_hand_light_skin_tone,0.046213,-0.044665
🔵,blue_circle,0.046132,-0.087940
🇮🇹,Italy,0.046106,0.174638
🖥,desktop_computer,0.046089,0.085040
🪖,military_helmet,0.046063,-0.012781
🦹‍♂,man_supervillain,0.045962,0.050459
🕴,person_in_suit_levitating,0.045609,-0.088101
😙,kissing_face_with_smiling_eyes,0.045588,-0.045132
🧘🏾‍♀️,woman_in_lotus_position_medium-dark_skin_tone,0.045578,0.200842
🤜,right-facing_fist,0.045485,0.006643
🥩,cut_of_meat,0.045447,0.078690
🕵️‍♀,woman_detective,0.045414,0.169263
🚚,delivery_truck,0.045259,0.113583
🦹🏼‍♀,woman_supervillain_medium-light_skin_tone,0.045208,0.080316
🗺️,world_map,0.045173,-0.013292
🧚🏼‍♀,woman_fairy_medium-light_skin_tone,0.045157,0.228161
🛩,small_airplane,0.045146,0.090038
🤿,diving_mask,0.045146,-0.043852
📋,clipboard,0.045121,-0.040621
🧏🏼‍♂️,deaf_man_medium-light_skin_tone,0.045094,0.154636
🤽🏾‍♂️,man_playing_water_polo_medium-dark_skin_tone,0.045039,0.126416
🏖,beach_with_umbrella,0.044967,0.017006
🤹🏻‍♂,man_juggling_light_skin_tone,0.044826,0.151350
🚴🏻‍♀️,woman_biking_light_skin_tone,0.044816,0.211468
🖖🏽,vulcan_salute_medium_skin_tone,0.044772,-0.049954
🏟️,stadium,0.044705,0.073568
🕴🏾,person_in_suit_levitating_medium-dark_skin_tone,0.044693,-0.110692
👩🏿‍❤‍💋‍👩🏻,kiss_woman_woman_dark_skin_tone_light_skin_tone,0.044605,0.005031
🧘🏼‍♀️,woman_in_lotus_position_medium-light_skin_tone,0.044553,0.232080
4️⃣,keycap_4,0.044444,-0.120780
🕧,twelve-thirty,0.044318,-0.029701
5⃣,keycap_5,0.044281,-0.037510
🏏,cricket_game,0.044274,0.093958
🫱🏽,rightwards_hand_medium_skin_tone,0.044221,0.045893
🚴🏻‍♂️,man_biking_light_skin_tone,0.044156,0.202857
🧑‍🚒,firefighter,0.044114,0.214957
🇲🇾,Malaysia,0.044070,0.173064
⛹🏽,person_bouncing_ball_medium_skin_tone,0.044034,-0.049465
🤽🏼‍♀️,woman_playing_water_polo_medium-light_skin_tone,0.043967,0.185113
🧙🏼‍♀,woman_mage_medium-light_skin_tone,0.043947,0.204213
🧎🏼‍♂️,man_kneeling_medium-light_skin_tone,0.043809,0.171723
⛹️,person_bouncing_ball,0.043762,-0.016822
🤵🏼,person_in_tuxedo_medium-light_skin_tone,0.043625,-0.059066
🖲,trackball,0.043577,-0.052662
🗄️,file_cabinet,0.043559,-0.043272
🧷,safety_pin,0.043415,-0.056003
🪳,cockroach,0.043338,-0.023644
🤫,shushing_face,0.043297,-0.110081
🧜‍♂️,merman,0.043108,0.206476
⏰,alarm_clock,0.043087,0.033664
➕,plus,0.043068,-0.019970
🔲,black_square_button,0.043051,-0.108028
🤴🏼,prince_medium-light_skin_tone,0.043011,-0.050858
👯🏾,people_with_bunny_ears_medium-dark_skin_tone,0.043005,-0.026353
🤽🏾‍♀️,woman_playing_water_polo_medium-dark_skin_tone,0.042984,0.089384
🚴‍♀️,woman_biking,0.042963,0.204500
🧙🏻‍♀,woman_mage_light_skin_tone,0.042952,0.201563
👯,people_with_bunny_ears,0.042937,-0.036798
🫵🏾,index_pointing_at_the_viewer_medium-dark_skin_tone,0.042926,-0.025668
🥶,cold_face,0.042924,0.094018
🌑,new_moon,0.042894,-0.022264
🌪,tornado,0.042788,0.087008
🥀,wilted_flower,0.042710,0.009053
🖐,hand_with_fingers_splayed,0.042709,-0.091433
🧜🏾‍♀,mermaid_medium-dark_skin_tone,0.042705,0.164320
🧙🏻‍♂,man_mage_light_skin_tone,0.042648,0.205555
🏋🏻‍♀,woman_lifting_weights_light_skin_tone,0.042644,0.187016
🧔🏻,person_light_skin_tone_beard,0.042584,-0.064911
3️⃣,keycap_3,0.042370,-0.112167
🪅,piñata,0.042331,-0.013826
🧎,person_kneeling,0.042201,-0.002067
🛞,wheel,0.042175,-0.043222
🥯,bagel,0.042121,-0.006312
🤽🏼‍♂️,man_playing_water_polo_medium-light_skin_tone,0.042118,0.189262
🔖,bookmark,0.042061,-0.066956
🇳🇴,Norway,0.042026,0.169349
0️⃣,keycap_0,0.041992,-0.110398
🇫🇮,Finland,0.041986,0.168424
☝🏾,index_pointing_up_medium-dark_skin_tone,0.041941,-0.109408
✋,raised_hand,0.041869,-0.119485
📧,e-mail,0.041837,-0.028061
🗳,ballot_box_with_ballot,0.041723,-0.011964
📯,postal_horn,0.041643,-0.085961
👮🏻,police_officer_light_skin_tone,0.041569,-0.059719
🇳🇱,Netherlands,0.041563,0.163997
🚶🏻,person_walking_light_skin_tone,0.041557,-0.019257
👫🏼,woman_and_man_holding_hands_medium-light_skin_tone,0.041479,0.015271
🕙,ten_o’clock,0.041469,0.060426
🇨🇦,Canada,0.041444,0.172133
📄,page_facing_up,0.041424,-0.026634
🏗️,building_construction,0.041397,-0.025910
🐽,pig_nose,0.041360,-0.036269
💁🏾‍♂,man_tipping_hand_medium-dark_skin_tone,0.041349,-0.051730
👷,construction_worker,0.041345,-0.011921
🏇🏽,horse_racing_medium_skin_tone,0.041255,0.008122
🛗,elevator,0.041219,-0.026433
🤸🏻‍♂️,man_cartwheeling_light_skin_tone,0.041191,0.166331
⚖,balance_scale,0.041119,0.010996
🧝🏻‍♂,man_elf_light_skin_tone,0.041112,0.222033
📂,open_file_folder,0.041037,0.042899
🎖️,military_medal,0.041014,0.034426
🚣🏻‍♂️,man_rowing_boat_light_skin_tone,0.041003,0.169234
🦮,guide_dog,0.040994,-0.077633
🤸🏽‍♂️,man_cartwheeling_medium_skin_tone,0.040912,0.171160
🫅,person_with_crown,0.040881,0.004014
🚶🏼,person_walking_medium-light_skin_tone,0.040795,0.021492
🧯,fire_extinguisher,0.040694,-0.088893
🧎🏾,person_kneeling_medium-dark_skin_tone,0.040610,-0.019913
🛤️,railway_track,0.040461,-0.001311
🏃🏽,person_running_medium_skin_tone,0.040407,0.044398
🦯,white_cane,0.040386,-0.086552
🤸🏼‍♂️,man_cartwheeling_medium-light_skin_tone,0.040380,0.178742
🚘,oncoming_automobile,0.040335,0.136849
⛓,chains,0.040264,-0.032510
👳🏾,person_wearing_turban_medium-dark_skin_tone,0.040254,-0.041798
🎍,pine_decoration,0.040248,-0.049397
📁,file_folder,0.040228,0.023633
💴,yen_banknote,0.040169,-0.091014
⛓️‍💥,broken_chain,0.040135,-0.007576
🚣‍♀️,woman_rowing_boat,0.040083,0.170938
🚣🏻‍♀️,woman_rowing_boat_light_skin_tone,0.040005,0.179776
🪜,ladder,0.039997,-0.008440
🧗🏾,person_climbing_medium-dark_skin_tone,0.039800,-0.035531
🔴,red_circle,0.039779,-0.059822
🏜️,desert,0.039763,0.162846
🤷🏽,person_shrugging_medium_skin_tone,0.039663,0.093692
☯️,yin_yang,0.039609,-0.046810
👮‍♀️,woman_police_officer,0.039585,0.126788
🧎🏼‍♀️,woman_kneeling_medium-light_skin_tone,0.039559,0.159904
🚦,vertical_traffic_light,0.039544,-0.003517
😏,smirking_face,0.039542,-0.114791
🚴‍♂️,man_biking,0.039509,0.185696
🏋️‍♀,woman_lifting_weights,0.039488,0.199195
🧞‍♂️,man_genie,0.039477,0.179124
🦹🏼‍♂,man_supervillain_medium-light_skin_tone,0.039445,0.082437
🏑,field_hockey,0.039377,-0.004758
🧙🏼‍♂,man_mage_medium-light_skin_tone,0.039323,0.194832
👂,ear,0.039270,-0.126578
👱🏾,person_medium-dark_skin_tone_blond_hair,0.039174,-0.079722
🖨,printer,0.039141,0.015691
🕐,one_o’clock,0.039106,-0.066073
👩🏿‍❤️‍💋‍👩🏻,kiss_woman_woman_dark_skin_tone_light_skin_tone,0.039039,0.013122
🇪🇸,Spain,0.038986,0.168050
🇩🇰,Denmark,0.038903,0.159652
🧟,zombie,0.038874,0.002350
📩,envelope_with_arrow,0.038864,-0.060256
👨🏻‍🚀,man_astronaut_light_skin_tone,0.038828,0.183071
🃏,joker,0.038818,-0.003993
✡,star_of_David,0.038710,-0.122393
👁‍🗨️,eye_in_speech_bubble,0.038703,-0.072129
🤐,zipper-mouth_face,0.038693,-0.100887
🏂🏾,snowboarder_medium-dark_skin_tone,0.038669,0.015241
🤓,nerd_face,0.038527,-0.062599
👩🏻‍❤‍💋‍👩🏼,kiss_woman_woman_light_skin_tone_medium-light_skin_tone,0.038438,0.099710
🧎🏻‍♂️,man_kneeling_light_skin_tone,0.038432,0.180424
👩🏿‍❤‍💋‍👩🏼,kiss_woman_woman_dark_skin_tone_medium-light_skin_tone,0.038431,0.009899
👩🏻‍❤‍💋‍👩🏻,kiss_woman_woman_light_skin_tone,0.038403,0.090466
🤸🏽‍♀️,woman_cartwheeling_medium_skin_tone,0.038401,0.168842
🕌,mosque,0.038343,-0.052401
🇸🇪,Sweden,0.038265,0.157027
💼,briefcase,0.038214,0.066303
🎑,moon_viewing_ceremony,0.038182,-0.082429
✊🏾,raised_fist_medium-dark_skin_tone,0.038149,-0.120017
🙇🏻‍♀️,woman_bowing_light_skin_tone,0.038099,0.063733
🕉,om,0.038066,-0.103966
🇨🇴,Colombia,0.037863,0.163618
👒,woman’s_hat,0.037858,-0.101552
🚴🏼‍♂️,man_biking_medium-light_skin_tone,0.037718,0.199381
🤏🏾,pinching_hand_medium-dark_skin_tone,0.037690,-0.058076
🧝🏼‍♀,woman_elf_medium-light_skin_tone,0.037675,0.209139
ℹ️,information,0.037637,-0.021636
🎏,carp_streamer,0.037631,-0.043154
🌦,sun_behind_rain_cloud,0.037629,0.073364
🚴🏼‍♀️,woman_biking_medium-light_skin_tone,0.037599,0.204666
🪕,banjo,0.037508,-0.032268
⚜️,fleur-de-lis,0.037451,-0.072058
🏋🏼‍♂,man_lifting_weights_medium-light_skin_tone,0.037440,0.169165
📞,telephone_receiver,0.037352,-0.052532
🤷🏼,person_shrugging_medium-light_skin_tone,0.037321,0.115896
👨‍❤‍💋‍👨,kiss_man_man,0.037312,0.040866
💺,seat,0.037267,-0.133225
🧞‍♀️,woman_genie,0.037260,0.184025
👴🏻,old_man_light_skin_tone,0.037169,0.003064
🏄🏻‍♂️,man_surfing_light_skin_tone,0.037088,0.190992
✳,eight-spoked_asterisk,0.037063,-0.094056
💆‍♀️,woman_getting_massage,0.037044,0.160236
🏋️‍♂,man_lifting_weights,0.037035,0.187599
🎙,studio_microphone,0.037009,-0.033193
🙆🏽,person_gesturing_OK_medium_skin_tone,0.036895,0.021799
🧑🏻‍🌾,farmer_light_skin_tone,0.036843,0.199906
🤸‍♂️,man_cartwheeling,0.036815,0.152114
🧝🏽‍♀,woman_elf_medium_skin_tone,0.036726,0.214061
🕠,five-thirty,0.036712,-0.099962
🖤,black_heart,0.036669,-0.087602
👯🏾‍♀️,women_with_bunny_ears_medium-dark_skin_tone,0.036668,0.119990
🏋🏽‍♀,woman_lifting_weights_medium_skin_tone,0.036668,0.172561
🚣🏼‍♀️,woman_rowing_boat_medium-light_skin_tone,0.036666,0.176967
📢,loudspeaker,0.036657,-0.098999
✏,pencil,0.036564,-0.053308
🇳🇿,New_Zealand,0.036483,0.174016
👨🏼‍🚀,man_astronaut_medium-light_skin_tone,0.036473,0.187623
🗃,card_file_box,0.036418,-0.030910
🦵🏾,leg_medium-dark_skin_tone,0.036316,-0.064646
✒,black_nib,0.036290,-0.074006
🏄,person_surfing,0.036261,0.026697
📰,newspaper,0.036223,-0.011659
🇲🇽,Mexico,0.036188,0.172527
👁️‍🗨️,eye_in_speech_bubble,0.036182,-0.013398
👩🏻‍❤️‍💋‍👩🏻,kiss_woman_woman_light_skin_tone,0.036163,0.085553
☝,index_pointing_up,0.036134,-0.107376
⛹🏼,person_bouncing_ball_medium-light_skin_tone,0.036097,-0.019356
🏇🏾,horse_racing_medium-dark_skin_tone,0.036072,-0.039030
🧘🏼‍♂️,man_in_lotus_position_medium-light_skin_tone,0.035995,0.220824
🧖🏾,person_in_steamy_room_medium-dark_skin_tone,0.035884,-0.064594
👩🏼‍🚀,woman_astronaut_medium-light_skin_tone,0.035791,0.194098
🧛🏼‍♂️,man_vampire_medium-light_skin_tone,0.035753,0.177715
🤧,sneezing_face,0.035714,-0.031514
🦸🏼‍♂,man_superhero_medium-light_skin_tone,0.035698,0.153959
🎖,military_medal,0.035595,-0.010089
🪉,harp,0.035553,-0.022032
👨🏻‍❤‍💋‍👨🏻,kiss_man_man_light_skin_tone,0.035443,0.089504
💵,dollar_banknote,0.035403,-0.000109
🙆,person_gesturing_OK,0.035394,-0.057849
💁🏼‍♀,woman_tipping_hand_medium-light_skin_tone,0.035367,-0.005917
🪤,mouse_trap,0.035362,-0.002183
👩🏻‍❤️‍💋‍👩🏼,kiss_woman_woman_light_skin_tone_medium-light_skin_tone,0.035361,0.091618
🪯,khanda,0.035352,-0.028695
🧛🏽‍♂️,man_vampire_medium_skin_tone,0.035305,0.177872
🇦🇹,Austria,0.035286,0.163853
🥷🏾,ninja_medium-dark_skin_tone,0.035234,-0.075639
🌥,sun_behind_large_cloud,0.035217,0.092966
🏄‍♂️,man_surfing,0.035120,0.176054
🧙🏽‍♀,woman_mage_medium_skin_tone,0.035089,0.198620
🤴🏽,prince_medium_skin_tone,0.035061,-0.076606
🏋🏻‍♂,man_lifting_weights_light_skin_tone,0.035027,0.179846
🧏🏻‍♀️,deaf_woman_light_skin_tone,0.035017,0.210090
🧑🏻‍✈️,pilot_light_skin_tone,0.034989,0.207248
💁🏻‍♂,man_tipping_hand_light_skin_tone,0.034981,-0.031120
🚣‍♂️,man_rowing_boat,0.034934,0.148946
😂,face_with_tears_of_joy,0.034827,0.064059
🧜🏼‍♂,merman_medium-light_skin_tone,0.034826,0.193618
🛟,ring_buoy,0.034818,-0.062441
🙇🏻‍♂️,man_bowing_light_skin_tone,0.034749,0.064744
🩶,grey_heart,0.034694,-0.083561
🤣,rolling_on_the_floor_laughing,0.034586,0.097722
🏝️,desert_island,0.034553,0.043923
🏄🏽‍♂️,man_surfing_medium_skin_tone,0.034528,0.184279
🧘🏽‍♂️,man_in_lotus_position_medium_skin_tone,0.034502,0.211249
🧗🏻‍♂️,man_climbing_light_skin_tone,0.034476,0.174373
🫱🏾,rightwards_hand_medium-dark_skin_tone,0.034369,-0.003876
🧛‍♂️,man_vampire,0.034279,0.146582
🛐,place_of_worship,0.034246,-0.088045
🕵,detective,0.034232,-0.046703
🛄,baggage_claim,0.034191,-0.064977
👩🏻‍🚀,woman_astronaut_light_skin_tone,0.034161,0.187676
🙆🏼,person_gesturing_OK_medium-light_skin_tone,0.034084,0.042028
👨‍❤️‍💋‍👨,kiss_man_man,0.034014,0.057447
🧛🏽‍♀️,woman_vampire_medium_skin_tone,0.034008,0.169356
♨,hot_springs,0.034002,-0.084956
💁🏽‍♂,man_tipping_hand_medium_skin_tone,0.033980,-0.004661
👇🏾,backhand_index_pointing_down_medium-dark_skin_tone,0.033954,-0.111425
👩🏻‍❤‍💋‍👩🏾,kiss_woman_woman_light_skin_tone_medium-dark_skin_tone,0.033948,0.076261
🫱,rightwards_hand,0.033882,-0.013739
🧏🏼‍♀️,deaf_woman_medium-light_skin_tone,0.033878,0.144667
😚,kissing_face_with_closed_eyes,0.033716,-0.074780
🎛,control_knobs,0.033603,-0.047938
🚠,mountain_cableway,0.033529,-0.099241
🚜,tractor,0.033395,0.110902
🤸🏾‍♂️,man_cartwheeling_medium-dark_skin_tone,0.033359,0.139913
㊙️,Japanese_secret_button,0.033303,-0.136018
🚣🏽‍♀️,woman_rowing_boat_medium_skin_tone,0.033265,0.169461
🧔🏼,person_medium-light_skin_tone_beard,0.033250,-0.046600
🖐🏾,hand_with_fingers_splayed_medium-dark_skin_tone,0.033230,-0.150385
👨🏻‍❤️‍💋‍👨🏻,kiss_man_man_light_skin_tone,0.033217,0.087653
🫅🏽,person_with_crown_medium_skin_tone,0.033199,-0.020561
☦️,orthodox_cross,0.033172,-0.055842
🎡,ferris_wheel,0.033045,-0.077766
🦸‍♀,woman_superhero,0.033019,0.103200
🚴🏽‍♂️,man_biking_medium_skin_tone,0.033008,0.185192
🧘‍♂️,man_in_lotus_position,0.033000,0.207241
👩🏿‍❤️‍💋‍👩🏼,kiss_woman_woman_dark_skin_tone_medium-light_skin_tone,0.032979,0.014518
🧑‍✈️,pilot,0.032941,0.188358
⛅,sun_behind_cloud,0.032854,-0.031068
👇🏻,backhand_index_pointing_down_light_skin_tone,0.032819,-0.110025
👇🏼,backhand_index_pointing_down_medium-light_skin_tone,0.032791,-0.101344
😘,face_blowing_a_kiss,0.032725,-0.073084
👩🏾‍❤‍💋‍👩🏻,kiss_woman_woman_medium-dark_skin_tone_light_skin_tone,0.032707,0.089746
🛘,landslide,0.032684,-0.041952
🚴🏽‍♀️,woman_biking_medium_skin_tone,0.032660,0.192643
🧛🏾‍♂️,man_vampire_medium-dark_skin_tone,0.032651,0.152144
🕵🏾,detective_medium-dark_skin_tone,0.032550,-0.072511
🇵🇭,Philippines,0.032479,0.164693
🧑🏻‍🍳,cook_light_skin_tone,0.032430,0.182165
🇨🇰,Cook_Islands,0.032408,0.153727
👮,police_officer,0.032377,-0.107923
🛀🏼,person_taking_bath_medium-light_skin_tone,0.032186,-0.078176
🧙🏽‍♂,man_mage_medium_skin_tone,0.032150,0.192455
🚯,no_littering,0.032131,-0.079597
🧜🏻‍♂,merman_light_skin_tone,0.032116,0.208841
🤸🏻‍♀️,woman_cartwheeling_light_skin_tone,0.032108,0.163805
🕝,two-thirty,0.032079,-0.075203
🤹🏼‍♀,woman_juggling_medium-light_skin_tone,0.032070,0.130224
📲,mobile_phone_with_arrow,0.032008,-0.031437
✋🏼,raised_hand_medium-light_skin_tone,0.031976,-0.075151
🩲,briefs,0.031866,-0.109836
🏋🏾‍♀,woman_lifting_weights_medium-dark_skin_tone,0.031826,0.138125
🫱🏼,rightwards_hand_medium-light_skin_tone,0.031820,0.093819
💆🏼‍♀️,woman_getting_massage_medium-light_skin_tone,0.031756,0.162954
👩🏿‍❤‍💋‍👩🏿,kiss_woman_woman_dark_skin_tone,0.031720,-0.034011
🚣🏽‍♂️,man_rowing_boat_medium_skin_tone,0.031703,0.157566
⏳,hourglass_not_done,0.031623,-0.036518
🚴🏾‍♂️,man_biking_medium-dark_skin_tone,0.031492,0.174140
🧚🏼‍♂,man_fairy_medium-light_skin_tone,0.031441,0.206968
🧖🏻‍♀️,woman_in_steamy_room_light_skin_tone,0.031424,0.217821
⏱️,stopwatch,0.031388,0.051199
⚕️,medical_symbol,0.031370,0.001407
🫱🏻‍🫲🏽,handshake_light_skin_tone_medium_skin_tone,0.031355,0.164357
🙇🏼‍♂️,man_bowing_medium-light_skin_tone,0.031308,0.097790
🧚🏽‍♂,man_fairy_medium_skin_tone,0.031195,0.205610
👯🏼‍♀️,women_with_bunny_ears_medium-light_skin_tone,0.031154,0.131966
🇨🇭,Switzerland,0.031150,0.156556
😆,grinning_squinting_face,0.031141,0.038296
👇,backhand_index_pointing_down,0.031040,-0.114585
🏋🏽‍♂,man_lifting_weights_medium_skin_tone,0.031026,0.157182
🏄🏼‍♂️,man_surfing_medium-light_skin_tone,0.030974,0.189251
👩🏻‍❤‍💋‍👩🏽,kiss_woman_woman_light_skin_tone_medium_skin_tone,0.030962,0.092132
💇🏾,person_getting_haircut_medium-dark_skin_tone,0.030923,-0.011739
🤺,person_fencing,0.030904,-0.059973
👩🏾‍❤️‍💋‍👩🏻,kiss_woman_woman_medium-dark_skin_tone_light_skin_tone,0.030865,0.098733
🤸🏼‍♀️,woman_cartwheeling_medium-light_skin_tone,0.030855,0.170962
🚣🏼‍♂️,man_rowing_boat_medium-light_skin_tone,0.030833,0.167769
🇸🇰,Slovakia,0.030664,0.146603
🕚,eleven_o’clock,0.030642,-0.055534
👐🏻,open_hands_light_skin_tone,0.030623,-0.074810
👨🏻‍❤️‍💋‍👨🏼,kiss_man_man_light_skin_tone_medium-light_skin_tone,0.030588,0.093093
🙋🏻‍♀️,woman_raising_hand_light_skin_tone,0.030522,0.001455
🚣🏾‍♀️,woman_rowing_boat_medium-dark_skin_tone,0.030433,0.135800
🩴,thong_sandal,0.030402,-0.104728
🙆🏻‍♂️,man_gesturing_OK_light_skin_tone,0.030394,0.077225
🚴🏾‍♀️,woman_biking_medium-dark_skin_tone,0.030327,0.180651
💆🏻‍♀️,woman_getting_massage_light_skin_tone,0.030298,0.155807
✏️,pencil,0.030285,0.087193
🏙️,cityscape,0.030276,0.058960
🎟️,admission_tickets,0.030271,-0.052213
🧘🏾‍♂️,man_in_lotus_position_medium-dark_skin_tone,0.030235,0.183778
🚵🏻‍♀️,woman_mountain_biking_light_skin_tone,0.030188,0.136051
⛓‍💥,broken_chain,0.030155,-0.050478
🇨🇿,Czechia,0.030106,0.150279
👷🏼,construction_worker_medium-light_skin_tone,0.030086,0.081021
🧛🏼‍♀️,woman_vampire_medium-light_skin_tone,0.030055,0.162896
👨🏻‍❤‍💋‍👨🏼,kiss_man_man_light_skin_tone_medium-light_skin_tone,0.030048,0.088339
🚵🏽,person_mountain_biking_medium_skin_tone,0.029963,-0.068485
👩‍🍳,woman_cook,0.029892,0.135891
👩🏿‍❤️‍💋‍👨🏿,kiss_woman_man_dark_skin_tone,0.029790,0.017778
🪦,headstone,0.029778,0.023974
⌨️,keyboard,0.029765,0.063946
👩🏼‍❤‍💋‍👩🏻,kiss_woman_woman_medium-light_skin_tone_light_skin_tone,0.029742,0.102845
🧗🏻‍♀️,woman_climbing_light_skin_tone,0.029734,0.180321
⏏️,eject_button,0.029729,0.004742
👩🏿‍❤‍💋‍👩🏽,kiss_woman_woman_dark_skin_tone_medium_skin_tone,0.029718,0.005423
👇🏽,backhand_index_pointing_down_medium_skin_tone,0.029715,-0.117996
🧛🏻‍♀,woman_vampire_light_skin_tone,0.029708,0.150902
💆🏽‍♀️,woman_getting_massage_medium_skin_tone,0.029650,0.139836
🗓,spiral_calendar,0.029636,-0.036146
🤾🏼‍♂️,man_playing_handball_medium-light_skin_tone,0.029636,0.162414
🚨,police_car_light,0.029596,-0.052556
👝,clutch_bag,0.029517,-0.136122
🤾🏽‍♂️,man_playing_handball_medium_skin_tone,0.029442,0.150609
🚵🏻‍♂️,man_mountain_biking_light_skin_tone,0.029376,0.136814
🇰🇷,South_Korea,0.029311,0.154583
📀,dvd,0.029121,-0.051227
👩🏿‍❤️‍💋‍👩🏽,kiss_woman_woman_dark_skin_tone_medium_skin_tone,0.029069,0.013069
🤠,cowboy_hat_face,0.028999,-0.141161
🚵,person_mountain_biking,0.028999,-0.071608
👷🏽,construction_worker_medium_skin_tone,0.028977,0.006185
👮‍♂️,man_police_officer,0.028975,0.102485
⛩️,shinto_shrine,0.028876,0.073871
🌪️,tornado,0.028862,0.122061
👩🏻‍❤️‍💋‍👩🏽,kiss_woman_woman_light_skin_tone_medium_skin_tone,0.028799,0.092080
🧝🏼‍♂,man_elf_medium-light_skin_tone,0.028795,0.204440
🪇,maracas,0.028782,-0.095744
😲,astonished_face,0.028762,-0.002414
👮🏼,police_officer_medium-light_skin_tone,0.028752,-0.056658
👩🏼‍❤‍💋‍👩🏼,kiss_woman_woman_medium-light_skin_tone,0.028641,0.093031
🦹🏽‍♀,woman_supervillain_medium_skin_tone,0.028555,0.053868
👩🏿‍❤️‍💋‍👨🏻,kiss_woman_man_dark_skin_tone_light_skin_tone,0.028518,0.039496
🫱🏻‍🫲🏼,handshake_light_skin_tone_medium-light_skin_tone,0.028369,0.163723
💇,person_getting_haircut,0.028320,0.021581
👩🏿‍❤️‍💋‍👩🏿,kiss_woman_woman_dark_skin_tone,0.028309,-0.029536
🪿,goose,0.028281,-0.042198
👨🏻‍❤️‍💋‍👨🏽,kiss_man_man_light_skin_tone_medium_skin_tone,0.028258,0.080697
🧛🏾‍♀️,woman_vampire_medium-dark_skin_tone,0.028233,0.137520
🏪,convenience_store,0.028136,-0.061674
㊙,Japanese_secret_button,0.028106,-0.136122
👩🏿‍❤‍💋‍👩🏾,kiss_woman_woman_dark_skin_tone_medium-dark_skin_tone,0.028086,-0.009410
🇪🇪,Estonia,0.027977,0.135397
🧑‍🌾,farmer,0.027964,0.166375
🇦🇺,Australia,0.027942,0.162332
🤹🏼‍♂,man_juggling_medium-light_skin_tone,0.027936,0.133650
♟,chess_pawn,0.027922,0.071131
🇨🇱,Chile,0.027911,0.148367
👩🏿‍❤‍💋‍👨🏿,kiss_woman_man_dark_skin_tone,0.027860,0.009524
🎚️,level_slider,0.027851,-0.129301
🕵🏽‍♀,woman_detective_medium_skin_tone,0.027668,0.046936
🇪🇹,Ethiopia,0.027668,0.151628
📮,postbox,0.027575,-0.087712
🦸🏽‍♂,man_superhero_medium_skin_tone,0.027573,0.118092
🧙🏾‍♀,woman_mage_medium-dark_skin_tone,0.027508,0.152840
💆🏾‍♀️,woman_getting_massage_medium-dark_skin_tone,0.027503,0.096032
🙇🏼‍♀️,woman_bowing_medium-light_skin_tone,0.027466,0.101132
🏋🏾‍♂,man_lifting_weights_medium-dark_skin_tone,0.027391,0.121310
🛥,motor_boat,0.027387,-0.011455
🔡,input_latin_lowercase,0.027383,-0.105681
📨,incoming_envelope,0.027333,-0.093554
🚶🏽,person_walking_medium_skin_tone,0.027164,-0.019263
👨🏼‍❤️‍💋‍👨🏼,kiss_man_man_medium-light_skin_tone,0.027151,0.098979
👲🏻,person_with_skullcap_light_skin_tone,0.027115,0.057067
🇹🇭,Thailand,0.027114,0.150073
🧚‍♂,man_fairy,0.026863,0.199058
🏄🏾‍♂️,man_surfing_medium-dark_skin_tone,0.026824,0.156853
👯‍♀️,women_with_bunny_ears,0.026787,0.110438
🤽‍♂️,man_playing_water_polo,0.026770,0.184560
📣,megaphone,0.026767,-0.129248
🤽‍♀️,woman_playing_water_polo,0.026754,0.194526
🇲🇹,Malta,0.026729,0.159176
🧛‍♀️,woman_vampire,0.026649,0.143972
🇲🇵,Northern_Mariana_Islands,0.026601,0.150071
👩🏻‍✈️,woman_pilot_light_skin_tone,0.026568,0.191105
⏯️,play_or_pause_button,0.026526,-0.055827
👩🏿‍❤‍💋‍👨🏻,kiss_woman_man_dark_skin_tone_light_skin_tone,0.026457,0.021591
🏌🏼,person_golfing_medium-light_skin_tone,0.026452,0.135129
🇺🇸,United_States,0.026350,0.128901
🧙‍♂,man_mage,0.026349,0.162584
👱‍♂️,man_blond_hair,0.026338,0.121297
🌨,cloud_with_snow,0.026212,0.149759
👩🏻‍❤‍💋‍👨🏻,kiss_woman_man_light_skin_tone,0.026175,0.112120
🙆🏾,person_gesturing_OK_medium-dark_skin_tone,0.026130,-0.046516
🏄🏻‍♀️,woman_surfing_light_skin_tone,0.026029,0.189448
🏎,racing_car,0.026024,0.021164
🗞,rolled-up_newspaper,0.026003,-0.042181
🔈,speaker_low_volume,0.025966,-0.074855
🏌🏻,person_golfing_light_skin_tone,0.025910,0.117865
👂🏾,ear_medium-dark_skin_tone,0.025910,-0.139569
👴🏼,old_man_medium-light_skin_tone,0.025763,-0.006428
👩🏾‍❤‍💋‍👩🏼,kiss_woman_woman_medium-dark_skin_tone_medium-light_skin_tone,0.025734,0.085432
🧚🏾‍♂,man_fairy_medium-dark_skin_tone,0.025719,0.160058
🧖🏻‍♂️,man_in_steamy_room_light_skin_tone,0.025712,0.205239
⛳,flag_in_hole,0.025700,-0.056559
🧙🏾‍♂,man_mage_medium-dark_skin_tone,0.025668,0.145875
🏋🏿‍♂️,man_lifting_weights_dark_skin_tone,0.025617,-0.063214
🧎🏽‍♂️,man_kneeling_medium_skin_tone,0.025596,0.142433
⌛,hourglass_done,0.025536,-0.119229
🫑,bell_pepper,0.025508,-0.059457
🧑🏻‍🔧,mechanic_light_skin_tone,0.025395,0.178640
👩🏻‍❤️‍💋‍👩🏾,kiss_woman_woman_light_skin_tone_medium-dark_skin_tone,0.025341,0.067867
👩🏼‍❤️‍💋‍👩🏼,kiss_woman_woman_medium-light_skin_tone,0.025313,0.088714
🤾🏻‍♂️,man_playing_handball_light_skin_tone,0.025290,0.141546
🌨️,cloud_with_snow,0.025213,0.162793
👩🏼‍❤️‍💋‍👩🏻,kiss_woman_woman_medium-light_skin_tone_light_skin_tone,0.025199,0.104407
✉️,envelope,0.025191,-0.041604
📬,open_mailbox_with_raised_flag,0.025159,-0.095947
👩🏾‍❤️‍💋‍👩🏼,kiss_woman_woman_medium-dark_skin_tone_medium-light_skin_tone,0.025147,0.091185
🤸🏾‍♀️,woman_cartwheeling_medium-dark_skin_tone,0.025123,0.131793
🚮,litter_in_bin_sign,0.025080,-0.152113
🏃🏻‍♂️,man_running_light_skin_tone,0.025030,0.203596
🇵🇱,Poland,0.025017,0.138122
🛂,passport_control,0.024764,-0.115519
🚣🏾‍♂️,man_rowing_boat_medium-dark_skin_tone,0.024720,0.117197
♾,infinity,0.024660,-0.018393
🤎,brown_heart,0.024627,-0.063269
👩🏻‍❤️‍💋‍👨🏻,kiss_woman_man_light_skin_tone,0.024607,0.108491
🇩🇪,Germany,0.024592,0.136124
🧝‍♀,woman_elf,0.024536,0.191386
😝,squinting_face_with_tongue,0.024512,0.096951
✂,scissors,0.024419,-0.100641
🏌🏾,person_golfing_medium-dark_skin_tone,0.024407,0.030228
🤵🏽,person_in_tuxedo_medium_skin_tone,0.024393,-0.111436
👩🏻‍🍳,woman_cook_light_skin_tone,0.024379,0.167882
👨🏻‍🍳,man_cook_light_skin_tone,0.024296,0.175401
🪡,sewing_needle,0.024278,-0.058760
0⃣,keycap_0,0.024249,-0.143832
👨🏻‍❤‍💋‍👨🏽,kiss_man_man_light_skin_tone_medium_skin_tone,0.024194,0.069809
🧑‍🎤,singer,0.024163,0.084904
⛏,pick,0.024160,-0.047767
🏺,amphora,0.024129,-0.065066
👩🏽‍❤️‍💋‍👩🏻,kiss_woman_woman_medium_skin_tone_light_skin_tone,0.024091,0.109378
🕶,sunglasses,0.024007,-0.098195
🧏🏽‍♂️,deaf_man_medium_skin_tone,0.023951,0.181143
🛢,oil_drum,0.023944,-0.067121
👯‍♂️,men_with_bunny_ears,0.023861,0.110340
🏄‍♀️,woman_surfing,0.023845,0.177180
👩🏻‍❤️‍💋‍👨🏼,kiss_woman_man_light_skin_tone_medium-light_skin_tone,0.023755,0.111356
🏳️‍🌈,rainbow_flag,0.023751,0.150325
🦸🏾‍♂,man_superhero_medium-dark_skin_tone,0.023674,0.093627
🧜🏽‍♀,mermaid_medium_skin_tone,0.023653,0.195197
🏄🏽‍♀️,woman_surfing_medium_skin_tone,0.023632,0.178464
👫🏽,woman_and_man_holding_hands_medium_skin_tone,0.023562,-0.031222
🤴,prince,0.023450,-0.116559
🌔,waxing_gibbous_moon,0.023449,0.179994
🇨🇳,China,0.023438,0.001480
🤷🏻‍♀️,woman_shrugging_light_skin_tone,0.023425,0.125727
👨🏻‍🚒,man_firefighter_light_skin_tone,0.023425,0.198741
👱🏻‍♀️,woman_light_skin_tone_blond_hair,0.023308,0.149344
🤷‍♂️,man_shrugging,0.023264,0.104468
👩🏻‍❤️‍💋‍👨🏽,kiss_woman_man_light_skin_tone_medium_skin_tone,0.023238,0.111785
👨🏽‍🚀,man_astronaut_medium_skin_tone,0.023203,0.160985
🧗🏼‍♂️,man_climbing_medium-light_skin_tone,0.023171,0.144977
🫛,pea_pod,0.023132,-0.094468
🚶‍♂️,man_walking,0.023059,0.108977
👩🏽‍❤️‍💋‍👩🏼,kiss_woman_woman_medium_skin_tone_medium-light_skin_tone,0.022959,0.113344
🙋🏼‍♀️,woman_raising_hand_medium-light_skin_tone,0.022789,0.010987
🪐,ringed_planet,0.022778,0.004802
👱‍♀️,woman_blond_hair,0.022746,0.138395
🧝🏽‍♂,man_elf_medium_skin_tone,0.022706,0.203230
🧎🏻‍♀️,woman_kneeling_light_skin_tone,0.022487,0.158605
🤷🏻‍♂️,man_shrugging_light_skin_tone,0.022471,0.117409
👛,purse,0.022460,-0.116433
👙,bikini,0.022401,-0.137802
✈,airplane,0.022346,-0.004030
🙆🏻‍♀️,woman_gesturing_OK_light_skin_tone,0.022327,0.056064
👯🏻‍♀️,women_with_bunny_ears_light_skin_tone,0.022260,0.141460
👩🏽‍❤‍💋‍👩🏻,kiss_woman_woman_medium_skin_tone_light_skin_tone,0.022240,0.103270
💂‍♀️,woman_guard,0.022222,0.053406
💂🏽,guard_medium_skin_tone,0.022179,-0.146042
👐🏽,open_hands_medium_skin_tone,0.022123,-0.093003
🧑🏾‍🍳,cook_medium-dark_skin_tone,0.022104,0.151253
👨🏼‍❤️‍💋‍👨🏻,kiss_man_man_medium-light_skin_tone_light_skin_tone,0.022048,0.099673
👩🏿‍❤️‍💋‍👩🏾,kiss_woman_woman_dark_skin_tone_medium-dark_skin_tone,0.022011,-0.008737
🏍,motorcycle,0.021969,-0.036426
👨🏼‍❤‍💋‍👨🏼,kiss_man_man_medium-light_skin_tone,0.021961,0.095299
🤽🏻‍♂,man_playing_water_polo_light_skin_tone,0.021819,0.159980
🧙‍♀,woman_mage,0.021751,0.172429
🙉,hear-no-evil_monkey,0.021720,-0.088026
🎿,skis,0.021626,-0.067345
🏄🏼‍♀️,woman_surfing_medium-light_skin_tone,0.021618,0.188051
⚔,crossed_swords,0.021560,-0.103276
✂️,scissors,0.021490,-0.057704
🕳️,hole,0.021417,-0.073448
⌨,keyboard,0.021379,-0.006054
🤔,thinking_face,0.021339,-0.040759
👠,high-heeled_shoe,0.021247,-0.122770
🧑‍🍳,cook,0.021241,0.155232
🦂,scorpion,0.021218,-0.087217
🛀🏽,person_taking_bath_medium_skin_tone,0.021217,-0.110537
👩🏾‍❤‍💋‍👩🏾,kiss_woman_woman_medium-dark_skin_tone,0.021209,0.073736
🪑,chair,0.021159,-0.094986
💂‍♂️,man_guard,0.021103,0.073523
💂🏼,guard_medium-light_skin_tone,0.021067,-0.094466
🏃🏼‍♂️,man_running_medium-light_skin_tone,0.020974,0.190849
👐🏼,open_hands_medium-light_skin_tone,0.020927,-0.086511
🏃‍♂️,man_running,0.020895,0.196227
👩🏻‍❤‍💋‍👨🏼,kiss_woman_man_light_skin_tone_medium-light_skin_tone,0.020884,0.104801
🏻,light_skin_tone,0.020879,-0.053802
🦸🏼‍♀,woman_superhero_medium-light_skin_tone,0.020847,0.133925
🚝,monorail,0.020779,-0.087260
🦹🏽‍♂,man_supervillain_medium_skin_tone,0.020726,0.044973
✉,envelope,0.020685,-0.101945
🐦‍⬛,black_bird,0.020676,-0.038986
🔙,BACK_arrow,0.020555,-0.140140
👩🏿‍❤️‍💋‍👨🏽,kiss_woman_man_dark_skin_tone_medium_skin_tone,0.020532,0.024744
🤽🏻‍♀,woman_playing_water_polo_light_skin_tone,0.020451,0.151154
👯🏾‍♂️,men_with_bunny_ears_medium-dark_skin_tone,0.020317,0.106196
👩‍❤‍💋‍👨,kiss_woman_man,0.020314,0.062603
👯🏼‍♂️,men_with_bunny_ears_medium-light_skin_tone,0.020297,0.118569
💂🏻,guard_light_skin_tone,0.020277,-0.132851
🚵🏾,person_mountain_biking_medium-dark_skin_tone,0.020230,-0.112105
🪬,hamsa,0.020221,-0.056660
🕵‍♀,woman_detective,0.020149,0.082749
👨🏿‍❤️‍💋‍👨🏻,kiss_man_man_dark_skin_tone_light_skin_tone,0.020144,-0.007198
🏃🏽‍♂️,man_running_medium_skin_tone,0.020090,0.201395
👖,jeans,0.020008,-0.136700
👩🏻‍❤‍💋‍👨🏽,kiss_woman_man_light_skin_tone_medium_skin_tone,0.019988,0.101956
🏌️‍♂️,man_golfing,0.019986,0.187675
🫔,tamale,0.019925,-0.098644
👩🏽‍❤‍💋‍👩🏼,kiss_woman_woman_medium_skin_tone_medium-light_skin_tone,0.019746,0.106363
👩🏾‍🚀,woman_astronaut_medium-dark_skin_tone,0.019702,0.174502
🇮🇪,Ireland,0.019699,0.123494
🇮🇳,India,0.019638,0.124922
🧑‍🔧,mechanic,0.019540,0.170612
⛹🏾,person_bouncing_ball_medium-dark_skin_tone,0.019508,-0.096568
🧑🏻‍🎤,singer_light_skin_tone,0.019471,0.087009
👨🏿‍❤‍💋‍👨🏻,kiss_man_man_dark_skin_tone_light_skin_tone,0.019406,-0.014145
👩‍🚒,woman_firefighter,0.019344,0.164097
🙆‍♂️,man_gesturing_OK,0.019274,0.040081
🧏🏾‍♂️,deaf_man_medium-dark_skin_tone,0.019242,0.077015
👩🏼‍❤‍💋‍👩🏾,kiss_woman_woman_medium-light_skin_tone_medium-dark_skin_tone,0.019238,0.078680
🧗🏼‍♀️,woman_climbing_medium-light_skin_tone,0.019230,0.157786
👩🏾‍❤️‍💋‍👩🏾,kiss_woman_woman_medium-dark_skin_tone,0.019222,0.075289
👨🏻‍❤️‍💋‍👨🏾,kiss_man_man_light_skin_tone_medium-dark_skin_tone,0.019152,0.046136
🟧,orange_square,0.019036,-0.108035
🧜🏾‍♂,merman_medium-dark_skin_tone,0.019025,0.131417
👩🏼‍❤‍💋‍👩🏽,kiss_woman_woman_medium-light_skin_tone_medium_skin_tone,0.019019,0.100703
👨‍🔧,man_mechanic,0.018920,0.168256
👮🏽,police_officer_medium_skin_tone,0.018868,-0.092136
👨🏻‍✈️,man_pilot_light_skin_tone,0.018820,0.188723
🇲🇰,North_Macedonia,0.018816,0.137428
🏋🏿‍♀️,woman_lifting_weights_dark_skin_tone,0.018808,-0.055611
🧎‍♂️,man_kneeling,0.018706,0.145785
🙋🏽‍♀️,woman_raising_hand_medium_skin_tone,0.018550,0.003103
👜,handbag,0.018463,-0.091722
🧑🏻‍⚕️,health_worker_light_skin_tone,0.018420,0.187005
🌇,sunset,0.018347,-0.153108
🇷🇪,Réunion,0.018289,0.140742
👩🏽‍🚀,woman_astronaut_medium_skin_tone,0.018236,0.176929
🏌️,person_golfing,0.018232,0.128553
👨‍🚒,man_firefighter,0.018208,0.178094
👩🏽‍❤️‍💋‍👩🏽,kiss_woman_woman_medium_skin_tone,0.018176,0.103552
🤸‍♀️,woman_cartwheeling,0.018163,0.134369
👩🏾‍❤‍💋‍👩🏽,kiss_woman_woman_medium-dark_skin_tone_medium_skin_tone,0.018038,0.077026
👩‍❤️‍💋‍👨,kiss_woman_man,0.018023,0.071656
👩🏿‍❤️‍💋‍👨🏼,kiss_woman_man_dark_skin_tone_medium-light_skin_tone,0.017995,0.028274
🚵🏼‍♀️,woman_mountain_biking_medium-light_skin_tone,0.017954,0.131425
👩🏾‍❤️‍💋‍👨🏻,kiss_woman_man_medium-dark_skin_tone_light_skin_tone,0.017918,0.116576
👰🏻,person_with_veil_light_skin_tone,0.017852,-0.104101
🥉,3rd_place_medal,0.017803,0.007522
👩🏽‍🍳,woman_cook_medium_skin_tone,0.017798,0.161037
🤷‍♀️,woman_shrugging,0.017779,0.108809
🚬,cigarette,0.017671,-0.079012
🧎🏿‍♂️,man_kneeling_dark_skin_tone,0.017649,-0.024948
🚵🏼‍♂️,man_mountain_biking_medium-light_skin_tone,0.017636,0.130492
🧖🏽‍♀️,woman_in_steamy_room_medium_skin_tone,0.017630,0.186588
👩🏿‍✈️,woman_pilot_dark_skin_tone,0.017574,0.005545
🧔,person_beard,0.017560,-0.128241
🚶🏾,person_walking_medium-dark_skin_tone,0.017542,-0.083834
🏃🏻‍♀️,woman_running_light_skin_tone,0.017480,0.202914
🧑🏽‍🍳,cook_medium_skin_tone,0.017469,0.164311
👮🏾,police_officer_medium-dark_skin_tone,0.017459,-0.119051
🇮🇱,Israel,0.017439,0.127169
🇦🇽,Åland_Islands,0.017407,0.137349
👨🏼‍❤️‍💋‍👨🏽,kiss_man_man_medium-light_skin_tone_medium_skin_tone,0.017353,0.089166
👩🏾‍❤️‍💋‍👩🏽,kiss_woman_woman_medium-dark_skin_tone_medium_skin_tone,0.017344,0.086247
👩🏼‍✈️,woman_pilot_medium-light_skin_tone,0.017326,0.192486
🫱🏻‍🫲🏾,handshake_light_skin_tone_medium-dark_skin_tone,0.017299,0.142024
🤷🏼‍♀️,woman_shrugging_medium-light_skin_tone,0.017294,0.132231
💆‍♂️,man_getting_massage,0.017206,0.144902
🇲🇦,Morocco,0.017186,0.137886
👩🏼‍❤️‍💋‍👨🏼,kiss_woman_man_medium-light_skin_tone,0.017174,0.112490
🇮🇸,Iceland,0.017051,0.134246
🇫🇷,France,0.017032,0.127417
👨🏼‍🚒,man_firefighter_medium-light_skin_tone,0.016911,0.196056
⚫,black_circle,0.016728,-0.095745
👩🏼‍❤️‍💋‍👨🏻,kiss_woman_man_medium-light_skin_tone_light_skin_tone,0.016717,0.120669
☎️,telephone,0.016704,-0.128587
👩🏼‍❤️‍💋‍👨🏽,kiss_woman_man_medium-light_skin_tone_medium_skin_tone,0.016700,0.114771
🤾🏼‍♀️,woman_playing_handball_medium-light_skin_tone,0.016693,0.163635
💂,guard,0.016687,-0.164545
🤷🏼‍♂️,man_shrugging_medium-light_skin_tone,0.016653,0.127976
😅,grinning_face_with_sweat,0.016637,0.037476
👨🏽‍🍳,man_cook_medium_skin_tone,0.016579,0.155622
👩🏾‍🍳,woman_cook_medium-dark_skin_tone,0.016522,0.150606
💆🏼‍♂️,man_getting_massage_medium-light_skin_tone,0.016342,0.156885
🤷🏾‍♂️,man_shrugging_medium-dark_skin_tone,0.016340,0.100960
👩🏼‍❤‍💋‍👨🏼,kiss_woman_man_medium-light_skin_tone,0.016308,0.115407
👩‍🔧,woman_mechanic,0.016307,0.138480
🤵🏾,person_in_tuxedo_medium-dark_skin_tone,0.016285,-0.123658
🅿️,P_button,0.016256,-0.078598
🧑🏻‍🎨,artist_light_skin_tone,0.016244,0.097322
🧎🏽‍♀️,woman_kneeling_medium_skin_tone,0.016240,0.129315
1️⃣,keycap_1,0.016193,-0.133180
👩🏿‍❤️‍💋‍👨🏾,kiss_woman_man_dark_skin_tone_medium-dark_skin_tone,0.016169,0.013359
🇳🇷,Nauru,0.016121,0.140500
👲,person_with_skullcap,0.016058,-0.059539
⛪,church,0.016058,-0.056106
👴,old_man,0.016036,-0.058827
💁🏼‍♂,man_tipping_hand_medium-light_skin_tone,0.016024,0.000195
🪆,nesting_dolls,0.015984,-0.079497
👩🏽‍❤️‍💋‍👨🏼,kiss_woman_man_medium_skin_tone_medium-light_skin_tone,0.015971,0.122976
🙋🏾‍♀️,woman_raising_hand_medium-dark_skin_tone,0.015968,-0.042800
🤷🏾‍♀️,woman_shrugging_medium-dark_skin_tone,0.015966,0.102787
🧔🏽,person_medium_skin_tone_beard,0.015948,-0.097889
👱🏾‍♀️,woman_medium-dark_skin_tone_blond_hair,0.015917,0.089257
👨🏻‍❤️‍👨🏻,couple_with_heart_man_man_light_skin_tone,0.015899,0.137073
👨🏻‍🔧,man_mechanic_light_skin_tone,0.015854,0.167236
👩🏾‍❤️‍💋‍👨🏽,kiss_woman_man_medium-dark_skin_tone_medium_skin_tone,0.015830,0.112728
🗻,mount_fuji,0.015795,-0.092614
👩🏽‍❤️‍💋‍👨🏻,kiss_woman_man_medium_skin_tone_light_skin_tone,0.015783,0.123000
🪧,placard,0.015709,-0.070738
🇵🇰,Pakistan,0.015629,0.126358
👨🏽‍❤️‍💋‍👨🏻,kiss_man_man_medium_skin_tone_light_skin_tone,0.015621,0.095387
🔕,bell_with_slash,0.015581,-0.102189
🧘🏻‍♀,woman_in_lotus_position_light_skin_tone,0.015573,0.198300
👨🏽‍❤️‍💋‍👨🏽,kiss_man_man_medium_skin_tone,0.015523,0.097804
👩🏾‍❤️‍💋‍👨🏾,kiss_woman_man_medium-dark_skin_tone,0.015456,0.109787
👨🏼‍❤‍💋‍👨🏻,kiss_man_man_medium-light_skin_tone_light_skin_tone,0.015425,0.089873
👩🏽‍❤️‍💋‍👨🏽,kiss_woman_man_medium_skin_tone,0.015417,0.119521
👩🏼‍❤️‍💋‍👩🏽,kiss_woman_woman_medium-light_skin_tone_medium_skin_tone,0.015326,0.098026
🕵🏽‍♂,man_detective_medium_skin_tone,0.015321,0.048693
🇪🇬,Egypt,0.015304,0.121751
👨🏾‍❤️‍💋‍👨🏻,kiss_man_man_medium-dark_skin_tone_light_skin_tone,0.015290,0.064185
👩🏾‍❤‍💋‍👨🏻,kiss_woman_man_medium-dark_skin_tone_light_skin_tone,0.015284,0.106120
🪛,screwdriver,0.015257,-0.068882
⛲,fountain,0.015244,-0.071107
🏄🏾‍♀️,woman_surfing_medium-dark_skin_tone,0.015226,0.149624
🏦,bank,0.015217,-0.084671
🚵‍♀️,woman_mountain_biking,0.015205,0.107445
👩🏼‍🍳,woman_cook_medium-light_skin_tone,0.015198,0.172082
🏃🏽‍♀️,woman_running_medium_skin_tone,0.015173,0.201676
🚵‍♂️,man_mountain_biking,0.014952,0.102547
🧎🏿‍♀️,woman_kneeling_dark_skin_tone,0.014898,-0.026136
🟤,brown_circle,0.014871,-0.112924
🇧🇷,Brazil,0.014858,0.134293
⏲️,timer_clock,0.014835,-0.072198
🤷🏽‍♂️,man_shrugging_medium_skin_tone,0.014797,0.109144
🏉,rugby_football,0.014794,0.094352
👩🏼‍❤‍💋‍👨🏻,kiss_woman_man_medium-light_skin_tone_light_skin_tone,0.014709,0.119235
👩🏻‍❤️‍💋‍👨🏿,kiss_woman_man_light_skin_tone_dark_skin_tone,0.014708,-0.013791
👩🏾‍❤‍💋‍👨🏾,kiss_woman_man_medium-dark_skin_tone,0.014684,0.100473
🦹🏾‍♀,woman_supervillain_medium-dark_skin_tone,0.014604,-0.009959
🪮,hair_pick,0.014500,-0.086229
🇸🇮,Slovenia,0.014458,0.126923
💆🏻‍♂️,man_getting_massage_light_skin_tone,0.014431,0.150111
🇷🇴,Romania,0.014419,0.122847
👱🏻‍♂️,man_light_skin_tone_blond_hair,0.014417,0.136275
⛹🏻‍♀️,woman_bouncing_ball_light_skin_tone,0.014365,0.053536
🔛,ON!_arrow,0.014268,-0.121569
👩🏿‍❤‍💋‍👨🏾,kiss_woman_man_dark_skin_tone_medium-dark_skin_tone,0.014260,0.000667
🏌️‍♀️,woman_golfing,0.014177,0.192864
👱🏼‍♀️,woman_medium-light_skin_tone_blond_hair,0.014137,0.151290
👨‍🍳,man_cook,0.014089,0.149452
🧑🏽‍✈️,pilot_medium_skin_tone,0.014079,0.176063
👨‍✈️,man_pilot,0.013988,0.177820
🚶🏻‍♂️,man_walking_light_skin_tone,0.013984,0.134844
🖖🏾,vulcan_salute_medium-dark_skin_tone,0.013959,-0.132779
🏃🏼‍♀️,woman_running_medium-light_skin_tone,0.013950,0.189021
👩🏽‍❤️‍💋‍👩🏾,kiss_woman_woman_medium_skin_tone_medium-dark_skin_tone,0.013922,0.087203
👨🏿‍❤️‍💋‍👨🏿,kiss_man_man_dark_skin_tone,0.013878,-0.044636
🤶🏼,Mrs._Claus_medium-light_skin_tone,0.013862,-0.028452
🇭🇷,Croatia,0.013766,0.133455
🏴,black_flag,0.013743,-0.031465
👨🏿‍❤️‍💋‍👨🏼,kiss_man_man_dark_skin_tone_medium-light_skin_tone,0.013705,-0.014628
🧑🏾‍🔧,mechanic_medium-dark_skin_tone,0.013695,0.107177
👨🏽‍❤️‍💋‍👨🏼,kiss_man_man_medium_skin_tone_medium-light_skin_tone,0.013666,0.091880
🧑🏽‍🌾,farmer_medium_skin_tone,0.013654,0.176246
👨🏾‍❤‍💋‍👨🏻,kiss_man_man_medium-dark_skin_tone_light_skin_tone,0.013649,0.040258
🙆🏼‍♂️,man_gesturing_OK_medium-light_skin_tone,0.013520,0.089428
🧏🏽‍♀️,deaf_woman_medium_skin_tone,0.013520,0.174263
〰,wavy_dash,0.013487,-0.028578
✋🏾,raised_hand_medium-dark_skin_tone,0.013397,-0.178374
📙,orange_book,0.013378,-0.069709
👩🏽‍❤‍💋‍👩🏽,kiss_woman_woman_medium_skin_tone,0.013356,0.096467
🧛🏼‍♂,man_vampire_medium-light_skin_tone,0.013345,0.154115
👨🏼‍🍳,man_cook_medium-light_skin_tone,0.013331,0.176478
🦸🏽‍♀,woman_superhero_medium_skin_tone,0.013287,0.102254
👩🏾‍✈️,woman_pilot_medium-dark_skin_tone,0.013283,0.158972
👨🏾‍❤️‍💋‍👨🏾,kiss_man_man_medium-dark_skin_tone,0.013274,0.051821
🚒,fire_engine,0.013271,0.085822
📕,closed_book,0.013249,-0.057703
💂🏻‍♂️,man_guard_light_skin_tone,0.013220,0.059411
🪸,coral,0.013209,-0.060733
👨🏽‍🔧,man_mechanic_medium_skin_tone,0.013118,0.153094
🚶,person_walking,0.013063,-0.086561
🕥,ten-thirty,0.012970,-0.077938
🔝,TOP_arrow,0.012872,-0.141394
🤹🏽‍♀,woman_juggling_medium_skin_tone,0.012815,0.120315
🛃,customs,0.012814,-0.068941
👨🏾‍❤‍💋‍👨🏾,kiss_man_man_medium-dark_skin_tone,0.012786,0.036583
🔆,bright_button,0.012706,-0.160308
🧑🏻‍🩰,ballet_dancer_light_skin_tone,0.012705,0.041225
🤷🏽‍♀️,woman_shrugging_medium_skin_tone,0.012700,0.112435
🕵🏼‍♀,woman_detective_medium-light_skin_tone,0.012667,0.122397
🇱🇰,Sri_Lanka,0.012642,0.133436
🕜,one-thirty,0.012638,-0.097261
💂🏻‍♀️,woman_guard_light_skin_tone,0.012598,0.035955
🩰,ballet_shoes,0.012576,-0.103722
👩🏿‍❤‍💋‍👨🏽,kiss_woman_man_dark_skin_tone_medium_skin_tone,0.012566,0.008024
🧑‍🎨,artist,0.012563,0.078223
👧🏻,girl_light_skin_tone,0.012507,-0.132506
🫱🏼‍🫲🏻,handshake_medium-light_skin_tone_light_skin_tone,0.012490,0.156514
1⃣,keycap_1,0.012465,-0.129285
👫,woman_and_man_holding_hands,0.012453,-0.042321
🇲🇷,Mauritania,0.012451,0.126381
👨🏾‍❤️‍💋‍👨🏼,kiss_man_man_medium-dark_skin_tone_medium-light_skin_tone,0.012363,0.061181
🗜️,clamp,0.012327,-0.092622
🧗‍♂️,man_climbing,0.012296,0.128047
🤟🏻,love-you_gesture_light_skin_tone,0.012285,-0.125787
💔,broken_heart,0.012234,0.020649
👩🏾‍❤️‍💋‍👨🏼,kiss_woman_man_medium-dark_skin_tone_medium-light_skin_tone,0.012169,0.111033
👩‍⚕️,woman_health_worker,0.012143,0.175855
👩🏼‍❤️‍💋‍👩🏾,kiss_woman_woman_medium-light_skin_tone_medium-dark_skin_tone,0.012128,0.075424
👩🏾‍❤‍💋‍👨🏽,kiss_woman_man_medium-dark_skin_tone_medium_skin_tone,0.012094,0.099667
👯🏻‍♂️,men_with_bunny_ears_light_skin_tone,0.012072,0.128014
👨🏽‍❤‍💋‍👨🏽,kiss_man_man_medium_skin_tone,0.012039,0.090737
🧑🏽‍🔧,mechanic_medium_skin_tone,0.011994,0.163379
🙇🏽‍♂️,man_bowing_medium_skin_tone,0.011978,0.068249
🇦🇷,Argentina,0.011974,0.131914
〽️,part_alternation_mark,0.011942,-0.017504
🧗🏽‍♀️,woman_climbing_medium_skin_tone,0.011884,0.117933
🧎🏾‍♂️,man_kneeling_medium-dark_skin_tone,0.011865,0.074944
🇵🇪,Peru,0.011833,0.123281
👩🏽‍❤‍💋‍👨🏽,kiss_woman_man_medium_skin_tone,0.011809,0.112578
🇦🇮,Anguilla,0.011593,0.132550
👁‍🗨,eye_in_speech_bubble,0.011568,-0.130688
⛰️,mountain,0.011556,0.004965
🧖‍♀️,woman_in_steamy_room,0.011545,0.198844
🏓,ping_pong,0.011464,-0.078846
🙆‍♀️,woman_gesturing_OK,0.011393,0.029787
👩🏾‍❤‍💋‍👨🏼,kiss_woman_man_medium-dark_skin_tone_medium-light_skin_tone,0.011376,0.099978
⛹🏻‍♂️,man_bouncing_ball_light_skin_tone,0.011372,0.071387
🧑🏼‍🌾,farmer_medium-light_skin_tone,0.011361,0.179038
👨🏽‍🚒,man_firefighter_medium_skin_tone,0.011355,0.172391
👨🏽‍❤‍💋‍👨🏻,kiss_man_man_medium_skin_tone_light_skin_tone,0.011331,0.083830
🥴,woozy_face,0.011259,-0.024657
👩🏿‍❤‍💋‍👨🏼,kiss_woman_man_dark_skin_tone_medium-light_skin_tone,0.011259,0.008304
👩🏼‍❤‍💋‍👨🏽,kiss_woman_man_medium-light_skin_tone_medium_skin_tone,0.011207,0.109809
👨🏾‍❤️‍💋‍👨🏽,kiss_man_man_medium-dark_skin_tone_medium_skin_tone,0.011186,0.051067
🧑‍🤝‍🧑,people_holding_hands,0.011127,0.141386
🛍,shopping_bags,0.011123,-0.060516
👰🏼,person_with_veil_medium-light_skin_tone,0.011068,-0.111996
🧗🏽‍♂️,man_climbing_medium_skin_tone,0.010997,0.112848
👷‍♂️,man_construction_worker,0.010993,0.165274
🚶‍♀️,woman_walking,0.010902,0.087312
👩🏽‍❤‍💋‍👨🏼,kiss_woman_man_medium_skin_tone_medium-light_skin_tone,0.010848,0.109293
👨‍👩‍👧‍👦,family_man_woman_girl_boy,0.010846,0.164010
👘,kimono,0.010838,-0.159225
👱🏼‍♂️,man_medium-light_skin_tone_blond_hair,0.010726,0.140398
🛋,couch_and_lamp,0.010679,-0.067209
👩🏽‍❤‍💋‍👨🏻,kiss_woman_man_medium_skin_tone_light_skin_tone,0.010644,0.114568
👨🏻‍🌾,man_farmer_light_skin_tone,0.010573,0.175901
👨🏿‍❤️‍💋‍👨🏽,kiss_man_man_dark_skin_tone_medium_skin_tone,0.010526,-0.028056
📗,green_book,0.010513,-0.082240
🏳️,white_flag,0.010452,0.065818
♋,Cancer,0.010425,0.165054
🏮,red_paper_lantern,0.010411,-0.123931
👩🏻‍❤️‍💋‍👨🏾,kiss_woman_man_light_skin_tone_medium-dark_skin_tone,0.010364,0.065042
🧚🏿‍♀️,woman_fairy_dark_skin_tone,0.010362,-0.046878
🏘,houses,0.010324,-0.061169
👩🏻‍🚒,woman_firefighter_light_skin_tone,0.010322,0.179351
🙆🏽‍♂️,man_gesturing_OK_medium_skin_tone,0.010260,0.080411
👅,tongue,0.010229,-0.125267
🏃‍♀️,woman_running,0.010226,0.194161
👨🏿‍❤‍💋‍👨🏼,kiss_man_man_dark_skin_tone_medium-light_skin_tone,0.010031,-0.026478
👨🏻‍❤‍💋‍👨🏾,kiss_man_man_light_skin_tone_medium-dark_skin_tone,0.010005,0.030807
🏞,national_park,0.009997,-0.053739
🧑🏽‍⚕️,health_worker_medium_skin_tone,0.009986,0.178879
💉,syringe,0.009935,-0.104564
🫱🏼‍🫲🏽,handshake_medium-light_skin_tone_medium_skin_tone,0.009931,0.148722
👨🏿‍❤‍💋‍👨🏾,kiss_man_man_dark_skin_tone_medium-dark_skin_tone,0.009927,-0.031032
🧑🏼‍🍳,cook_medium-light_skin_tone,0.009856,0.170090
🇦🇴,Angola,0.009744,0.121745
👇🏿,backhand_index_pointing_down_dark_skin_tone,0.009682,-0.116273
🪭,folding_hand_fan,0.009636,-0.106907
♊,Gemini,0.009537,0.126102
🧗‍♀️,woman_climbing,0.009502,0.140697
🇰🇼,Kuwait,0.009490,0.119113
🕵‍♂,man_detective,0.009480,0.061594
💆🏿‍♀️,woman_getting_massage_dark_skin_tone,0.009368,-0.101095
🇲🇿,Mozambique,0.009349,0.124227
🧎🏿‍♀‍➡️,woman_kneeling_facing_right_dark_skin_tone,0.009335,-0.074164
🇵🇹,Portugal,0.009234,0.118183
👨🏽‍❤‍💋‍👨🏼,kiss_man_man_medium_skin_tone_medium-light_skin_tone,0.009233,0.074928
⚜,fleur-de-lis,0.009181,-0.112690
🤹🏾‍♀,woman_juggling_medium-dark_skin_tone,0.009129,0.045261
🧘‍♀,woman_in_lotus_position,0.009094,0.207903
👬🏻,men_holding_hands_light_skin_tone,0.008984,-0.142775
🤾🏾‍♂️,man_playing_handball_medium-dark_skin_tone,0.008976,0.088427
🚵🏽‍♂️,man_mountain_biking_medium_skin_tone,0.008973,0.097561
🧖🏽‍♂️,man_in_steamy_room_medium_skin_tone,0.008917,0.180694
🏜,desert,0.008913,0.029679
👩🏻‍❤️‍👨🏻,couple_with_heart_woman_man_light_skin_tone,0.008722,0.118536
🚵🏽‍♀️,woman_mountain_biking_medium_skin_tone,0.008697,0.092370
🏌🏾‍♀️,woman_golfing_medium-dark_skin_tone,0.008692,0.146188
🧑🏼‍✈️,pilot_medium-light_skin_tone,0.008670,0.178116
🤚,raised_back_of_hand,0.008656,-0.148967
🪔,diya_lamp,0.008588,-0.089017
👦🏻,boy_light_skin_tone,0.008573,-0.115144
🧑🏻‍🔬,scientist_light_skin_tone,0.008572,0.116525
🇧🇴,Bolivia,0.008571,0.127668
👯🏽‍♀️,women_with_bunny_ears_medium_skin_tone,0.008546,0.115561
🕵🏼‍♂,man_detective_medium-light_skin_tone,0.008509,0.126317
👨‍👨‍👧‍👦,family_man_man_girl_boy,0.008504,0.163943
🏌🏻‍♂️,man_golfing_light_skin_tone,0.008395,0.179717
🅰️,A_button_(blood_type),0.008371,-0.122511
🤾🏽‍♀️,woman_playing_handball_medium_skin_tone,0.008311,0.142085
👨🏿‍❤️‍💋‍👨🏾,kiss_man_man_dark_skin_tone_medium-dark_skin_tone,0.008289,-0.029012
👨‍👩‍👦‍👦,family_man_woman_boy_boy,0.008253,0.147977
👨🏿‍❤‍💋‍👨🏿,kiss_man_man_dark_skin_tone,0.008218,-0.055781
👩🏽‍❤‍💋‍👩🏾,kiss_woman_woman_medium_skin_tone_medium-dark_skin_tone,0.008217,0.082076
🇲🇪,Montenegro,0.008212,0.116571
🗝,old_key,0.008123,-0.145978
👩‍❤‍👩,couple_with_heart_woman_woman,0.008086,0.041303
🇵🇷,Puerto_Rico,0.008002,0.116961
🫆,fingerprint,0.007991,-0.152223
👨🏽‍✈️,man_pilot_medium_skin_tone,0.007958,0.164850
🧛‍♂,man_vampire,0.007945,0.111509
👩🏻‍❤‍💋‍👨🏿,kiss_woman_man_light_skin_tone_dark_skin_tone,0.007937,-0.029583
🆕,NEW_button,0.007925,-0.163488
⚕,medical_symbol,0.007925,-0.073983
🏌🏽‍♀️,woman_golfing_medium_skin_tone,0.007889,0.180081
🏢,office_building,0.007816,-0.074721
🤹‍♂,man_juggling,0.007749,0.105991
🚴🏻‍♂,man_biking_light_skin_tone,0.007688,0.159197
🏩,love_hotel,0.007681,-0.060824
🏟,stadium,0.007677,-0.055674
🪏,shovel,0.007662,-0.071191
⛴️,ferry,0.007447,-0.063660
🫱🏽‍🫲🏻,handshake_medium_skin_tone_light_skin_tone,0.007419,0.143207
👩🏻‍🔧,woman_mechanic_light_skin_tone,0.007402,0.150008
👷🏾,construction_worker_medium-dark_skin_tone,0.007371,-0.098137
🙍🏿‍♂️,man_frowning_dark_skin_tone,0.007257,-0.040749
🙆🏼‍♀️,woman_gesturing_OK_medium-light_skin_tone,0.007202,0.080147
🤷🏻‍♀,woman_shrugging_light_skin_tone,0.007200,0.128009
👩🏻‍❤‍💋‍👩🏿,kiss_woman_woman_light_skin_tone_dark_skin_tone,0.007192,-0.066862
👨‍❤️‍👨,couple_with_heart_man_man,0.007164,0.105879
🧎🏿,person_kneeling_dark_skin_tone,0.007140,-0.072196
🧑‍⚕️,health_worker,0.007090,0.168127
🤹‍♀,woman_juggling,0.006995,0.108286
🔇,muted_speaker,0.006992,-0.077425
👩🏿‍❤‍👩🏻,couple_with_heart_woman_woman_dark_skin_tone_light_skin_tone,0.006981,-0.010562
👷🏾‍♀️,woman_construction_worker_medium-dark_skin_tone,0.006956,0.109055
🧝‍♂,man_elf,0.006822,0.167075
🧛🏽‍♂,man_vampire_medium_skin_tone,0.006809,0.148070
🔠,input_latin_uppercase,0.006783,-0.127814
🦹🏾‍♂,man_supervillain_medium-dark_skin_tone,0.006780,-0.017039
❣️,heart_exclamation,0.006776,-0.141571
👩🏻‍❤️‍👩🏻,couple_with_heart_woman_woman_light_skin_tone,0.006770,0.103609
👨‍👩‍👧,family_man_woman_girl,0.006737,0.140856
⏱,stopwatch,0.006695,-0.031454
🚓,police_car,0.006603,-0.084418
🟨,yellow_square,0.006552,-0.073753
🕎,menorah,0.006489,-0.028348
🤷🏻‍♂,man_shrugging_light_skin_tone,0.006452,0.115085
🧑🏽‍❤️‍💋‍🧑🏻,kiss_person_person_medium_skin_tone_light_skin_tone,0.006421,0.064138
🙋🏻‍♂️,man_raising_hand_light_skin_tone,0.006415,-0.016764
⛹🏾‍♂️,man_bouncing_ball_medium-dark_skin_tone,0.006412,-0.035974
🇬🇧,United_Kingdom,0.006375,0.090677
🧖🏾‍♀️,woman_in_steamy_room_medium-dark_skin_tone,0.006370,0.099873
🏷,label,0.006364,-0.094182
👨🏾‍❤‍💋‍👨🏼,kiss_man_man_medium-dark_skin_tone_medium-light_skin_tone,0.006342,0.033531
🧝🏾‍♀,woman_elf_medium-dark_skin_tone,0.006251,0.162008
🧏🏾‍♀️,deaf_woman_medium-dark_skin_tone,0.006208,0.042627
🦸🏾‍♀,woman_superhero_medium-dark_skin_tone,0.006172,0.069841
👩🏾‍❤️‍💋‍👨🏿,kiss_woman_man_medium-dark_skin_tone_dark_skin_tone,0.006170,0.040988
👱🏾‍♂️,man_medium-dark_skin_tone_blond_hair,0.006150,0.081618
🍄‍🟫,brown_mushroom,0.006148,-0.068613
🅱️,B_button_(blood_type),0.006142,-0.093567
✝️,latin_cross,0.006106,-0.124679
🤶🏻,Mrs._Claus_light_skin_tone,0.006078,-0.048726
👲🏼,person_with_skullcap_medium-light_skin_tone,0.006015,0.052814
👩🏽‍❤️‍💋‍👨🏿,kiss_woman_man_medium_skin_tone_dark_skin_tone,0.006008,0.009354
🧘🏻‍♂,man_in_lotus_position_light_skin_tone,0.005979,0.192587
🧎🏾‍♀️,woman_kneeling_medium-dark_skin_tone,0.005975,0.044349
🤹🏽‍♂,man_juggling_medium_skin_tone,0.005892,0.114940
👨🏼‍✈️,man_pilot_medium-light_skin_tone,0.005830,0.181103
💊,pill,0.005800,-0.137963
🧑🏾‍✈️,pilot_medium-dark_skin_tone,0.005778,0.069375
👩🏽‍✈️,woman_pilot_medium_skin_tone,0.005709,0.167638
👨🏼‍❤️‍👨🏼,couple_with_heart_man_man_medium-light_skin_tone,0.005664,0.137512
🫱🏾‍🫲🏻,handshake_medium-dark_skin_tone_light_skin_tone,0.005648,0.120515
👨🏾‍❤‍💋‍👨🏽,kiss_man_man_medium-dark_skin_tone_medium_skin_tone,0.005648,0.023751
🏛,classical_building,0.005629,-0.092101
🙍🏻,person_frowning_light_skin_tone,0.005622,-0.110130
🧖🏼‍♀️,woman_in_steamy_room_medium-light_skin_tone,0.005620,0.194496
🤮,face_vomiting,0.005579,-0.077696
💇🏽‍♀️,woman_getting_haircut_medium_skin_tone,0.005572,0.071967
👩🏻‍❤‍👩🏻,couple_with_heart_woman_woman_light_skin_tone,0.005570,0.099996
👨🏽‍❤️‍💋‍👨🏾,kiss_man_man_medium_skin_tone_medium-dark_skin_tone,0.005526,0.061082
🤟,love-you_gesture,0.005450,-0.154948
👉,backhand_index_pointing_right,0.005420,-0.126001
👉🏻,backhand_index_pointing_right_light_skin_tone,0.005408,-0.128672
👷🏼‍♂️,man_construction_worker_medium-light_skin_tone,0.005332,0.173320
👨🏼‍🔧,man_mechanic_medium-light_skin_tone,0.005288,0.160033
☮️,peace_symbol,0.005285,-0.141389
👨🏼‍❤‍💋‍👨🏽,kiss_man_man_medium-light_skin_tone_medium_skin_tone,0.005256,0.070912
🏊🏽‍♀️,woman_swimming_medium_skin_tone,0.005153,0.187053
🗄,file_cabinet,0.005112,-0.118601
🏌🏼‍♀️,woman_golfing_medium-light_skin_tone,0.005001,0.159398
🔼,upwards_button,0.004957,-0.142251
🏃🏾‍♂️,man_running_medium-dark_skin_tone,0.004947,0.143712
🇵🇾,Paraguay,0.004911,0.109611
🦟,mosquito,0.004906,0.048608
🧎🏼‍♂,man_kneeling_medium-light_skin_tone,0.004882,0.096502
👩🏻‍❤‍💋‍👨🏾,kiss_woman_man_light_skin_tone_medium-dark_skin_tone,0.004812,0.054117
👎🏻,thumbs_down_light_skin_tone,0.004801,0.017618
👨🏿‍❤‍💋‍👨🏽,kiss_man_man_dark_skin_tone_medium_skin_tone,0.004768,-0.038181
👩🏽‍🔧,woman_mechanic_medium_skin_tone,0.004758,0.149921
💆🏽‍♂️,man_getting_massage_medium_skin_tone,0.004752,0.140737
🇬🇪,Georgia,0.004745,0.103802
👬🏼,men_holding_hands_medium-light_skin_tone,0.004712,-0.149298
👨‍👩‍👧‍👧,family_man_woman_girl_girl,0.004583,0.159251
🙇🏾‍♂️,man_bowing_medium-dark_skin_tone,0.004524,-0.005347
👪,family,0.004363,-0.122926
👩🏼‍❤️‍👨🏼,couple_with_heart_woman_man_medium-light_skin_tone,0.004306,0.120322
🏌🏽‍♂️,man_golfing_medium_skin_tone,0.004305,0.166228
🕛,twelve_o’clock,0.004252,-0.078374
💇🏾‍♀️,woman_getting_haircut_medium-dark_skin_tone,0.004218,0.076115
🟥,red_square,0.004149,-0.105030
🇺🇬,Uganda,0.004133,0.115174
🏌‍♂️,man_golfing,0.004094,0.146175
💇‍♀️,woman_getting_haircut,0.004071,0.101492
⚱,funeral_urn,0.004044,-0.099177
💂🏾,guard_medium-dark_skin_tone,0.004027,-0.176513
👨🏾‍🚀,man_astronaut_medium-dark_skin_tone,0.004008,0.125118
🇨🇩,Congo-Kinshasa,0.003987,0.117029
♈,Aries,0.003967,0.107425
🫱🏾‍🫲🏽,handshake_medium-dark_skin_tone_medium_skin_tone,0.003961,0.117383
🇩🇴,Dominican_Republic,0.003860,0.118135
👩🏽‍❤️‍💋‍👨🏾,kiss_woman_man_medium_skin_tone_medium-dark_skin_tone,0.003805,0.092190
🇱🇻,Latvia,0.003795,0.128899
👩‍❤️‍👩,couple_with_heart_woman_woman,0.003698,0.056463
💠,diamond_with_a_dot,0.003593,-0.165208
👩🏿‍🍳,woman_cook_dark_skin_tone,0.003592,-0.014326
🇧🇾,Belarus,0.003565,0.101320
👨🏿‍🤝‍👨🏻,men_holding_hands_dark_skin_tone_light_skin_tone,0.003550,-0.047649
⛺,tent,0.003510,-0.097491
⛸️,ice_skate,0.003500,-0.126194
👩🏽‍❤️‍👨🏽,couple_with_heart_woman_man_medium_skin_tone,0.003467,0.116762
👨‍👧‍👦,family_man_girl_boy,0.003465,0.162599
🏌‍♀️,woman_golfing,0.003425,0.155384
🤸🏿‍♀️,woman_cartwheeling_dark_skin_tone,0.003396,-0.073343
🇲🇱,Mali,0.003370,0.119441
🙎🏽,person_pouting_medium_skin_tone,0.003340,-0.097315
🧑🏾‍🌾,farmer_medium-dark_skin_tone,0.003306,0.093791
📤,outbox_tray,0.003290,-0.126040
🇦🇱,Albania,0.003278,0.111841
👎🏾,thumbs_down_medium-dark_skin_tone,0.003269,0.007045
🏃🏾‍♀️,woman_running_medium-dark_skin_tone,0.003263,0.151165
🧘🏾‍♀,woman_in_lotus_position_medium-dark_skin_tone,0.003204,0.151651
🇮🇷,Iran,0.003172,0.095850
👷🏼‍♀️,woman_construction_worker_medium-light_skin_tone,0.003064,0.166435
🚴🏻‍♀,woman_biking_light_skin_tone,0.003049,0.161643
🇰🇪,Kenya,0.003040,0.115203
🙎🏿‍♂️,man_pouting_dark_skin_tone,0.003038,-0.063708
🧏‍♂️,deaf_man,0.003028,0.137502
🇰🇿,Kazakhstan,0.003024,0.109137
🧛🏾‍♀,woman_vampire_medium-dark_skin_tone,0.002998,0.107506
🧔🏾,person_medium-dark_skin_tone_beard,0.002967,-0.129249
🇳🇪,Niger,0.002945,0.122822
📴,mobile_phone_off,0.002940,-0.132468
🤹🏾‍♂,man_juggling_medium-dark_skin_tone,0.002921,0.065720
👩🏿‍⚕️,woman_health_worker_dark_skin_tone,0.002892,0.078446
🖖🏼,vulcan_salute_medium-light_skin_tone,0.002888,-0.078661
👎🏼,thumbs_down_medium-light_skin_tone,0.002832,0.035331
🪓,axe,0.002821,-0.085360
👰🏽,person_with_veil_medium_skin_tone,0.002802,-0.150160
👩🏼‍❤️‍💋‍👨🏿,kiss_woman_man_medium-light_skin_tone_dark_skin_tone,0.002771,-0.003356
🇱🇹,Lithuania,0.002767,0.117287
⛹🏾‍♀️,woman_bouncing_ball_medium-dark_skin_tone,0.002767,-0.060483
🧎🏿‍♂‍➡️,man_kneeling_facing_right_dark_skin_tone,0.002763,-0.086460
🤷‍♂,man_shrugging,0.002705,0.092846
👩🏻‍❤️‍👨🏼,couple_with_heart_woman_man_light_skin_tone_medium-light_skin_tone,0.002645,0.110658
🤕,face_with_head-bandage,0.002635,-0.109687
🤚🏻,raised_back_of_hand_light_skin_tone,0.002619,-0.151835
⛷,skier,0.002615,-0.053584
🫱🏼‍🫲🏾,handshake_medium-light_skin_tone_medium-dark_skin_tone,0.002610,0.134828
🧖🏼‍♂️,man_in_steamy_room_medium-light_skin_tone,0.002605,0.189944
🧛🏽‍♀,woman_vampire_medium_skin_tone,0.002605,0.137962
🩱,one-piece_swimsuit,0.002566,-0.119013
👷🏻‍♂️,man_construction_worker_light_skin_tone,0.002558,0.169671
👩🏿‍❤️‍👩🏻,couple_with_heart_woman_woman_dark_skin_tone_light_skin_tone,0.002461,-0.003520
🏊🏻‍♂️,man_swimming_light_skin_tone,0.002381,0.201091
✴️,eight-pointed_star,0.002368,-0.170727
🚶🏻‍♀️,woman_walking_light_skin_tone,0.002273,0.116593
🧑🏿‍❤️‍💋‍🧑🏻,kiss_person_person_dark_skin_tone_light_skin_tone,0.002251,-0.050853
🇦🇪,United_Arab_Emirates,0.002099,0.105925
🧘🏿‍♀️,woman_in_lotus_position_dark_skin_tone,0.002074,-0.063523
🕳,hole,0.002041,-0.127811
🪢,knot,0.001987,-0.091968
🙋🏼‍♂️,man_raising_hand_medium-light_skin_tone,0.001955,0.008538
🤾🏻‍♀️,woman_playing_handball_light_skin_tone,0.001947,0.130284
🇧🇪,Belgium,0.001869,0.102633
🇸🇦,Saudi_Arabia,0.001854,0.108893
🤾‍♂️,man_playing_handball,0.001849,0.103143
🙆🏽‍♀️,woman_gesturing_OK_medium_skin_tone,0.001840,0.062631
🧛🏼‍♀,woman_vampire_medium-light_skin_tone,0.001779,0.134439
👩🏽‍❤️‍👨🏼,couple_with_heart_woman_man_medium_skin_tone_medium-light_skin_tone,0.001759,0.112867
👩🏾‍❤‍💋‍👩🏿,kiss_woman_woman_medium-dark_skin_tone_dark_skin_tone,0.001677,-0.038533
🇹🇿,Tanzania,0.001630,0.117190
👷🏾‍♂️,man_construction_worker_medium-dark_skin_tone,0.001578,0.122445
👩🏽‍❤‍💋‍👨🏿,kiss_woman_man_medium_skin_tone_dark_skin_tone,0.001574,-0.003397
🤷‍♀,woman_shrugging,0.001567,0.103870
🏌🏻‍♀️,woman_golfing_light_skin_tone,0.001561,0.180531
🏫,school,0.001555,-0.072594
👷🏻‍♀️,woman_construction_worker_light_skin_tone,0.001553,0.163167
🚶🏽‍♂️,man_walking_medium_skin_tone,0.001549,0.151672
🤼🏻‍♂️,men_wrestling_light_skin_tone,0.001482,0.155006
🗨️,left_speech_bubble,0.001463,-0.111682
🧘🏼‍♀,woman_in_lotus_position_medium-light_skin_tone,0.001447,0.189743
☦,orthodox_cross,0.001446,-0.124543
🧎‍♀️,woman_kneeling,0.001445,0.132622
👧,girl,0.001398,-0.146592
🧑‍🔬,scientist,0.001394,0.112425
🏊🏻‍♀️,woman_swimming_light_skin_tone,0.001382,0.208608
💂‍♀,woman_guard,0.001369,-0.014802
👉🏼,backhand_index_pointing_right_medium-light_skin_tone,0.001330,-0.126736
🚑,ambulance,0.001329,-0.033940
🧜🏽‍♂,merman_medium_skin_tone,0.001302,0.167970
3⃣,keycap_3,0.001233,-0.135541
👨‍❤‍👨,couple_with_heart_man_man,0.001201,0.084291
🤸🏿‍♂️,man_cartwheeling_dark_skin_tone,0.001183,-0.085020
👩🏾‍❤‍💋‍👨🏿,kiss_woman_man_medium-dark_skin_tone_dark_skin_tone,0.001166,0.025213
🙆🏾‍♂️,man_gesturing_OK_medium-dark_skin_tone,0.001132,0.036512
🧘🏽‍♀,woman_in_lotus_position_medium_skin_tone,0.001124,0.183677
🫅🏾,person_with_crown_medium-dark_skin_tone,0.001121,-0.079923
🙍🏿‍♀️,woman_frowning_dark_skin_tone,0.001107,-0.038867
🧛🏾‍♂,man_vampire_medium-dark_skin_tone,0.001049,0.129150
🏌🏾‍♂️,man_golfing_medium-dark_skin_tone,0.001048,0.134426
♠️,spade_suit,0.001036,0.109012
🧑‍🍼,person_feeding_baby,0.001024,0.059086
🇸🇬,Singapore,0.000985,0.105243
🙇🏽‍♀️,woman_bowing_medium_skin_tone,0.000979,0.062793
🤴🏾,prince_medium-dark_skin_tone,0.000892,-0.129898
㊗,Japanese_congratulations_button,0.000861,-0.161903
👩🏽‍❤️‍👩🏽,couple_with_heart_woman_woman_medium_skin_tone,0.000861,0.115742
🤶🏽,Mrs._Claus_medium_skin_tone,0.000831,-0.072941
↔,left-right_arrow,0.000817,-0.150049
😮‍💨,face_exhaling,0.000795,0.093839
👩🏼‍❤️‍💋‍👨🏾,kiss_woman_man_medium-light_skin_tone_medium-dark_skin_tone,0.000768,0.081280
💋,kiss_mark,0.000675,-0.101851
💆🏾‍♂️,man_getting_massage_medium-dark_skin_tone,0.000644,0.099947
👷🏽‍♀️,woman_construction_worker_medium_skin_tone,0.000616,0.145437
❓,red_question_mark,0.000598,-0.086656
♀️,female_sign,0.000578,-0.066474
👩🏽‍🚒,woman_firefighter_medium_skin_tone,0.000536,0.162535
🙋🏻,person_raising_hand_light_skin_tone,0.000465,-0.086783
🎚,level_slider,0.000452,-0.148962
🧑🏽‍❤‍💋‍🧑🏻,kiss_person_person_medium_skin_tone_light_skin_tone,0.000416,0.052681
🏊🏾‍♀️,woman_swimming_medium-dark_skin_tone,0.000367,0.144161
👎🏽,thumbs_down_medium_skin_tone,0.000367,0.022174
⛩,shinto_shrine,0.000350,-0.031332
🚴‍♂,man_biking,0.000292,0.146734
🏨,hotel,0.000278,-0.079272
🧑🏾‍❤️‍💋‍🧑🏽,kiss_person_person_medium-dark_skin_tone_medium_skin_tone,0.000224,0.018061
🤟🏽,love-you_gesture_medium_skin_tone,0.000192,-0.109686
👩🏻‍🎨,woman_artist_light_skin_tone,0.000177,0.139261
👨🏻‍⚕️,man_health_worker_light_skin_tone,0.000127,0.191005
👩🏾‍❤️‍👩🏻,couple_with_heart_woman_woman_medium-dark_skin_tone_light_skin_tone,0.000121,0.105378
👨🏻‍❤️‍👨🏼,couple_with_heart_man_man_light_skin_tone_medium-light_skin_tone,0.000070,0.105551
🇭🇳,Honduras,0.000030,-0.026751
👯🏽‍♂️,men_with_bunny_ears_medium_skin_tone,0.000027,0.110378
📍,round_pushpin,-0.000035,-0.108196
👩🏼‍🔧,woman_mechanic_medium-light_skin_tone,-0.000076,0.157512
📫,closed_mailbox_with_raised_flag,-0.000087,-0.130751
🛀🏾,person_taking_bath_medium-dark_skin_tone,-0.000095,-0.150055
👩‍🌾,woman_farmer,-0.000163,0.075943
👨🏻‍❤‍👨🏻,couple_with_heart_man_man_light_skin_tone,-0.000174,0.114638
♦️,diamond_suit,-0.000218,-0.004450
👩🏽‍❤️‍👨🏻,couple_with_heart_woman_man_medium_skin_tone_light_skin_tone,-0.000312,0.117711
🔳,white_square_button,-0.000333,-0.158955
🏳‍🌈,rainbow_flag,-0.000345,0.065445
🤟🏼,love-you_gesture_medium-light_skin_tone,-0.000384,-0.084509
👯🏼‍♀,women_with_bunny_ears_medium-light_skin_tone,-0.000390,0.090684
💂🏾‍♀️,woman_guard_medium-dark_skin_tone,-0.000405,-0.017130
👩🏾‍❤️‍👩🏾,couple_with_heart_woman_woman_medium-dark_skin_tone,-0.000417,0.095779
🇧🇬,Bulgaria,-0.000417,0.105441
👷🏽‍♂️,man_construction_worker_medium_skin_tone,-0.000432,0.154664
👨‍⚕️,man_health_worker,-0.000445,0.185132
😭,loudly_crying_face,-0.000445,0.028363
🧎🏿‍♀️‍➡️,woman_kneeling_facing_right_dark_skin_tone,-0.000510,-0.094700
🙇🏾‍♀️,woman_bowing_medium-dark_skin_tone,-0.000526,0.003925
🙋🏼,person_raising_hand_medium-light_skin_tone,-0.000565,-0.066791
🚴‍♀,woman_biking,-0.000599,0.155473
👩🏿‍🚀,woman_astronaut_dark_skin_tone,-0.000627,0.009648
🧑🏾‍❤️‍💋‍🧑🏻,kiss_person_person_medium-dark_skin_tone_light_skin_tone,-0.000705,0.028353
👷‍♀️,woman_construction_worker,-0.000766,0.149163
🐦‍🔥,phoenix,-0.000809,-0.065447
🧑🏻‍⚖️,judge_light_skin_tone,-0.000832,0.160379
🧍🏿‍♂️,man_standing_dark_skin_tone,-0.000836,-0.044358
👱🏽‍♀️,woman_medium_skin_tone_blond_hair,-0.000844,0.133129
🏊🏽‍♂️,man_swimming_medium_skin_tone,-0.000858,0.169654
👦🏼,boy_medium-light_skin_tone,-0.000877,-0.113852
👩🏼‍🚒,woman_firefighter_medium-light_skin_tone,-0.000897,0.175730
👐,open_hands,-0.000915,-0.140327
👩🏿‍🏭,woman_factory_worker_dark_skin_tone,-0.001025,-0.058244
👩🏻‍❤‍👨🏻,couple_with_heart_woman_man_light_skin_tone,-0.001030,0.104085
💆🏿‍♂️,man_getting_massage_dark_skin_tone,-0.001037,-0.115120
🧚🏿‍♂️,man_fairy_dark_skin_tone,-0.001080,-0.065021
👰,person_with_veil,-0.001144,-0.160696
🙋🏽‍♂️,man_raising_hand_medium_skin_tone,-0.001162,-0.020248
🧍🏻,person_standing_light_skin_tone,-0.001197,-0.104543
💇🏻‍♀️,woman_getting_haircut_light_skin_tone,-0.001205,0.118235
🧍🏿‍♀️,woman_standing_dark_skin_tone,-0.001236,-0.045452
🪫,low_battery,-0.001247,-0.105619
🏼,medium-light_skin_tone,-0.001248,-0.085881
🇨🇾,Cyprus,-0.001266,0.091659
👩🏼‍❤️‍👨🏻,couple_with_heart_woman_man_medium-light_skin_tone_light_skin_tone,-0.001270,0.121435
👩‍❤‍👨,couple_with_heart_woman_man,-0.001300,0.072956
👨🏽‍❤‍💋‍👨🏾,kiss_man_man_medium_skin_tone_medium-dark_skin_tone,-0.001300,0.046841
🚷,no_pedestrians,-0.001309,-0.085856
🙀,weary_cat,-0.001326,-0.185344
🇭🇺,Hungary,-0.001350,0.106763
🙋‍♀️,woman_raising_hand,-0.001396,-0.043930
👩🏻‍🔬,woman_scientist_light_skin_tone,-0.001429,0.132443
💂🏽‍♀️,woman_guard_medium_skin_tone,-0.001436,0.044645
👨🏼‍❤️‍💋‍👨🏾,kiss_man_man_medium-light_skin_tone_medium-dark_skin_tone,-0.001461,0.041688
🚶🏼‍♂️,man_walking_medium-light_skin_tone,-0.001470,0.141150
🧎🏿‍♂,man_kneeling_dark_skin_tone,-0.001482,-0.063025
👩🏼‍❤‍💋‍👩🏿,kiss_woman_woman_medium-light_skin_tone_dark_skin_tone,-0.001536,-0.059195
👨🏼‍🌾,man_farmer_medium-light_skin_tone,-0.001537,0.168903
😬,grimacing_face,-0.001573,-0.096739
🦸🏿‍♀️,woman_superhero_dark_skin_tone,-0.001673,-0.042643
👉🏽,backhand_index_pointing_right_medium_skin_tone,-0.001702,-0.133452
🧖‍♂️,man_in_steamy_room,-0.001708,0.181310
🏝,desert_island,-0.001761,-0.065080
🤸🏼‍♀,woman_cartwheeling_medium-light_skin_tone,-0.001821,0.143928
🧑🏾‍🎨,artist_medium-dark_skin_tone,-0.001828,0.034162
🫱🏽‍🫲🏼,handshake_medium_skin_tone_medium-light_skin_tone,-0.001844,0.135314
👩🏾‍❤️‍👨🏼,couple_with_heart_woman_man_medium-dark_skin_tone_medium-light_skin_tone,-0.001876,0.105813
🇯🇪,Jersey,-0.001878,0.106303
🪁,kite,-0.001990,-0.114273
🧗🏿‍♀️,woman_climbing_dark_skin_tone,-0.002021,-0.074553
👨🏽‍🌾,man_farmer_medium_skin_tone,-0.002062,0.146246
🪂,parachute,-0.002079,-0.123960
🏋‍♀,woman_lifting_weights,-0.002141,0.124884
🪝,hook,-0.002202,-0.082105
🇮🇩,Indonesia,-0.002242,0.088887
🟣,purple_circle,-0.002265,-0.163801
👯🏼‍♂,men_with_bunny_ears_medium-light_skin_tone,-0.002280,0.084830
👉🏾,backhand_index_pointing_right_medium-dark_skin_tone,-0.002335,-0.136465
🧎🏿‍♀,woman_kneeling_dark_skin_tone,-0.002341,-0.058460
👩🏼‍❤‍💋‍👨🏿,kiss_woman_man_medium-light_skin_tone_dark_skin_tone,-0.002347,-0.014454
🤸🏼‍♂,man_cartwheeling_medium-light_skin_tone,-0.002351,0.141835
👩🏽‍❤‍💋‍👩🏿,kiss_woman_woman_medium_skin_tone_dark_skin_tone,-0.002442,-0.058570
🏊🏾‍♂️,man_swimming_medium-dark_skin_tone,-0.002467,0.135727
🧑🏿‍🤝‍🧑🏾,people_holding_hands_dark_skin_tone_medium-dark_skin_tone,-0.002473,-0.058290
↔️,left-right_arrow,-0.002507,-0.140942
🚏,bus_stop,-0.002543,-0.064671
🫱🏽‍🫲🏾,handshake_medium_skin_tone_medium-dark_skin_tone,-0.002555,0.122640
👩🏾‍❤️‍👨🏾,couple_with_heart_woman_man_medium-dark_skin_tone,-0.002601,0.095805
⛹,person_bouncing_ball,-0.002611,-0.086637
🦸🏿‍♂️,man_superhero_dark_skin_tone,-0.002660,-0.062327
⏏,eject_button,-0.002712,-0.087690
👨🏽‍⚕️,man_health_worker_medium_skin_tone,-0.002759,0.177423
👦,boy,-0.002791,-0.136868
🚴🏼‍♀,woman_biking_medium-light_skin_tone,-0.002816,0.157351
🙃,upside-down_face,-0.002832,-0.142361
➗,divide,-0.002861,-0.078533
👩‍🔬,woman_scientist,-0.002882,0.079607
🧑🏼‍❤️‍💋‍🧑🏻,kiss_person_person_medium-light_skin_tone_light_skin_tone,-0.002911,0.072119
👨🏽‍❤️‍👨🏽,couple_with_heart_man_man_medium_skin_tone,-0.002929,0.114285
👯🏻‍♂,men_with_bunny_ears_light_skin_tone,-0.002946,0.086302
🏌🏼‍♂️,man_golfing_medium-light_skin_tone,-0.002963,0.151739
⏯,play_or_pause_button,-0.002966,-0.104167
👨‍🌾,man_farmer,-0.003017,0.137972
👨‍👩‍👦,family_man_woman_boy,-0.003025,0.120634
🤷🏼‍♀,woman_shrugging_medium-light_skin_tone,-0.003030,0.122662
🧙🏿‍♀️,woman_mage_dark_skin_tone,-0.003034,-0.066134
🧜‍♀,mermaid,-0.003059,0.171409
💇🏻‍♂️,man_getting_haircut_light_skin_tone,-0.003154,0.128882
👩🏾‍❤️‍👨🏻,couple_with_heart_woman_man_medium-dark_skin_tone_light_skin_tone,-0.003183,0.107627
💇🏽‍♂️,man_getting_haircut_medium_skin_tone,-0.003201,0.077045
🇨🇮,Côte_d’Ivoire,-0.003253,0.101181
🏧,ATM_sign,-0.003261,-0.116577
👨‍👨‍👦‍👦,family_man_man_boy_boy,-0.003331,0.141027
💂🏼‍♂️,man_guard_medium-light_skin_tone,-0.003347,0.078512
💂🏽‍♂️,man_guard_medium_skin_tone,-0.003413,0.057809
💇‍♂️,man_getting_haircut,-0.003420,0.105080
🧑🏿‍🤝‍🧑🏻,people_holding_hands_dark_skin_tone_light_skin_tone,-0.003494,-0.053539
👨🏻‍❤️‍💋‍👨🏿,kiss_man_man_light_skin_tone_dark_skin_tone,-0.003512,-0.059591
🇺🇦,Ukraine,-0.003531,0.075748
📪,closed_mailbox_with_lowered_flag,-0.003533,-0.103568
👩🏼‍❤‍💋‍👨🏾,kiss_woman_man_medium-light_skin_tone_medium-dark_skin_tone,-0.003540,0.073542
👩🏻‍❤️‍👩🏽,couple_with_heart_woman_woman_light_skin_tone_medium_skin_tone,-0.003545,0.104873
🛝,playground_slide,-0.003576,-0.129792
🧑🏿‍❤️‍💋‍🧑🏼,kiss_person_person_dark_skin_tone_medium-light_skin_tone,-0.003644,-0.059561
🇱🇮,Liechtenstein,-0.003650,0.104174
🧑🏾‍⚕️,health_worker_medium-dark_skin_tone,-0.003669,0.124542
🇹🇷,Türkiye,-0.003759,0.088021
👩🏼‍❤️‍👩🏽,couple_with_heart_woman_woman_medium-light_skin_tone_medium_skin_tone,-0.003770,0.116907
👩‍🏭,woman_factory_worker,-0.003777,-0.073917
🇳🇬,Nigeria,-0.003779,0.112834
🤸‍♂,man_cartwheeling,-0.003856,0.110450
🧑🏼‍❤‍💋‍🧑🏻,kiss_person_person_medium-light_skin_tone_light_skin_tone,-0.003885,0.065399
🤨,face_with_raised_eyebrow,-0.003906,-0.068494
🗑️,wastebasket,-0.003932,-0.106753
👩🏽‍❤‍👩🏽,couple_with_heart_woman_woman_medium_skin_tone,-0.003947,0.105185
👩🏽‍⚕️,woman_health_worker_medium_skin_tone,-0.003980,0.176009
👩🏾‍❤‍👩🏻,couple_with_heart_woman_woman_medium-dark_skin_tone_light_skin_tone,-0.004047,0.090562
🔰,Japanese_symbol_for_beginner,-0.004063,-0.138058
👩🏾‍🔧,woman_mechanic_medium-dark_skin_tone,-0.004102,0.134987
🏋‍♂,man_lifting_weights,-0.004117,0.107311
💆🏼‍♀,woman_getting_massage_medium-light_skin_tone,-0.004176,0.125377
🫱🏾‍🫲🏼,handshake_medium-dark_skin_tone_medium-light_skin_tone,-0.004244,0.109679
🙎🏻,person_pouting_light_skin_tone,-0.004269,-0.102120
👬🏽,men_holding_hands_medium_skin_tone,-0.004284,-0.159955
🔤,input_latin_letters,-0.004298,-0.134977
🧑🏿‍❤️‍💋‍🧑🏽,kiss_person_person_dark_skin_tone_medium_skin_tone,-0.004300,-0.064711
🙍🏼,person_frowning_medium-light_skin_tone,-0.004395,-0.107139
👩🏿‍🤝‍👩🏻,women_holding_hands_dark_skin_tone_light_skin_tone,-0.004416,-0.038503
👯‍♂,men_with_bunny_ears,-0.004424,0.055263
🤸🏻‍♂,man_cartwheeling_light_skin_tone,-0.004452,0.125585
🇲🇩,Moldova,-0.004542,0.102754
😐,neutral_face,-0.004555,0.030247
👩🏽‍❤‍💋‍👨🏾,kiss_woman_man_medium_skin_tone_medium-dark_skin_tone,-0.004607,0.080313
🇦🇫,Afghanistan,-0.004627,0.100872
🇾🇹,Mayotte,-0.004633,0.111346
☎,telephone,-0.004645,-0.154469
🤸🏽‍♀,woman_cartwheeling_medium_skin_tone,-0.004671,0.122551
📌,pushpin,-0.004672,-0.157971
💂🏼‍♀️,woman_guard_medium-light_skin_tone,-0.004694,0.065476
👩🏾‍❤️‍👩🏽,couple_with_heart_woman_woman_medium-dark_skin_tone_medium_skin_tone,-0.004725,0.101289
💂🏿‍♀️,woman_guard_dark_skin_tone,-0.004741,-0.118855
🏊‍♂️,man_swimming,-0.004818,0.173743
🧎🏼‍♂‍➡️,man_kneeling_facing_right_medium-light_skin_tone,-0.004836,-0.012580
🙍,person_frowning,-0.004872,-0.131273
💇🏻,person_getting_haircut_light_skin_tone,-0.004877,0.019860
4⃣,keycap_4,-0.004946,-0.140962
👨🏼‍❤️‍👨🏻,couple_with_heart_man_man_medium-light_skin_tone_light_skin_tone,-0.004957,0.121453
🏊‍♀️,woman_swimming,-0.005088,0.183163
👢,woman’s_boot,-0.005104,-0.154899
㊗️,Japanese_congratulations_button,-0.005268,-0.135868
👱🏽‍♂️,man_medium_skin_tone_blond_hair,-0.005334,0.121164
💇🏼,person_getting_haircut_medium-light_skin_tone,-0.005369,0.062821
🧑🏻‍🍼,person_feeding_baby_light_skin_tone,-0.005429,0.074792
👩🏽‍❤️‍💋‍👩🏿,kiss_woman_woman_medium_skin_tone_dark_skin_tone,-0.005510,-0.051088
🌖,waning_gibbous_moon,-0.005521,0.170096
💂‍♂,man_guard,-0.005635,-0.009089
👩🏻‍⚕️,woman_health_worker_light_skin_tone,-0.005669,0.176126
🧟‍♂️,man_zombie,-0.005695,0.069540
🧖🏾‍♂️,man_in_steamy_room_medium-dark_skin_tone,-0.005710,0.106976
👩🏼‍❤️‍👩🏻,couple_with_heart_woman_woman_medium-light_skin_tone_light_skin_tone,-0.005762,0.113542
👩🏽‍🤝‍👩🏾,women_holding_hands_medium_skin_tone_medium-dark_skin_tone,-0.005801,0.082149
🧎🏿‍♂️‍➡️,man_kneeling_facing_right_dark_skin_tone,-0.005911,-0.104192
👩🏼‍❤️‍👩🏼,couple_with_heart_woman_woman_medium-light_skin_tone,-0.005918,0.099672
👩‍🎨,woman_artist,-0.005931,0.082145
👩🏾‍❤️‍👨🏽,couple_with_heart_woman_man_medium-dark_skin_tone_medium_skin_tone,-0.005966,0.095641
🚣🏼‍♀,woman_rowing_boat_medium-light_skin_tone,-0.005967,0.135485
👨🏿‍🤝‍👨🏾,men_holding_hands_dark_skin_tone_medium-dark_skin_tone,-0.005970,-0.055685
👨‍👨‍👧,family_man_man_girl,-0.005982,0.126397
👩🏻‍💻,woman_technologist_light_skin_tone,-0.006001,0.109896
👩🏼‍❤‍👨🏼,couple_with_heart_woman_man_medium-light_skin_tone,-0.006100,0.107544
👩🏾‍🚒,woman_firefighter_medium-dark_skin_tone,-0.006153,0.151320
👨🏾‍🍳,man_cook_medium-dark_skin_tone,-0.006157,0.128554
🇬🇹,Guatemala,-0.006182,0.098186
👨🏽‍🔬,man_scientist_medium_skin_tone,-0.006207,0.113362
👯🏻‍♀,women_with_bunny_ears_light_skin_tone,-0.006254,0.086432
🀄,mahjong_red_dragon,-0.006262,-0.151405
🧑🏽‍🎤,singer_medium_skin_tone,-0.006312,0.070365
🇹🇹,Trinidad_&_Tobago,-0.006320,0.088079
🔚,END_arrow,-0.006388,-0.157662
👩🏽‍❤‍👨🏽,couple_with_heart_woman_man_medium_skin_tone,-0.006401,0.099403
🚴🏼‍♂,man_biking_medium-light_skin_tone,-0.006416,0.147066
🗽,Statue_of_Liberty,-0.006420,-0.125945
⛄,snowman_without_snow,-0.006459,0.005115
🇦🇿,Azerbaijan,-0.006474,0.090169
👩🏼‍🔬,woman_scientist_medium-light_skin_tone,-0.006483,0.136917
🧑‍💻,technologist,-0.006520,0.088825
🔘,radio_button,-0.006523,-0.155633
🧍🏽,person_standing_medium_skin_tone,-0.006548,-0.109455
💇🏼‍♀️,woman_getting_haircut_medium-light_skin_tone,-0.006586,0.117713
🤼🏽‍♂️,men_wrestling_medium_skin_tone,-0.006591,0.133165
🤷🏼‍♂,man_shrugging_medium-light_skin_tone,-0.006596,0.111434
🧑🏻‍💻,technologist_light_skin_tone,-0.006608,0.081955
🤸🏻‍♀,woman_cartwheeling_light_skin_tone,-0.006635,0.123037
💂🏾‍♂️,man_guard_medium-dark_skin_tone,-0.006651,-0.000366
👩‍❤️‍👨,couple_with_heart_woman_man,-0.006739,0.074516
🇼🇸,Samoa,-0.006741,0.101260
🏔,snow-capped_mountain,-0.006744,-0.072760
🗜,clamp,-0.006811,-0.116043
🤼🏼‍♂️,men_wrestling_medium-light_skin_tone,-0.006836,0.152411
🇬🇩,Grenada,-0.006944,0.104375
🔜,SOON_arrow,-0.006954,-0.156708
👳🏿‍♀️,woman_wearing_turban_dark_skin_tone,-0.006954,-0.081902
♀,female_sign,-0.007056,-0.073361
🇫🇯,Fiji,-0.007071,0.108104
🤽🏼‍♀,woman_playing_water_polo_medium-light_skin_tone,-0.007120,0.131010
🤾🏿‍♀️,woman_playing_handball_dark_skin_tone,-0.007129,-0.088768
👩🏻‍❤️‍💋‍👩🏿,kiss_woman_woman_light_skin_tone_dark_skin_tone,-0.007196,-0.073431
🧏‍♀️,deaf_woman,-0.007197,0.133064
👩🏽‍🎨,woman_artist_medium_skin_tone,-0.007202,0.138462
🇪🇷,Eritrea,-0.007216,0.093827
🧞‍♀,woman_genie,-0.007219,0.145785
😤,face_with_steam_from_nose,-0.007302,-0.077769
🤷🏾‍♂,man_shrugging_medium-dark_skin_tone,-0.007338,0.097995
🧑🏿‍❤‍💋‍🧑🏻,kiss_person_person_dark_skin_tone_light_skin_tone,-0.007341,-0.062488
👩🏾‍❤️‍💋‍👩🏿,kiss_woman_woman_medium-dark_skin_tone_dark_skin_tone,-0.007441,-0.036996
🧑🏽‍🎨,artist_medium_skin_tone,-0.007448,0.081508
👩🏽‍🔬,woman_scientist_medium_skin_tone,-0.007455,0.122084
🚶🏽‍♀️,woman_walking_medium_skin_tone,-0.007464,0.139316
👩‍👩‍👦‍👦,family_woman_woman_boy_boy,-0.007468,0.112013
💆‍♀,woman_getting_massage,-0.007473,0.101401
🕵🏾‍♀,woman_detective_medium-dark_skin_tone,-0.007548,-0.027508
🚣🏻‍♀,woman_rowing_boat_light_skin_tone,-0.007558,0.119403
👩🏻‍❤‍👨🏼,couple_with_heart_woman_man_light_skin_tone_medium-light_skin_tone,-0.007605,0.099939
👮🏻‍♀️,woman_police_officer_light_skin_tone,-0.007629,0.113047
👧🏼,girl_medium-light_skin_tone,-0.007637,-0.144144
🧏🏻‍♂,deaf_man_light_skin_tone,-0.007650,0.148788
👬,men_holding_hands,-0.007694,-0.158874
🧑🏼‍🔧,mechanic_medium-light_skin_tone,-0.007706,0.135778
♦,diamond_suit,-0.007750,-0.054431
👩🏾‍❤‍👩🏾,couple_with_heart_woman_woman_medium-dark_skin_tone,-0.007757,0.077771
⛹🏼‍♀️,woman_bouncing_ball_medium-light_skin_tone,-0.007814,0.038348
👩🏿‍❤‍👩🏾,couple_with_heart_woman_woman_dark_skin_tone_medium-dark_skin_tone,-0.007879,-0.037957
⛱️,umbrella_on_ground,-0.007935,-0.088573
👩🏿‍❤‍👩🏼,couple_with_heart_woman_woman_dark_skin_tone_medium-light_skin_tone,-0.007957,-0.018837
🧑‍🎓,student,-0.007961,0.089677
👩🏽‍❤️‍👩🏾,couple_with_heart_woman_woman_medium_skin_tone_medium-dark_skin_tone,-0.007998,0.100747
💇🏾‍♂️,man_getting_haircut_medium-dark_skin_tone,-0.008006,0.075534
🧗🏿‍♂️,man_climbing_dark_skin_tone,-0.008007,-0.090195
👨‍👨‍👧‍👧,family_man_man_girl_girl,-0.008010,0.142212
🧎🏼‍♀,woman_kneeling_medium-light_skin_tone,-0.008012,0.079778
👯🏾‍♀,women_with_bunny_ears_medium-dark_skin_tone,-0.008028,0.045135
😛,face_with_tongue,-0.008104,-0.087756
🧘‍♂,man_in_lotus_position,-0.008338,0.175334
🧑‍🩰,ballet_dancer,-0.008441,0.003369
🇳🇦,Namibia,-0.008449,0.097947
👩🏻‍🌾,woman_farmer_light_skin_tone,-0.008528,0.130381
🇻🇪,Venezuela,-0.008630,0.088971
🤾🏾‍♀️,woman_playing_handball_medium-dark_skin_tone,-0.008683,0.072513
👩🏽‍❤️‍👩🏻,couple_with_heart_woman_woman_medium_skin_tone_light_skin_tone,-0.008712,0.108362
✝,latin_cross,-0.008747,-0.172695
👴🏾,old_man_medium-dark_skin_tone,-0.008750,-0.107654
🇹🇳,Tunisia,-0.008769,0.057177
🇸🇱,Sierra_Leone,-0.008849,0.071223
🙋🏽,person_raising_hand_medium_skin_tone,-0.008884,-0.103524
🧎🏻‍♂,man_kneeling_light_skin_tone,-0.008934,0.096767
👨🏿,man_dark_skin_tone,-0.008936,-0.071472
🙆🏾‍♀️,woman_gesturing_OK_medium-dark_skin_tone,-0.008938,0.010708
🤸🏽‍♂,man_cartwheeling_medium_skin_tone,-0.008943,0.115035
🤷🏽‍♂,man_shrugging_medium_skin_tone,-0.008943,0.096280
🇪🇨,Ecuador,-0.008951,0.099853
🤾🏿‍♂️,man_playing_handball_dark_skin_tone,-0.008976,-0.095347
🤷🏾‍♀,woman_shrugging_medium-dark_skin_tone,-0.009000,0.101324
🤸‍♀,woman_cartwheeling,-0.009045,0.108537
👨🏽‍🎨,man_artist_medium_skin_tone,-0.009054,0.104481
👩‍👧‍👦,family_woman_girl_boy,-0.009057,0.133136
👩🏿‍⚖️,woman_judge_dark_skin_tone,-0.009071,-0.018674
👰🏾,person_with_veil_medium-dark_skin_tone,-0.009158,-0.174741
🧟‍♀️,woman_zombie,-0.009169,0.066187
😯,hushed_face,-0.009225,-0.084414
👴🏽,old_man_medium_skin_tone,-0.009249,-0.080670
🇺🇿,Uzbekistan,-0.009250,0.082220
🙇🏿‍♂️,man_bowing_dark_skin_tone,-0.009258,-0.099213
🧛‍♀,woman_vampire,-0.009263,0.097536
🎟,admission_tickets,-0.009297,-0.112983
👋🏿,waving_hand_dark_skin_tone,-0.009334,-0.155932
💇🏽,person_getting_haircut_medium_skin_tone,-0.009393,-0.096091
📎,paperclip,-0.009446,-0.121787
🙎🏾,person_pouting_medium-dark_skin_tone,-0.009491,-0.138071
🧛🏿‍♀️,woman_vampire_dark_skin_tone,-0.009533,-0.065349
💲,heavy_dollar_sign,-0.009535,-0.071256
🙎🏼,person_pouting_medium-light_skin_tone,-0.009558,-0.094159
🧑🏼‍⚕️,health_worker_medium-light_skin_tone,-0.009631,0.155787
❣,heart_exclamation,-0.009678,-0.172747
🧏🏿‍♀️,deaf_woman_dark_skin_tone,-0.009714,-0.073190
🚣‍♀,woman_rowing_boat,-0.009786,0.106464
❔,white_question_mark,-0.009890,-0.138631
👨🏻‍🔬,man_scientist_light_skin_tone,-0.009972,0.120515
🧑🏾‍❤️‍💋‍🧑🏼,kiss_person_person_medium-dark_skin_tone_medium-light_skin_tone,-0.010000,0.006019
👩🏽‍❤‍👨🏻,couple_with_heart_woman_man_medium_skin_tone_light_skin_tone,-0.010018,0.098681
🇩🇿,Algeria,-0.010049,0.081807
🤷🏽‍♀,woman_shrugging_medium_skin_tone,-0.010059,0.101061
🧑🏾‍❤‍💋‍🧑🏻,kiss_person_person_medium-dark_skin_tone_light_skin_tone,-0.010092,0.002397
🇪🇭,Western_Sahara,-0.010106,0.075263
🏙,cityscape,-0.010159,-0.056363
🏕,camping,-0.010236,-0.083661
🧘🏼‍♂,man_in_lotus_position_medium-light_skin_tone,-0.010255,0.182057
👨🏽‍💻,man_technologist_medium_skin_tone,-0.010319,0.102228
🧔🏿‍♂️,man_dark_skin_tone_beard,-0.010343,-0.056932
👩🏻‍❤️‍👨🏽,couple_with_heart_woman_man_light_skin_tone_medium_skin_tone,-0.010374,0.091112
😢,crying_face,-0.010411,0.073551
👩🏾‍❤‍👨🏻,couple_with_heart_woman_man_medium-dark_skin_tone_light_skin_tone,-0.010432,0.091323
👨🏻‍🎨,man_artist_light_skin_tone,-0.010442,0.099638
❗,red_exclamation_mark,-0.010452,-0.188924
🧗🏾‍♂️,man_climbing_medium-dark_skin_tone,-0.010524,0.068160
🧝🏾‍♂,man_elf_medium-dark_skin_tone,-0.010542,0.147906
🏊🏼‍♂️,man_swimming_medium-light_skin_tone,-0.010558,0.172944
👩🏼‍⚕️,woman_health_worker_medium-light_skin_tone,-0.010607,0.178626
☠️,skull_and_crossbones,-0.010672,-0.139690
💇🏼‍♂️,man_getting_haircut_medium-light_skin_tone,-0.010691,0.119999
🧑🏿‍❤‍💋‍🧑🏽,kiss_person_person_dark_skin_tone_medium_skin_tone,-0.010697,-0.071735
👳🏿‍♂️,man_wearing_turban_dark_skin_tone,-0.010702,-0.095664
🇱🇾,Libya,-0.010708,0.095041
🧔🏿‍♀️,woman_dark_skin_tone_beard,-0.010805,-0.056774
🧑🏻‍❤️‍💋‍🧑🏼,kiss_person_person_light_skin_tone_medium-light_skin_tone,-0.010824,0.033088
🧑‍⚖️,judge,-0.010874,0.131240
👩‍👩‍👧‍👦,family_woman_woman_girl_boy,-0.010927,0.124157
🧎🏻‍♂‍➡️,man_kneeling_facing_right_light_skin_tone,-0.010996,-0.001534
🧗🏾‍♀️,woman_climbing_medium-dark_skin_tone,-0.011013,0.077468
🙎🏿‍♀️,woman_pouting_dark_skin_tone,-0.011046,-0.068554
#️⃣,keycap_#,-0.011053,-0.090749
👩🏽‍❤‍👨🏼,couple_with_heart_woman_man_medium_skin_tone_medium-light_skin_tone,-0.011088,0.096280
👩🏾‍❤‍👩🏽,couple_with_heart_woman_woman_medium-dark_skin_tone_medium_skin_tone,-0.011118,0.083170
🇬🇱,Greenland,-0.011133,0.085957
🇳🇵,Nepal,-0.011219,0.096595
👨🏾‍❤️‍💋‍👨🏿,kiss_man_man_medium-dark_skin_tone_dark_skin_tone,-0.011362,-0.042645
🤽🏼‍♂,man_playing_water_polo_medium-light_skin_tone,-0.011380,0.137554
👩🏼‍❤‍👨🏻,couple_with_heart_woman_man_medium-light_skin_tone_light_skin_tone,-0.011423,0.103016
👫🏾,woman_and_man_holding_hands_medium-dark_skin_tone,-0.011436,-0.112217
🚣🏻‍♂,man_rowing_boat_light_skin_tone,-0.011457,0.112727
👨🏼‍⚕️,man_health_worker_medium-light_skin_tone,-0.011473,0.180457
👩🏼‍❤‍👩🏼,couple_with_heart_woman_woman_medium-light_skin_tone,-0.011484,0.090488
👲🏽,person_with_skullcap_medium_skin_tone,-0.011513,-0.020257
👩🏽‍❤‍👩🏻,couple_with_heart_woman_woman_medium_skin_tone_light_skin_tone,-0.011523,0.092679
🧑🏿‍❤‍💋‍🧑🏼,kiss_person_person_dark_skin_tone_medium-light_skin_tone,-0.011527,-0.070404
👩🏿‍❤️‍👩🏼,couple_with_heart_woman_woman_dark_skin_tone_medium-light_skin_tone,-0.011545,-0.010889
🧑🏽‍❤️‍💋‍🧑🏼,kiss_person_person_medium_skin_tone_medium-light_skin_tone,-0.011552,0.037092
☮,peace_symbol,-0.011566,-0.180763
👩🏾‍❤‍👨🏾,couple_with_heart_woman_man_medium-dark_skin_tone,-0.011626,0.077520
👩🏽‍💻,woman_technologist_medium_skin_tone,-0.011720,0.115093
👨🏻‍❤‍💋‍👨🏿,kiss_man_man_light_skin_tone_dark_skin_tone,-0.011734,-0.076380
👩🏾‍⚕️,woman_health_worker_medium-dark_skin_tone,-0.011748,0.158686
👩🏾‍💻,woman_technologist_medium-dark_skin_tone,-0.011859,0.103883
2️⃣,keycap_2,-0.011895,-0.159271
🇫🇰,Falkland_Islands,-0.011962,0.092648
⛹🏽‍♂️,man_bouncing_ball_medium_skin_tone,-0.012023,0.050093
👩🏽‍🤝‍👨🏼,woman_and_man_holding_hands_medium_skin_tone_medium-light_skin_tone,-0.012029,0.111213
👩🏼‍❤‍👩🏻,couple_with_heart_woman_woman_medium-light_skin_tone_light_skin_tone,-0.012032,0.094731
🚵🏾‍♂️,man_mountain_biking_medium-dark_skin_tone,-0.012038,0.051541
👩🏿‍🤝‍👨🏻,woman_and_man_holding_hands_dark_skin_tone_light_skin_tone,-0.012058,-0.004618
💂🏿‍♂️,man_guard_dark_skin_tone,-0.012065,-0.129646
🙆🏻‍♂,man_gesturing_OK_light_skin_tone,-0.012112,0.024195
🧏🏿‍♂️,deaf_man_dark_skin_tone,-0.012152,-0.081118
👨🏽‍❤️‍👨🏻,couple_with_heart_man_man_medium_skin_tone_light_skin_tone,-0.012153,0.096988
🙋🏾‍♂️,man_raising_hand_medium-dark_skin_tone,-0.012176,-0.076154
🤽🏽‍♂,man_playing_water_polo_medium_skin_tone,-0.012215,0.122622
🇰🇵,North_Korea,-0.012267,0.085294
👩🏽‍🌾,woman_farmer_medium_skin_tone,-0.012291,0.127890
👩🏼‍❤️‍👨🏽,couple_with_heart_woman_man_medium-light_skin_tone_medium_skin_tone,-0.012301,0.099025
🏊🏼‍♀️,woman_swimming_medium-light_skin_tone,-0.012316,0.181011
🏃🏾,person_running_medium-dark_skin_tone,-0.012322,-0.113246
🇨🇬,Congo-Brazzaville,-0.012400,0.078235
👩🏿‍❤️‍👩🏾,couple_with_heart_woman_woman_dark_skin_tone_medium-dark_skin_tone,-0.012431,-0.030716
🙍🏿‍♂,man_frowning_dark_skin_tone,-0.012514,-0.071564
🇲🇭,Marshall_Islands,-0.012517,0.089239
🈺,Japanese_open_for_business_button,-0.012553,-0.186939
🚶🏻‍♂‍➡️,man_walking_facing_right_light_skin_tone,-0.012557,0.015370
♿,wheelchair_symbol,-0.012616,-0.059087
⛰,mountain,-0.012629,-0.101780
🧎🏼‍♀‍➡️,woman_kneeling_facing_right_medium-light_skin_tone,-0.012662,-0.014942
🛣,motorway,-0.012664,-0.119600
♠,spade_suit,-0.012666,-0.052353
🤭,face_with_hand_over_mouth,-0.012709,-0.162006
🚶‍♂‍➡️,man_walking_facing_right,-0.012768,-0.007150
⛹🏼‍♂️,man_bouncing_ball_medium-light_skin_tone,-0.012800,0.051409
👩🏼‍🤝‍👩🏾,women_holding_hands_medium-light_skin_tone_medium-dark_skin_tone,-0.012811,0.078222
👩🏻‍❤️‍👩🏼,couple_with_heart_woman_woman_light_skin_tone_medium-light_skin_tone,-0.012817,0.091921
🦹🏿‍♂️,man_supervillain_dark_skin_tone,-0.012838,-0.099032
👨🏿‍🏭,man_factory_worker_dark_skin_tone,-0.012856,-0.085954
🧖🏿‍♀️,woman_in_steamy_room_dark_skin_tone,-0.012887,-0.062020
🧑🏻,person_light_skin_tone,-0.012887,-0.108839
🖇️,linked_paperclips,-0.012980,-0.159990
📥,inbox_tray,-0.013031,-0.155474
👩‍💻,woman_technologist,-0.013062,0.065257
⏮️,last_track_button,-0.013070,-0.103610
🧘🏿‍♂️,man_in_lotus_position_dark_skin_tone,-0.013104,-0.084656
👩🏿‍🤝‍👩🏾,women_holding_hands_dark_skin_tone_medium-dark_skin_tone,-0.013149,-0.041816
👩🏻‍❤‍👩🏽,couple_with_heart_woman_woman_light_skin_tone_medium_skin_tone,-0.013191,0.087140
✴,eight-pointed_star,-0.013209,-0.189232
🚶🏼‍♀️,woman_walking_medium-light_skin_tone,-0.013222,0.133322
👮‍♀,woman_police_officer,-0.013249,0.037764
🧑🏻‍❤️‍💋‍🧑🏽,kiss_person_person_light_skin_tone_medium_skin_tone,-0.013303,0.023409
🤽🏽‍♀,woman_playing_water_polo_medium_skin_tone,-0.013336,0.113736
👩‍👩‍👧‍👧,family_woman_woman_girl_girl,-0.013342,0.123813
👩🏻‍🏭,woman_factory_worker_light_skin_tone,-0.013427,-0.004416
🇬🇬,Guernsey,-0.013453,0.073290
🧑🏻‍❤‍💋‍🧑🏼,kiss_person_person_light_skin_tone_medium-light_skin_tone,-0.013465,0.027540
🙍🏽,person_frowning_medium_skin_tone,-0.013511,-0.128723
👨🏽‍❤️‍💋‍👨🏿,kiss_man_man_medium_skin_tone_dark_skin_tone,-0.013532,-0.046982
👨🏿‍🍳,man_cook_dark_skin_tone,-0.013587,-0.070387
👩🏻‍❤‍👩🏼,couple_with_heart_woman_woman_light_skin_tone_medium-light_skin_tone,-0.013722,0.088543
👎,thumbs_down,-0.013780,-0.046427
🇨🇷,Costa_Rica,-0.013789,0.083906
👩🏻‍🤝‍👨🏼,woman_and_man_holding_hands_light_skin_tone_medium-light_skin_tone,-0.013795,0.100221
🫃🏾,pregnant_man_medium-dark_skin_tone,-0.013813,-0.120204
📿,prayer_beads,-0.013824,-0.150238
🧞‍♂,man_genie,-0.013837,0.130771
🚶‍♀‍➡️,woman_walking_facing_right,-0.013852,-0.004581
🧎🏽‍♂‍➡️,man_kneeling_facing_right_medium_skin_tone,-0.013934,-0.027830
👯‍♀,women_with_bunny_ears,-0.013984,0.042825
👯🏾‍♂,men_with_bunny_ears_medium-dark_skin_tone,-0.014012,0.047728
🇭🇰,Hong_Kong_SAR_China,-0.014053,0.089580
🧎🏾‍♂‍➡️,man_kneeling_facing_right_medium-dark_skin_tone,-0.014088,-0.075461
🚣🏼‍♂,man_rowing_boat_medium-light_skin_tone,-0.014132,0.126416
☣,biohazard,-0.014133,-0.188215
👩🏿‍❤‍👩🏽,couple_with_heart_woman_woman_dark_skin_tone_medium_skin_tone,-0.014164,-0.024993
😱,face_screaming_in_fear,-0.014166,0.028402
🦹🏿‍♀️,woman_supervillain_dark_skin_tone,-0.014174,-0.085526
🤵🏿‍♂️,man_in_tuxedo_dark_skin_tone,-0.014240,-0.089565
👳‍♀️,woman_wearing_turban,-0.014271,0.131137
👨‍👨‍👦,family_man_man_boy,-0.014277,0.109624
👐🏾,open_hands_medium-dark_skin_tone,-0.014294,-0.167144
🤼🏼‍♀️,women_wrestling_medium-light_skin_tone,-0.014308,0.147259
♏,Scorpio,-0.014332,0.098389
👩🏾‍🔬,woman_scientist_medium-dark_skin_tone,-0.014350,0.096005
🧎🏿‍➡️,person_kneeling_facing_right_dark_skin_tone,-0.014438,-0.113737
👩🏾‍❤‍👨🏼,couple_with_heart_woman_man_medium-dark_skin_tone_medium-light_skin_tone,-0.014480,0.086324
🇲🇫,St._Martin,-0.014562,0.088825
⛹🏽‍♀️,woman_bouncing_ball_medium_skin_tone,-0.014574,0.021561
👨🏼‍❤‍💋‍👨🏾,kiss_man_man_medium-light_skin_tone_medium-dark_skin_tone,-0.014621,0.026466
👩🏾‍❤‍👨🏽,couple_with_heart_woman_man_medium-dark_skin_tone_medium_skin_tone,-0.014633,0.079503
👨🏿‍🌾,man_farmer_dark_skin_tone,-0.014722,-0.070811
🚴🏾‍♂,man_biking_medium-dark_skin_tone,-0.014766,0.115358
👩‍⚖️,woman_judge,-0.014772,0.119619
👩🏼‍❤️‍💋‍👩🏿,kiss_woman_woman_medium-light_skin_tone_dark_skin_tone,-0.014848,-0.064694
😑,expressionless_face,-0.014849,-0.019730
🤾🏼‍♂,man_playing_handball_medium-light_skin_tone,-0.014852,0.119329
🧗🏻‍♂,man_climbing_light_skin_tone,-0.014886,0.111553
👉🏿,backhand_index_pointing_right_dark_skin_tone,-0.014923,-0.172294
👩🏿‍🤝‍👩🏼,women_holding_hands_dark_skin_tone_medium-light_skin_tone,-0.014993,-0.042314
🇦🇩,Andorra,-0.015086,0.091170
👨‍🔬,man_scientist,-0.015142,0.062688
⛴,ferry,-0.015225,-0.092975
👩🏾‍🏭,woman_factory_worker_medium-dark_skin_tone,-0.015268,0.010214
🇿🇦,South_Africa,-0.015287,0.099352
👮🏻‍♂️,man_police_officer_light_skin_tone,-0.015316,0.109320
🏥,hospital,-0.015348,-0.062825
🤼🏻‍♀️,women_wrestling_light_skin_tone,-0.015393,0.141680
🤟🏾,love-you_gesture_medium-dark_skin_tone,-0.015422,-0.146566
👦🏽,boy_medium_skin_tone,-0.015430,-0.140247
🈷️,Japanese_monthly_amount_button,-0.015431,-0.147080
👩🏾‍❤️‍👩🏼,couple_with_heart_woman_woman_medium-dark_skin_tone_medium-light_skin_tone,-0.015477,0.091379
👩🏼‍❤‍👩🏽,couple_with_heart_woman_woman_medium-light_skin_tone_medium_skin_tone,-0.015486,0.092711
🔽,downwards_button,-0.015504,-0.148562
🕍,synagogue,-0.015537,-0.129886
🤵🏻‍♂️,man_in_tuxedo_light_skin_tone,-0.015643,0.096933
🗺,world_map,-0.015726,-0.123659
⛑️,rescue_worker’s_helmet,-0.015833,-0.198179
🧎🏼‍♀️‍➡️,woman_kneeling_facing_right_medium-light_skin_tone,-0.015846,-0.057419
👨🏿‍🤝‍👨🏼,men_holding_hands_dark_skin_tone_medium-light_skin_tone,-0.015855,-0.068995
🙍🏾,person_frowning_medium-dark_skin_tone,-0.015877,-0.140805
🏃🏼‍♂‍➡️,man_running_facing_right_medium-light_skin_tone,-0.015881,0.039882
👨🏾‍❤️‍👨🏾,couple_with_heart_man_man_medium-dark_skin_tone,-0.015907,0.074828
😶‍🌫️,face_in_clouds,-0.015951,0.064902
🧎🏻‍♀‍➡️,woman_kneeling_facing_right_light_skin_tone,-0.015956,-0.011257
🤵🏿‍♀️,woman_in_tuxedo_dark_skin_tone,-0.016086,-0.086654
👨🏾‍🚒,man_firefighter_medium-dark_skin_tone,-0.016122,0.132604
👩🏾‍❤‍👩🏼,couple_with_heart_woman_woman_medium-dark_skin_tone_medium-light_skin_tone,-0.016146,0.084331
⛹‍♀️,woman_bouncing_ball,-0.016258,-0.083874
👩🏿‍❤️‍👨🏻,couple_with_heart_woman_man_dark_skin_tone_light_skin_tone,-0.016269,-0.006961
😶,face_without_mouth,-0.016342,-0.091343
🧑🏿‍❤️‍🧑🏻,couple_with_heart_person_person_dark_skin_tone_light_skin_tone,-0.016384,-0.062758
〰️,wavy_dash,-0.016388,-0.030400
🚶‍➡️,person_walking_facing_right,-0.016401,0.043496
👩🏾‍🎨,woman_artist_medium-dark_skin_tone,-0.016402,0.122712
📶,antenna_bars,-0.016404,-0.136754
👩🏿‍❤‍👩🏿,couple_with_heart_woman_woman_dark_skin_tone,-0.016415,-0.081438
🚶🏻‍♀‍➡️,woman_walking_facing_right_light_skin_tone,-0.016420,0.023127
🧏🏼‍♂,deaf_man_medium-light_skin_tone,-0.016420,0.076646
🚵🏾‍♀️,woman_mountain_biking_medium-dark_skin_tone,-0.016421,0.042098
👩‍👧‍👧,family_woman_girl_girl,-0.016453,0.130005
🇷🇸,Serbia,-0.016462,0.086175
🧑🏿‍❤️‍💋‍🧑🏾,kiss_person_person_dark_skin_tone_medium-dark_skin_tone,-0.016498,-0.072791
👩🏽‍🍼,woman_feeding_baby_medium_skin_tone,-0.016505,-0.092307
👥,busts_in_silhouette,-0.016525,-0.130024
🧑,person,-0.016527,-0.118434
👩🏼‍❤️‍👩🏾,couple_with_heart_woman_woman_medium-light_skin_tone_medium-dark_skin_tone,-0.016537,0.088404
🏄‍♂,man_surfing,-0.016538,0.116598
🤼🏿‍♀️,women_wrestling_dark_skin_tone,-0.016575,-0.094894
💃🏿,woman_dancing_dark_skin_tone,-0.016592,-0.130102
👩🏾‍🤝‍👨🏼,woman_and_man_holding_hands_medium-dark_skin_tone_medium-light_skin_tone,-0.016615,0.092000
🤼🏽‍♀️,women_wrestling_medium_skin_tone,-0.016617,0.126066
🥲,smiling_face_with_tear,-0.016627,0.045950
😮,face_with_open_mouth,-0.016660,-0.155175
🚶🏽‍♂️‍➡️,man_walking_facing_right_medium_skin_tone,-0.016703,0.007606
🧎🏽‍♀‍➡️,woman_kneeling_facing_right_medium_skin_tone,-0.016726,-0.027065
👨🏼‍🔬,man_scientist_medium-light_skin_tone,-0.016782,0.118208
🧑🏽‍❤‍💋‍🧑🏼,kiss_person_person_medium_skin_tone_medium-light_skin_tone,-0.016964,0.023047
🧑🏽‍🍼,person_feeding_baby_medium_skin_tone,-0.017047,0.057555
👱🏻‍♀,woman_light_skin_tone_blond_hair,-0.017060,0.080899
👨🏾‍🔧,man_mechanic_medium-dark_skin_tone,-0.017133,0.117429
👩🏽‍🤝‍👨🏻,woman_and_man_holding_hands_medium_skin_tone_light_skin_tone,-0.017144,0.102879
🧑🏼‍❤‍💋‍🧑🏽,kiss_person_person_medium-light_skin_tone_medium_skin_tone,-0.017230,0.029818
🙎🏿‍♂,man_pouting_dark_skin_tone,-0.017284,-0.089984
🎋,tanabata_tree,-0.017286,-0.113629
🏴󠁧󠁢󠁷󠁬󠁳󠁿,Wales,-0.017304,-0.094155
↗️,up-right_arrow,-0.017361,-0.032857
👨🏾‍❤‍💋‍👨🏿,kiss_man_man_medium-dark_skin_tone_dark_skin_tone,-0.017425,-0.065837
🛑,stop_sign,-0.017449,-0.180364
😇,smiling_face_with_halo,-0.017451,-0.178070
🧙🏿‍♂️,man_mage_dark_skin_tone,-0.017480,-0.088460
🚶🏻‍♀️‍➡️,woman_walking_facing_right_light_skin_tone,-0.017507,-0.002921
👩🏽‍❤‍👩🏾,couple_with_heart_woman_woman_medium_skin_tone_medium-dark_skin_tone,-0.017516,0.079039
👩🏿‍❤️‍👩🏽,couple_with_heart_woman_woman_dark_skin_tone_medium_skin_tone,-0.017541,-0.016615
🧘🏽‍♂,man_in_lotus_position_medium_skin_tone,-0.017565,0.166570
🇧🇭,Bahrain,-0.017577,0.086018
🧛🏿,vampire_dark_skin_tone,-0.017661,-0.123389
🧘🏾‍♂,man_in_lotus_position_medium-dark_skin_tone,-0.017741,0.136923
🧑🏿‍❤‍💋‍🧑🏾,kiss_person_person_dark_skin_tone_medium-dark_skin_tone,-0.017746,-0.075763
👩‍👩‍👧,family_woman_woman_girl,-0.017838,0.095052
😰,anxious_face_with_sweat,-0.017886,-0.089117
🧑🏼‍❤️‍💋‍🧑🏽,kiss_person_person_medium-light_skin_tone_medium_skin_tone,-0.017904,0.040404
🤽🏿‍♀️,woman_playing_water_polo_dark_skin_tone,-0.017913,-0.114988
🏃,person_running,-0.017938,-0.120292
⛹‍♂️,man_bouncing_ball,-0.017938,-0.063267
👮🏼‍♀️,woman_police_officer_medium-light_skin_tone,-0.018005,0.114459
🙇🏿‍♀️,woman_bowing_dark_skin_tone,-0.018042,-0.095569
👼🏿,baby_angel_dark_skin_tone,-0.018047,-0.163649
♓,Pisces,-0.018065,0.089533
👮‍♂,man_police_officer,-0.018092,0.037373
🙆🏻‍♀,woman_gesturing_OK_light_skin_tone,-0.018112,0.010938
🤾🏻‍♂,man_playing_handball_light_skin_tone,-0.018191,0.084287
💁🏿‍♀️,woman_tipping_hand_dark_skin_tone,-0.018233,-0.151924
👩🏼‍🌾,woman_farmer_medium-light_skin_tone,-0.018248,0.131226
🧎🏻‍♂️‍➡️,man_kneeling_facing_right_light_skin_tone,-0.018250,-0.047507
🤼🏿‍♂️,men_wrestling_dark_skin_tone,-0.018265,-0.101136
🈲,Japanese_prohibited_button,-0.018275,-0.192529
👬🏾,men_holding_hands_medium-dark_skin_tone,-0.018300,-0.166188
👁️‍🗨,eye_in_speech_bubble,-0.018312,-0.166226
🕵🏾‍♂,man_detective_medium-dark_skin_tone,-0.018333,-0.035042
🧎🏻‍♀,woman_kneeling_light_skin_tone,-0.018372,0.095818
👨,man,-0.018378,-0.127388
🙎,person_pouting,-0.018400,-0.161583
👰‍♀️,woman_with_veil,-0.018471,0.011038
👳‍♂️,man_wearing_turban,-0.018475,0.106306
👨🏿‍✈️,man_pilot_dark_skin_tone,-0.018478,-0.082709
👨🏽‍❤‍👨🏽,couple_with_heart_man_man_medium_skin_tone,-0.018541,0.080043
👩🏼‍💻,woman_technologist_medium-light_skin_tone,-0.018582,0.110620
🤽🏾‍♀,woman_playing_water_polo_medium-dark_skin_tone,-0.018644,0.018095
🆘,SOS_button,-0.018656,-0.088272
👱‍♂,man_blond_hair,-0.018726,0.048922
🇹🇰,Tokelau,-0.018731,0.076897
👩🏿‍🤝‍👨🏾,woman_and_man_holding_hands_dark_skin_tone_medium-dark_skin_tone,-0.018744,-0.028423
👨🏿‍🤝‍👨🏽,men_holding_hands_dark_skin_tone_medium_skin_tone,-0.018754,-0.070774
👩🏾‍🍼,woman_feeding_baby_medium-dark_skin_tone,-0.018780,-0.095869
🧜🏿‍♀️,mermaid_dark_skin_tone,-0.018816,-0.080240
🏃🏽‍♂‍➡️,man_running_facing_right_medium_skin_tone,-0.018821,0.049551
🧍🏿,person_standing_dark_skin_tone,-0.018822,-0.091736
🚣🏽‍♀,woman_rowing_boat_medium_skin_tone,-0.018844,0.112234
🇧🇱,St._Barthélemy,-0.018859,0.080317
👩🏿‍🌾,woman_farmer_dark_skin_tone,-0.018868,-0.034956
🚴🏽‍♀,woman_biking_medium_skin_tone,-0.018912,0.131673
🙋🏾,person_raising_hand_medium-dark_skin_tone,-0.019046,-0.128769
🔫,water_pistol,-0.019049,-0.201659
👨‍👧‍👧,family_man_girl_girl,-0.019081,0.134681
🏗,building_construction,-0.019097,-0.122987
🙋🏻‍♀,woman_raising_hand_light_skin_tone,-0.019116,-0.062975
👩🏿‍🔧,woman_mechanic_dark_skin_tone,-0.019123,0.005500
🟦,blue_square,-0.019192,-0.169568
👩🏽‍❤️‍👩🏼,couple_with_heart_woman_woman_medium_skin_tone_medium-light_skin_tone,-0.019201,0.095776
🕣,eight-thirty,-0.019232,-0.159497
👳🏼‍♀️,woman_wearing_turban_medium-light_skin_tone,-0.019271,0.128261
⛎,Ophiuchus,-0.019375,-0.141102
👩🏻‍⚖️,woman_judge_light_skin_tone,-0.019401,0.137239
🇳🇮,Nicaragua,-0.019526,0.082853
♍,Virgo,-0.019528,0.087191
🚴🏾‍♀,woman_biking_medium-dark_skin_tone,-0.019550,0.123729
🏄🏻‍♂,man_surfing_light_skin_tone,-0.019559,0.128106
🧑‍🦱,person_curly_hair,-0.019577,-0.017895
👨🏼‍❤️‍💋‍👨🏿,kiss_man_man_medium-light_skin_tone_dark_skin_tone,-0.019600,-0.064640
👨🏽‍🤝‍👨🏿,men_holding_hands_medium_skin_tone_dark_skin_tone,-0.019602,-0.074905
🇧🇹,Bhutan,-0.019611,0.084025
📭,open_mailbox_with_lowered_flag,-0.019636,-0.188696
🧑🏼‍❤️‍🧑🏻,couple_with_heart_person_person_medium-light_skin_tone_light_skin_tone,-0.019637,0.118182
👨🏽‍🤝‍👨🏼,men_holding_hands_medium_skin_tone_medium-light_skin_tone,-0.019656,0.089623
👨🏼‍❤‍👨🏼,couple_with_heart_man_man_medium-light_skin_tone,-0.019675,0.097979
👩🏾‍🤝‍👨🏻,woman_and_man_holding_hands_medium-dark_skin_tone_light_skin_tone,-0.019681,0.088263
🧑🏼‍🎨,artist_medium-light_skin_tone,-0.019696,0.055374
🧎🏽‍♂️‍➡️,man_kneeling_facing_right_medium_skin_tone,-0.019797,-0.056914
👩🏻‍🍼,woman_feeding_baby_light_skin_tone,-0.019901,-0.106875
🤶🏾,Mrs._Claus_medium-dark_skin_tone,-0.019928,-0.114940
🧔🏿,person_dark_skin_tone_beard,-0.019958,-0.093971
👩🏼‍🤝‍👨🏻,woman_and_man_holding_hands_medium-light_skin_tone_light_skin_tone,-0.019975,0.105175
🧍🏼,person_standing_medium-light_skin_tone,-0.020011,-0.122778
👱‍♀,woman_blond_hair,-0.020025,0.049254
💆🏽‍♀,woman_getting_massage_medium_skin_tone,-0.020115,0.079236
👨🏾‍❤️‍👨🏻,couple_with_heart_man_man_medium-dark_skin_tone_light_skin_tone,-0.020118,0.071812
⏫,fast_up_button,-0.020193,-0.145910
🏃🏿‍♂️,man_running_dark_skin_tone,-0.020199,-0.065646
🇧🇩,Bangladesh,-0.020203,0.075322
👩🏻‍❤‍👨🏽,couple_with_heart_woman_man_light_skin_tone_medium_skin_tone,-0.020269,0.075500
🏌,person_golfing,-0.020335,-0.043113
🧗🏻‍♀,woman_climbing_light_skin_tone,-0.020420,0.106069
👱🏻‍♂,man_light_skin_tone_blond_hair,-0.020424,0.082395
💢,anger_symbol,-0.020430,-0.181624
👩🏽‍❤‍👩🏼,couple_with_heart_woman_woman_medium_skin_tone_medium-light_skin_tone,-0.020514,0.089360
🧑🏾‍🎤,singer_medium-dark_skin_tone,-0.020556,-0.024854
🚫,prohibited,-0.020605,-0.160483
💇🏿‍♀️,woman_getting_haircut_dark_skin_tone,-0.020614,-0.126717
🏽,medium_skin_tone,-0.020619,-0.093919
📠,fax_machine,-0.020619,-0.150258
🈷,Japanese_monthly_amount_button,-0.020620,-0.152689
🧎🏾‍♀‍➡️,woman_kneeling_facing_right_medium-dark_skin_tone,-0.020706,-0.079938
🤽‍♀,woman_playing_water_polo,-0.020708,0.138417
🧔🏻‍♂️,man_light_skin_tone_beard,-0.020751,0.065198
🧍🏿‍♂,man_standing_dark_skin_tone,-0.020805,-0.085570
🧑🏾‍❤‍💋‍🧑🏽,kiss_person_person_medium-dark_skin_tone_medium_skin_tone,-0.020808,-0.020135
🥈,2nd_place_medal,-0.020818,0.038235
🇨🇲,Cameroon,-0.020876,0.079574
🇩🇯,Djibouti,-0.020896,0.080114
🧎🏼‍♂️‍➡️,man_kneeling_facing_right_medium-light_skin_tone,-0.020919,-0.059990
🇪🇺,European_Union,-0.020949,0.060345
🧛🏿‍♂️,man_vampire_dark_skin_tone,-0.021021,-0.061510
🚶🏽‍♂‍➡️,man_walking_facing_right_medium_skin_tone,-0.021056,0.036978
🏃🏿‍♀️,woman_running_dark_skin_tone,-0.021058,-0.058948
😕,confused_face,-0.021091,-0.050908
💮,white_flower,-0.021149,-0.204714
🧎🏻‍♀️‍➡️,woman_kneeling_facing_right_light_skin_tone,-0.021256,-0.060238
🚣‍♂,man_rowing_boat,-0.021302,0.087750
👷🏼‍♀,woman_construction_worker_medium-light_skin_tone,-0.021325,0.123408
🧏🏻‍♀,deaf_woman_light_skin_tone,-0.021372,0.122259
🚴🏽‍♂,man_biking_medium_skin_tone,-0.021399,0.123300
🧍,person_standing,-0.021414,-0.159504
⚠️,warning,-0.021443,-0.196212
🏃🏾‍♂‍➡️,man_running_facing_right_medium-dark_skin_tone,-0.021453,-0.002224
👧🏽,girl_medium_skin_tone,-0.021496,-0.158425
🧑🏾‍🍼,person_feeding_baby_medium-dark_skin_tone,-0.021537,-0.062272
🚶🏻‍♂️‍➡️,man_walking_facing_right_light_skin_tone,-0.021581,-0.018488
🤶,Mrs._Claus,-0.021726,-0.100499
⛹️‍♂️,man_bouncing_ball,-0.021751,-0.008092
☪️,star_and_crescent,-0.021754,-0.194246
👩🏿‍❤‍👨🏻,couple_with_heart_woman_man_dark_skin_tone_light_skin_tone,-0.021871,-0.021197
➡️,right_arrow,-0.021934,-0.178142
💆🏼‍♂,man_getting_massage_medium-light_skin_tone,-0.021956,0.106181
🚶🏽‍♀️‍➡️,woman_walking_facing_right_medium_skin_tone,-0.022077,0.017889
🧑🏿‍❤‍🧑🏻,couple_with_heart_person_person_dark_skin_tone_light_skin_tone,-0.022097,-0.072467
🇨🇫,Central_African_Republic,-0.022129,0.080271
👩🏼‍🎨,woman_artist_medium-light_skin_tone,-0.022173,0.130621
👩‍💼,woman_office_worker,-0.022182,0.070442
🧖🏿‍♂️,man_in_steamy_room_dark_skin_tone,-0.022187,-0.076470
🧑🏽,person_medium_skin_tone,-0.022229,-0.111157
🚣🏽‍♂,man_rowing_boat_medium_skin_tone,-0.022329,0.105849
👷🏻‍♀,woman_construction_worker_light_skin_tone,-0.022378,0.124257
🧑🏿‍🤝‍🧑🏿,people_holding_hands_dark_skin_tone,-0.022409,-0.091749
🙍🏿,person_frowning_dark_skin_tone,-0.022432,-0.092267
🌯,burrito,-0.022533,-0.183745
👨🏿‍❤️‍👨🏻,couple_with_heart_man_man_dark_skin_tone_light_skin_tone,-0.022534,-0.058415
👨‍👦‍👦,family_man_boy_boy,-0.022544,0.106060
👱🏼‍♀,woman_medium-light_skin_tone_blond_hair,-0.022570,0.100694
🤸🏾‍♂,man_cartwheeling_medium-dark_skin_tone,-0.022611,0.093466
🧑🏻‍🏫,teacher_light_skin_tone,-0.022617,0.110968
👨🏽‍❤️‍👨🏼,couple_with_heart_man_man_medium_skin_tone_medium-light_skin_tone,-0.022659,0.075726
☠,skull_and_crossbones,-0.022661,-0.183831
🙇🏿‍♂,man_bowing_dark_skin_tone,-0.022892,-0.114496
👩🏻‍❤️‍👩🏾,couple_with_heart_woman_woman_light_skin_tone_medium-dark_skin_tone,-0.022917,0.062683
👱🏼‍♂,man_medium-light_skin_tone_blond_hair,-0.022944,0.096459
🇬🇫,French_Guiana,-0.022950,0.082836
🇬🇷,Greece,-0.022967,0.057877
🇦🇼,Aruba,-0.023020,0.068796
🧑🏽‍⚖️,judge_medium_skin_tone,-0.023121,0.119274
🏳,white_flag,-0.023166,-0.094177
👩🏽‍🎤,woman_singer_medium_skin_tone,-0.023297,0.114142
☣️,biohazard,-0.023309,-0.190278
👨🏿‍🚒,man_firefighter_dark_skin_tone,-0.023313,-0.087111
🤽🏾‍♂,man_playing_water_polo_medium-dark_skin_tone,-0.023381,0.046184
🤬,face_with_symbols_on_mouth,-0.023391,-0.196146
👩🏿‍🚒,woman_firefighter_dark_skin_tone,-0.023406,-0.010725
⏲,timer_clock,-0.023424,-0.119299
👨🏻‍💻,man_technologist_light_skin_tone,-0.023516,0.093251
👩🏿‍💼,woman_office_worker_dark_skin_tone,-0.023518,-0.041162
🧑🏿‍🤝‍🧑🏼,people_holding_hands_dark_skin_tone_medium-light_skin_tone,-0.023534,-0.075218
🙇🏻‍♀,woman_bowing_light_skin_tone,-0.023559,-0.017227
🧔🏼‍♂️,man_medium-light_skin_tone_beard,-0.023643,0.080832
😵,face_with_crossed-out_eyes,-0.023652,-0.015764
👩🏿‍🎨,woman_artist_dark_skin_tone,-0.023656,-0.027045
🧖🏻‍♀,woman_in_steamy_room_light_skin_tone,-0.023678,0.165104
🚶🏿‍♂️,man_walking_dark_skin_tone,-0.023734,-0.093541
🔪,kitchen_knife,-0.023746,-0.214353
🚶🏼‍♂️‍➡️,man_walking_facing_right_medium-light_skin_tone,-0.023793,-0.002242
🙍🏻‍♂️,man_frowning_light_skin_tone,-0.023870,-0.026915
🏃🏻‍♂‍➡️,man_running_facing_right_light_skin_tone,-0.023921,0.031723
🇱🇧,Lebanon,-0.023933,0.064796
🧑🏽‍🔬,scientist_medium_skin_tone,-0.023964,0.079698
👩🏾‍🤝‍👩🏽,women_holding_hands_medium-dark_skin_tone_medium_skin_tone,-0.024015,0.056228
🧑🏼‍🎤,singer_medium-light_skin_tone,-0.024031,0.032023
🏴󠁧󠁢󠁳󠁣󠁴󠁿,Scotland,-0.024052,-0.083818
🚶🏾‍♂️,man_walking_medium-dark_skin_tone,-0.024057,0.100801
🚶🏼‍♀️‍➡️,woman_walking_facing_right_medium-light_skin_tone,-0.024058,0.011449
👈🏾,backhand_index_pointing_left_medium-dark_skin_tone,-0.024069,-0.172974
🚶🏼‍♂‍➡️,man_walking_facing_right_medium-light_skin_tone,-0.024073,0.021840
🧎🏽‍♀️‍➡️,woman_kneeling_facing_right_medium_skin_tone,-0.024077,-0.071702
🧎🏿‍♀‍➡,woman_kneeling_facing_right_dark_skin_tone,-0.024080,-0.124329
🏚,derelict_house,-0.024116,-0.134163
👲🏾,person_with_skullcap_medium-dark_skin_tone,-0.024159,-0.083258
💁🏿‍♂️,man_tipping_hand_dark_skin_tone,-0.024230,-0.171401
👯🏽‍♀,women_with_bunny_ears_medium_skin_tone,-0.024232,0.067281
♉,Taurus,-0.024234,-0.025776
🧟‍♀,woman_zombie,-0.024274,0.048425
🧑🏿‍❤️‍🧑🏾,couple_with_heart_person_person_dark_skin_tone_medium-dark_skin_tone,-0.024295,-0.077648
👩🏿‍❤‍👨🏿,couple_with_heart_woman_man_dark_skin_tone,-0.024353,-0.060859
👨🏽‍🤝‍👨🏾,men_holding_hands_medium_skin_tone_medium-dark_skin_tone,-0.024361,0.063774
💪🏿,flexed_biceps_dark_skin_tone,-0.024422,-0.160360
👨🏾‍🤝‍👨🏿,men_holding_hands_medium-dark_skin_tone_dark_skin_tone,-0.024435,-0.076987
2⃣,keycap_2,-0.024441,-0.159649
👩🏽‍🏭,woman_factory_worker_medium_skin_tone,-0.024497,0.039815
👮🏼‍♂️,man_police_officer_medium-light_skin_tone,-0.024556,0.107542
🇲🇺,Mauritius,-0.024697,0.065317
😳,flushed_face,-0.024699,0.009136
🙅🏼,person_gesturing_NO_medium-light_skin_tone,-0.024761,-0.025615
🈴,Japanese_passing_grade_button,-0.024803,-0.209599
👨‍👧,family_man_girl,-0.024804,0.100961
😪,sleepy_face,-0.024858,-0.190714
🇽🇰,Kosovo,-0.024860,0.078575
🙆🏿‍♂️,man_gesturing_OK_dark_skin_tone,-0.024886,-0.116058
🅰,A_button_(blood_type),-0.024898,-0.164126
👩🏼‍🏭,woman_factory_worker_medium-light_skin_tone,-0.024902,0.004497
👨🏻‍🤝‍👨🏼,men_holding_hands_light_skin_tone_medium-light_skin_tone,-0.024920,0.093727
👮🏽‍♀️,woman_police_officer_medium_skin_tone,-0.024943,0.109140
🧎🏾‍♂️‍➡️,man_kneeling_facing_right_medium-dark_skin_tone,-0.024958,-0.095711
👩🏿‍🤝‍👩🏽,women_holding_hands_dark_skin_tone_medium_skin_tone,-0.025048,-0.046292
👨🏽‍❤‍💋‍👨🏿,kiss_man_man_medium_skin_tone_dark_skin_tone,-0.025057,-0.071806
👨🏻‍⚖️,man_judge_light_skin_tone,-0.025102,0.135427
👩🏽‍💼,woman_office_worker_medium_skin_tone,-0.025149,0.107094
🧑🏻‍❤️‍🧑🏼,couple_with_heart_person_person_light_skin_tone_medium-light_skin_tone,-0.025167,0.086933
💆🏻‍♀,woman_getting_massage_light_skin_tone,-0.025189,0.070363
🏃🏾‍♀‍➡️,woman_running_facing_right_medium-dark_skin_tone,-0.025220,0.043011
🙆🏼‍♂,man_gesturing_OK_medium-light_skin_tone,-0.025227,0.045863
👩🏼‍🤝‍👩🏽,women_holding_hands_medium-light_skin_tone_medium_skin_tone,-0.025231,0.076362
🤤,drooling_face,-0.025245,-0.171014
🧍🏿‍♀,woman_standing_dark_skin_tone,-0.025246,-0.082687
🧎🏿‍♀️‍➡,woman_kneeling_facing_right_dark_skin_tone,-0.025254,-0.126608
👩🏾‍🌾,woman_farmer_medium-dark_skin_tone,-0.025304,0.099008
🤽‍♂,man_playing_water_polo,-0.025374,0.135115
🙇🏻‍♂,man_bowing_light_skin_tone,-0.025385,-0.005527
🏃🏽‍♀‍➡️,woman_running_facing_right_medium_skin_tone,-0.025415,0.087569
🚶🏿‍♀️,woman_walking_dark_skin_tone,-0.025455,-0.087582
🙎🏻‍♂️,man_pouting_light_skin_tone,-0.025458,0.025873
🧗🏼‍♂,man_climbing_medium-light_skin_tone,-0.025467,0.096865
🏴󠁧󠁢󠁥󠁮󠁧󠁿,England,-0.025511,-0.115037
👩🏿‍🔬,woman_scientist_dark_skin_tone,-0.025511,-0.037968
🚶🏽‍♀‍➡️,woman_walking_facing_right_medium_skin_tone,-0.025528,0.076911
💅🏿,nail_polish_dark_skin_tone,-0.025553,-0.160348
🧝🏿‍♀️,woman_elf_dark_skin_tone,-0.025620,-0.101660
👩🏽‍🎓,woman_student_medium_skin_tone,-0.025777,0.108519
🙋🏿‍♂️,man_raising_hand_dark_skin_tone,-0.025781,-0.109792
👩🏿‍❤️‍👨🏿,couple_with_heart_woman_man_dark_skin_tone,-0.025797,-0.059211
👩‍🏫,woman_teacher,-0.025862,0.076357
🧎🏿‍♂️‍➡,man_kneeling_facing_right_dark_skin_tone,-0.025959,-0.132954
👨🏿‍❤‍👨🏻,couple_with_heart_man_man_dark_skin_tone_light_skin_tone,-0.025988,-0.071236
🧑🏻‍🎓,student_light_skin_tone,-0.025991,0.081776
➡,right_arrow,-0.026001,-0.185504
🏃🏼‍♀‍➡️,woman_running_facing_right_medium-light_skin_tone,-0.026004,0.075487
⛱,umbrella_on_ground,-0.026017,-0.114147
🤽🏿‍♂️,man_playing_water_polo_dark_skin_tone,-0.026046,-0.126568
👮🏾‍♀️,woman_police_officer_medium-dark_skin_tone,-0.026054,0.062685
👯🏽‍♂,men_with_bunny_ears_medium_skin_tone,-0.026113,0.064047
👨‍⚖️,man_judge,-0.026148,0.123206
🧑🏿‍🤝‍🧑🏽,people_holding_hands_dark_skin_tone_medium_skin_tone,-0.026182,-0.079138
🐻‍❄,polar_bear,-0.026220,-0.033902
🧑🏻‍❤‍💋‍🧑🏽,kiss_person_person_light_skin_tone_medium_skin_tone,-0.026244,0.010713
👩🏾‍🤝‍👩🏻,women_holding_hands_medium-dark_skin_tone_light_skin_tone,-0.026245,0.055223
🧑🏽‍💻,technologist_medium_skin_tone,-0.026286,0.069996
🧗🏼‍♀,woman_climbing_medium-light_skin_tone,-0.026410,0.098101
🧔🏿‍♂,man_dark_skin_tone_beard,-0.026489,-0.091885
🏃🏼‍♂️‍➡️,man_running_facing_right_medium-light_skin_tone,-0.026541,-0.005843
👈🏿,backhand_index_pointing_left_dark_skin_tone,-0.026566,-0.152349
👩🏽‍🤝‍👨🏾,woman_and_man_holding_hands_medium_skin_tone_medium-dark_skin_tone,-0.026573,0.078238
🇨🇻,Cape_Verde,-0.026581,0.077090
🚵🏿‍♀️,woman_mountain_biking_dark_skin_tone,-0.026597,-0.112868
🧎🏾‍♀️‍➡️,woman_kneeling_facing_right_medium-dark_skin_tone,-0.026634,-0.106928
🇲🇼,Malawi,-0.026707,0.066111
👨🏿‍🦰,man_dark_skin_tone_red_hair,-0.026716,-0.076156
🧎🏽‍♂,man_kneeling_medium_skin_tone,-0.026721,0.043037
♂️,male_sign,-0.026752,-0.223662
👨🏻‍❤‍👨🏼,couple_with_heart_man_man_light_skin_tone_medium-light_skin_tone,-0.026818,0.067322
🅾️,O_button_(blood_type),-0.026872,-0.174935
👨🏻‍🤝‍👨🏿,men_holding_hands_light_skin_tone_dark_skin_tone,-0.026874,-0.093020
🤸🏾‍♀,woman_cartwheeling_medium-dark_skin_tone,-0.026878,0.085639
🧑🏾‍❤️‍🧑🏻,couple_with_heart_person_person_medium-dark_skin_tone_light_skin_tone,-0.026885,0.021532
🏃‍♂‍➡️,man_running_facing_right,-0.026890,-0.001906
🇭🇹,Haiti,-0.026951,0.076199
👮🏽‍♂️,man_police_officer_medium_skin_tone,-0.027044,0.106972
👩🏻‍❤‍👩🏾,couple_with_heart_woman_woman_light_skin_tone_medium-dark_skin_tone,-0.027079,0.047036
🇸🇯,Svalbard_&_Jan_Mayen,-0.027125,0.074070
😵‍💫,face_with_spiral_eyes,-0.027142,0.112484
😡,enraged_face,-0.027151,-0.020198
🧑🏽‍🩰,ballet_dancer_medium_skin_tone,-0.027151,0.035149
👨🏿‍⚖️,man_judge_dark_skin_tone,-0.027165,-0.087734
👨‍👦,family_man_boy,-0.027178,0.087830
🧑🏿‍❤️‍🧑🏼,couple_with_heart_person_person_dark_skin_tone_medium-light_skin_tone,-0.027213,-0.079101
🙋‍♂️,man_raising_hand,-0.027247,-0.057193
👮🏿‍♀️,woman_police_officer_dark_skin_tone,-0.027272,-0.102429
🧍🏻‍♂️,man_standing_light_skin_tone,-0.027375,0.012036
🤚🏼,raised_back_of_hand_medium-light_skin_tone,-0.027382,-0.147324
👨🏽‍🎓,man_student_medium_skin_tone,-0.027405,0.094303
👩🏿‍🤝‍👨🏼,woman_and_man_holding_hands_dark_skin_tone_medium-light_skin_tone,-0.027409,-0.023507
👨🏽‍🍼,man_feeding_baby_medium_skin_tone,-0.027417,-0.109379
👨🏾‍❤️‍👨🏼,couple_with_heart_man_man_medium-dark_skin_tone_medium-light_skin_tone,-0.027441,0.055753
👩🏿‍❤️‍👩🏿,couple_with_heart_woman_woman_dark_skin_tone,-0.027545,-0.090343
🇲🇸,Montserrat,-0.027567,0.053349
🏄🏼‍♂,man_surfing_medium-light_skin_tone,-0.027603,0.140811
💇🏿‍♂️,man_getting_haircut_dark_skin_tone,-0.027744,-0.135540
👩‍🎤,woman_singer,-0.027749,-0.006006
👌🏿,OK_hand_dark_skin_tone,-0.027779,-0.165154
👩🏾‍🤝‍👨🏽,woman_and_man_holding_hands_medium-dark_skin_tone_medium_skin_tone,-0.027825,0.076642
🧑🏿‍❤️‍🧑🏽,couple_with_heart_person_person_dark_skin_tone_medium_skin_tone,-0.027845,-0.082264
🧑🏿‍❤‍🧑🏼,couple_with_heart_person_person_dark_skin_tone_medium-light_skin_tone,-0.027884,-0.079435
👩🏿,woman_dark_skin_tone,-0.027947,-0.089858
🇬🇮,Gibraltar,-0.027959,0.054816
🧚🏿,fairy_dark_skin_tone,-0.028061,-0.136863
🧑🏿‍🦰,person_dark_skin_tone_red_hair,-0.028086,-0.084651
🚵🏿‍♂️,man_mountain_biking_dark_skin_tone,-0.028149,-0.120606
👷🏻‍♂,man_construction_worker_light_skin_tone,-0.028160,0.123233
🧑🏼‍❤‍🧑🏻,couple_with_heart_person_person_medium-light_skin_tone_light_skin_tone,-0.028239,0.082488
🕡,six-thirty,-0.028261,-0.188092
⚰,coffin,-0.028285,-0.147183
🚶🏼‍♀‍➡️,woman_walking_facing_right_medium-light_skin_tone,-0.028289,0.058850
🇬🇲,Gambia,-0.028319,0.073200
🏃🏼‍♂,man_running_medium-light_skin_tone,-0.028324,0.140662
🧏🏼‍♀,deaf_woman_medium-light_skin_tone,-0.028367,0.051969
🚶‍♀,woman_walking,-0.028430,0.016899
🧑🏿‍⚕️,health_worker_dark_skin_tone,-0.028450,-0.088775
🏃🏻‍♂,man_running_light_skin_tone,-0.028463,0.146083
👨🏽‍🏭,man_factory_worker_medium_skin_tone,-0.028578,0.075449
🧜‍♂,merman,-0.028580,0.131478
🚶🏻‍➡️,person_walking_facing_right_light_skin_tone,-0.028607,0.060898
🧖🏻‍♂,man_in_steamy_room_light_skin_tone,-0.028639,0.155862
👩🏻‍🎤,woman_singer_light_skin_tone,-0.028676,0.097499
🤵🏻‍♀️,woman_in_tuxedo_light_skin_tone,-0.028716,0.080145
😔,pensive_face,-0.028716,0.006139
👩🏿‍🤝‍👨🏽,woman_and_man_holding_hands_dark_skin_tone_medium_skin_tone,-0.028724,-0.032149
🚶‍♀️‍➡️,woman_walking_facing_right,-0.028735,-0.059420
⛹️‍♀️,woman_bouncing_ball,-0.028773,-0.038015
🚶‍♂️‍➡️,man_walking_facing_right,-0.028832,-0.065834
👨🏿‍⚕️,man_health_worker_dark_skin_tone,-0.028870,-0.038405
🪎,treasure_chest,-0.028919,-0.111589
🇨🇼,Curaçao,-0.028941,0.051333
🧍🏾,person_standing_medium-dark_skin_tone,-0.028947,-0.155577
🟫,brown_square,-0.028951,-0.190612
🧑🏾‍❤‍💋‍🧑🏼,kiss_person_person_medium-dark_skin_tone_medium-light_skin_tone,-0.029034,-0.033154
🗣️,speaking_head,-0.029040,-0.139785
👨🏾‍✈️,man_pilot_medium-dark_skin_tone,-0.029098,0.092278
👈🏻,backhand_index_pointing_left_light_skin_tone,-0.029114,-0.179893
🇩🇬,Diego_Garcia,-0.029154,0.060000
👩🏼‍❤‍👩🏾,couple_with_heart_woman_woman_medium-light_skin_tone_medium-dark_skin_tone,-0.029196,0.062711
🧑🏽‍❤️‍🧑🏻,couple_with_heart_person_person_medium_skin_tone_light_skin_tone,-0.029244,0.087102
👩‍🍼,woman_feeding_baby,-0.029251,-0.135927
🇸🇩,Sudan,-0.029289,0.077469
😧,anguished_face,-0.029300,0.016029
🧑🏿‍🦱,person_dark_skin_tone_curly_hair,-0.029314,-0.082839
🇳🇺,Niue,-0.029321,0.071685
🤾🏼‍♀,woman_playing_handball_medium-light_skin_tone,-0.029348,0.101364
🙍🏿‍♀,woman_frowning_dark_skin_tone,-0.029389,-0.074315
👨🏽‍🤝‍👨🏻,men_holding_hands_medium_skin_tone_light_skin_tone,-0.029480,0.073005
🉐,Japanese_bargain_button,-0.029489,-0.205941
🧔🏽‍♂️,man_medium_skin_tone_beard,-0.029568,0.050083
👩🏿‍💻,woman_technologist_dark_skin_tone,-0.029655,-0.020137
🚺,women’s_room,-0.029723,-0.197999
🇧🇸,Bahamas,-0.029746,0.072723
👱🏿‍♂️,man_dark_skin_tone_blond_hair,-0.029753,-0.143437
⛸,ice_skate,-0.029762,-0.154900
↗,up-right_arrow,-0.029807,-0.088378
👷🏼‍♂,man_construction_worker_medium-light_skin_tone,-0.029830,0.124814
🧑🏻‍🤝‍🧑🏻,people_holding_hands_light_skin_tone,-0.029913,0.070716
🅿,P_button,-0.029941,-0.154399
👨🏼‍❤‍💋‍👨🏿,kiss_man_man_medium-light_skin_tone_dark_skin_tone,-0.029976,-0.085491
👨‍🎤,man_singer,-0.030009,-0.008927
🧜🏿‍♂️,merman_dark_skin_tone,-0.030014,-0.101277
👨🏽‍💼,man_office_worker_medium_skin_tone,-0.030042,0.103464
🤼🏻‍♂,men_wrestling_light_skin_tone,-0.030048,0.097949
🇫🇴,Faroe_Islands,-0.030063,0.068998
👩🏼‍❤‍👨🏽,couple_with_heart_woman_man_medium-light_skin_tone_medium_skin_tone,-0.030153,0.074324
🧑‍🏫,teacher,-0.030190,0.094662
🧑🏿‍❤‍🧑🏽,couple_with_heart_person_person_dark_skin_tone_medium_skin_tone,-0.030201,-0.084357
👆🏾,backhand_index_pointing_up_medium-dark_skin_tone,-0.030243,-0.171045
👩🏽‍🤝‍👩🏻,women_holding_hands_medium_skin_tone_light_skin_tone,-0.030288,0.069321
🧔‍♂️,man_beard,-0.030317,0.027242
🧎🏻‍➡️,person_kneeling_facing_right_light_skin_tone,-0.030390,-0.066119
🙋🏻‍♂,man_raising_hand_light_skin_tone,-0.030409,-0.070442
🕤,nine-thirty,-0.030414,-0.167477
👳🏾‍♀️,woman_wearing_turban_medium-dark_skin_tone,-0.030424,0.033025
🧟‍♂,man_zombie,-0.030427,0.038126
🈳,Japanese_vacancy_button,-0.030444,-0.165620
🇧🇿,Belize,-0.030449,0.051696
🚣🏾‍♀,woman_rowing_boat_medium-dark_skin_tone,-0.030578,0.062672
❇,sparkle,-0.030662,-0.117756
👩🏼‍🍼,woman_feeding_baby_medium-light_skin_tone,-0.030670,-0.114372
👨🏿‍💼,man_office_worker_dark_skin_tone,-0.030726,-0.090694
🏃🏼‍♀️‍➡️,woman_running_facing_right_medium-light_skin_tone,-0.030745,0.002740
🧑🏿‍✈️,pilot_dark_skin_tone,-0.030756,-0.087982
👩🏻‍💼,woman_office_worker_light_skin_tone,-0.030769,0.089213
♎,Libra,-0.030779,0.007912
👨🏽‍❤‍👨🏻,couple_with_heart_man_man_medium_skin_tone_light_skin_tone,-0.030795,0.058723
🇷🇼,Rwanda,-0.030825,0.060588
👩🏽‍⚕,woman_health_worker_medium_skin_tone,-0.030828,0.085599
🇳🇫,Norfolk_Island,-0.030842,0.071236
👨‍🎨,man_artist,-0.030846,0.045091
👨🏾‍⚕️,man_health_worker_medium-dark_skin_tone,-0.030873,0.141164
🧑🏿‍❤‍🧑🏾,couple_with_heart_person_person_dark_skin_tone_medium-dark_skin_tone,-0.030883,-0.083155
🧎🏿‍♂‍➡,man_kneeling_facing_right_dark_skin_tone,-0.030889,-0.130869
👳🏻‍♀️,woman_wearing_turban_light_skin_tone,-0.030943,0.119373
👩🏽‍⚖️,woman_judge_medium_skin_tone,-0.030973,0.116781
👤,bust_in_silhouette,-0.030975,-0.144351
👨🏽‍🏫,man_teacher_medium_skin_tone,-0.031000,0.107129
🔞,no_one_under_eighteen,-0.031163,-0.213075
🇵🇼,Palau,-0.031165,0.069132
🏃‍♂,man_running,-0.031296,0.131695
👨‍🏭,man_factory_worker,-0.031372,0.060594
🤵🏿‍♂,man_in_tuxedo_dark_skin_tone,-0.031386,-0.113812
👩🏿‍❤️‍👨🏾,couple_with_heart_woman_man_dark_skin_tone_medium-dark_skin_tone,-0.031568,-0.042519
🛤,railway_track,-0.031570,-0.146196
👨🏽‍⚕,man_health_worker_medium_skin_tone,-0.031603,0.069603
🙆🏿‍♀️,woman_gesturing_OK_dark_skin_tone,-0.031626,-0.116601
🚶‍♂,man_walking,-0.031639,0.031604
🚵🏻‍♂,man_mountain_biking_light_skin_tone,-0.031749,0.087360
🙆‍♂,man_gesturing_OK,-0.031757,-0.025480
🇨🇽,Christmas_Island,-0.031807,0.054560
🧑🏾‍🤝‍🧑🏾,people_holding_hands_medium-dark_skin_tone,-0.031818,-0.000268
✅,check_mark_button,-0.031827,-0.195654
🤚🏾,raised_back_of_hand_medium-dark_skin_tone,-0.031838,-0.188124
👨🏿‍❤️‍👨🏾,couple_with_heart_man_man_dark_skin_tone_medium-dark_skin_tone,-0.031848,-0.078371
🇲🇲,Myanmar_(Burma),-0.031855,0.081891
👩🏿‍❤️‍👨🏼,couple_with_heart_woman_man_dark_skin_tone_medium-light_skin_tone,-0.031947,-0.025319
👨🏼‍🤝‍👨🏻,men_holding_hands_medium-light_skin_tone_light_skin_tone,-0.031964,0.089016
🏃🏽‍♀️‍➡️,woman_running_facing_right_medium_skin_tone,-0.032074,-0.001844
👨🏿‍🦱,man_dark_skin_tone_curly_hair,-0.032155,-0.094906
👩🏾‍💼,woman_office_worker_medium-dark_skin_tone,-0.032205,0.083329
🧑🏼‍🩰,ballet_dancer_medium-light_skin_tone,-0.032217,0.033903
🤼🏾‍♂️,men_wrestling_medium-dark_skin_tone,-0.032302,0.038284
🏃🏽‍♂️‍➡️,man_running_facing_right_medium_skin_tone,-0.032329,-0.022734
🙍🏻‍♀️,woman_frowning_light_skin_tone,-0.032341,0.000168
👰🏼‍♀️,woman_with_veil_medium-light_skin_tone,-0.032344,0.013698
👩🏻‍❤‍👩🏿,couple_with_heart_woman_woman_light_skin_tone_dark_skin_tone,-0.032372,-0.081079
👰🏻‍♀️,woman_with_veil_light_skin_tone,-0.032454,0.023945
💂🏽‍♀,woman_guard_medium_skin_tone,-0.032456,-0.023922
👨🏻‍🎤,man_singer_light_skin_tone,-0.032515,0.064822
🆗,OK_button,-0.032518,-0.172364
👆🏻,backhand_index_pointing_up_light_skin_tone,-0.032543,-0.163532
🧑🏼‍🔬,scientist_medium-light_skin_tone,-0.032563,0.069597
🧑🏻‍🤝‍🧑🏿,people_holding_hands_light_skin_tone_dark_skin_tone,-0.032568,-0.090896
🗯️,right_anger_bubble,-0.032665,-0.085546
🇧🇯,Benin,-0.032688,0.059775
🙇‍♀️,woman_bowing,-0.032726,0.013585
🇸🇻,El_Salvador,-0.032742,0.076495
👩🏼‍🤝‍👨🏽,woman_and_man_holding_hands_medium-light_skin_tone_medium_skin_tone,-0.032747,0.087455
🚃,railway_car,-0.032756,-0.154806
🙆‍♀,woman_gesturing_OK,-0.032765,-0.030710
🤼‍♂️,men_wrestling,-0.032820,0.110065
👩,woman,-0.032834,-0.096900
👯🏿‍♀️,women_with_bunny_ears_dark_skin_tone,-0.032926,-0.112421
⚰️,coffin,-0.033001,-0.082767
🧑🏽‍🏭,factory_worker_medium_skin_tone,-0.033024,0.080700
🧑🏻‍✈,pilot_light_skin_tone,-0.033056,0.051311
🧑🏾‍🏭,factory_worker_medium-dark_skin_tone,-0.033069,-0.066534
👮🏾‍♂️,man_police_officer_medium-dark_skin_tone,-0.033143,0.062437
🇵🇬,Papua_New_Guinea,-0.033169,0.054034
🚶🏾‍♀️,woman_walking_medium-dark_skin_tone,-0.033213,0.091568
🇸🇿,Eswatini,-0.033269,0.056174
⏭️,next_track_button,-0.033298,-0.146155
↘️,down-right_arrow,-0.033311,-0.086897
👨🏼‍💻,man_technologist_medium-light_skin_tone,-0.033351,0.092651
🧑🏿‍🎄,Mx_Claus_dark_skin_tone,-0.033371,-0.114636
🤸🏿‍♂,man_cartwheeling_dark_skin_tone,-0.033372,-0.123339
↖️,up-left_arrow,-0.033466,-0.028363
💆🏾‍♀,woman_getting_massage_medium-dark_skin_tone,-0.033468,0.015414
👨🏼‍🤝‍👨🏿,men_holding_hands_medium-light_skin_tone_dark_skin_tone,-0.033468,-0.088587
👴🏿,old_man_dark_skin_tone,-0.033520,-0.131569
⏸️,pause_button,-0.033547,-0.079431
🇸🇷,Suriname,-0.033594,0.030253
🙋🏼‍♀,woman_raising_hand_medium-light_skin_tone,-0.033635,-0.044597
👧🏾,girl_medium-dark_skin_tone,-0.033637,-0.157218
👳🏼‍♂️,man_wearing_turban_medium-light_skin_tone,-0.033657,0.101676
🏄‍♀,woman_surfing,-0.033774,0.105392
😗,kissing_face,-0.033825,-0.118240
*️⃣,keycap_*,-0.033889,-0.203563
🙋🏿‍♀️,woman_raising_hand_dark_skin_tone,-0.033890,-0.108328
👨🏼‍❤‍👨🏻,couple_with_heart_man_man_medium-light_skin_tone_light_skin_tone,-0.033952,0.077400
🇹🇲,Turkmenistan,-0.033991,0.057806
👯🏿‍♂️,men_with_bunny_ears_dark_skin_tone,-0.034004,-0.125405
👨🏼‍🏭,man_factory_worker_medium-light_skin_tone,-0.034087,0.091348
🏃🏻‍♀,woman_running_light_skin_tone,-0.034094,0.142338
⏩,fast-forward_button,-0.034115,-0.169258
🙆🏼‍♀,woman_gesturing_OK_medium-light_skin_tone,-0.034217,0.044709
🇵🇳,Pitcairn_Islands,-0.034329,0.028538
👩🏻‍🎓,woman_student_light_skin_tone,-0.034336,0.085943
🧍🏽‍♂️,man_standing_medium_skin_tone,-0.034408,0.030199
👱🏿‍♀️,woman_dark_skin_tone_blond_hair,-0.034410,-0.141089
🧑🏾‍💻,technologist_medium-dark_skin_tone,-0.034445,-0.007250
🤸🏿‍♀,woman_cartwheeling_dark_skin_tone,-0.034539,-0.114208
👩🏻‍🤝‍👩🏾,women_holding_hands_light_skin_tone_medium-dark_skin_tone,-0.034550,0.034007
👰🏾‍♀️,woman_with_veil_medium-dark_skin_tone,-0.034611,-0.074347
👨🏻‍🏭,man_factory_worker_light_skin_tone,-0.034624,0.071893
👨🏻‍🏫,man_teacher_light_skin_tone,-0.034665,0.114724
👨🏿‍❤‍👨🏾,couple_with_heart_man_man_dark_skin_tone_medium-dark_skin_tone,-0.034701,-0.087915
🤾‍♀️,woman_playing_handball,-0.034713,0.090495
🧍🏻‍♀️,woman_standing_light_skin_tone,-0.034753,0.002747
👳🏽‍♀️,woman_wearing_turban_medium_skin_tone,-0.034761,0.094867
🇧🇼,Botswana,-0.034867,0.060309
👩🏽‍🤝‍👩🏼,women_holding_hands_medium_skin_tone_medium-light_skin_tone,-0.034930,0.066349
👨🏽‍🎤,man_singer_medium_skin_tone,-0.034949,0.083253
🧑🏻‍🏭,factory_worker_light_skin_tone,-0.034958,0.085465
👈🏽,backhand_index_pointing_left_medium_skin_tone,-0.035003,-0.186220
🇹🇼,Taiwan,-0.035048,0.003731
👩🏼‍🤝‍👩🏻,women_holding_hands_medium-light_skin_tone_light_skin_tone,-0.035138,0.067529
🧑🏻‍🦱,person_light_skin_tone_curly_hair,-0.035199,0.004039
🤵🏼‍♂️,man_in_tuxedo_medium-light_skin_tone,-0.035206,0.070197
👩🏾‍🎓,woman_student_medium-dark_skin_tone,-0.035207,0.094215
💂🏻‍♀,woman_guard_light_skin_tone,-0.035235,-0.069314
🏃🏽‍♂,man_running_medium_skin_tone,-0.035279,0.134234
🏄🏽‍♂,man_surfing_medium_skin_tone,-0.035279,0.105581
👩🏿‍❤️‍👨🏽,couple_with_heart_woman_man_dark_skin_tone_medium_skin_tone,-0.035338,-0.036287
🙋,person_raising_hand,-0.035417,-0.154686
👩‍👦,family_woman_boy,-0.035484,0.045932
👨🏽‍⚖️,man_judge_medium_skin_tone,-0.035610,0.110531
🧑🏿‍🦽‍➡️,person_in_manual_wheelchair_facing_right_dark_skin_tone,-0.035694,-0.108226
🤵🏿‍♀,woman_in_tuxedo_dark_skin_tone,-0.035753,-0.112232
🙎🏻‍♀️,woman_pouting_light_skin_tone,-0.035759,-0.009575
💂🏼‍♀,woman_guard_medium-light_skin_tone,-0.035768,0.006663
🏃🏻‍♀‍➡️,woman_running_facing_right_light_skin_tone,-0.035781,0.059089
🧜🏿,merperson_dark_skin_tone,-0.035789,-0.140164
👩🏾‍⚕,woman_health_worker_medium-dark_skin_tone,-0.035803,0.068106
🙆🏽‍♂,man_gesturing_OK_medium_skin_tone,-0.035849,0.029461
🇬🇭,Ghana,-0.035856,0.041984
🧑🏻‍🦰,person_light_skin_tone_red_hair,-0.035861,-0.029935
🏃🏾‍♂️‍➡️,man_running_facing_right_medium-dark_skin_tone,-0.035897,-0.047932
👩🏻‍⚕,woman_health_worker_light_skin_tone,-0.035904,0.071485
🚶🏽‍➡️,person_walking_facing_right_medium_skin_tone,-0.036021,0.086163
😓,downcast_face_with_sweat,-0.036186,-0.163311
👩🏿‍❤‍👨🏾,couple_with_heart_woman_man_dark_skin_tone_medium-dark_skin_tone,-0.036217,-0.059690
🙅🏻‍♂️,man_gesturing_NO_light_skin_tone,-0.036243,-0.000094
👩🏽‍🏫,woman_teacher_medium_skin_tone,-0.036253,0.109237
👨🏻‍💼,man_office_worker_light_skin_tone,-0.036257,0.105254
💂🏿‍♂,man_guard_dark_skin_tone,-0.036268,-0.149472
💆🏿,person_getting_massage_dark_skin_tone,-0.036291,-0.165484
🚶🏾‍♀️‍➡️,woman_walking_facing_right_medium-dark_skin_tone,-0.036306,-0.018441
💆🏿‍♀,woman_getting_massage_dark_skin_tone,-0.036367,-0.151532
🧍🏽‍♀️,woman_standing_medium_skin_tone,-0.036387,0.024382
👩🏼‍⚕,woman_health_worker_medium-light_skin_tone,-0.036467,0.087679
👳🏿,person_wearing_turban_dark_skin_tone,-0.036561,-0.149679
💂🏿‍♀,woman_guard_dark_skin_tone,-0.036562,-0.151057
🤾🏽‍♂,man_playing_handball_medium_skin_tone,-0.036575,0.072375
🙄,face_with_rolling_eyes,-0.036667,-0.205608
🧎🏼‍♀️‍➡,woman_kneeling_facing_right_medium-light_skin_tone,-0.036709,-0.131283
🏊🏿‍♂️,man_swimming_dark_skin_tone,-0.036783,-0.068407
🧗‍♀,woman_climbing,-0.036838,0.085038
💂🏻‍♂,man_guard_light_skin_tone,-0.036877,-0.039320
🧎🏽‍♀,woman_kneeling_medium_skin_tone,-0.036925,0.034586
❇️,sparkle,-0.036948,-0.115170
👆🏿,backhand_index_pointing_up_dark_skin_tone,-0.036965,-0.165089
👨🏿‍🦽,man_in_manual_wheelchair_dark_skin_tone,-0.037048,-0.090162
🧎‍♀️‍➡️,woman_kneeling_facing_right,-0.037051,-0.100355
🏄🏻‍♀,woman_surfing_light_skin_tone,-0.037133,0.106229
♂,male_sign,-0.037136,-0.213665
🚵🏻‍♀,woman_mountain_biking_light_skin_tone,-0.037153,0.060931
🟰,heavy_equals_sign,-0.037157,-0.179312
🏊🏿‍♀️,woman_swimming_dark_skin_tone,-0.037161,-0.070057
↘,down-right_arrow,-0.037179,-0.099923
🙅🏻,person_gesturing_NO_light_skin_tone,-0.037184,-0.097592
🏄🏼‍♀,woman_surfing_medium-light_skin_tone,-0.037186,0.132393
👶🏿,baby_dark_skin_tone,-0.037191,-0.140699
👨🏾‍❤️‍👨🏽,couple_with_heart_man_man_medium-dark_skin_tone_medium_skin_tone,-0.037223,0.033399
💇‍♀,woman_getting_haircut,-0.037238,0.041629
⚠,warning,-0.037254,-0.224785
👩‍🎓,woman_student,-0.037271,0.042531
🧎🏼‍➡️,person_kneeling_facing_right_medium-light_skin_tone,-0.037302,-0.059867
👈🏼,backhand_index_pointing_left_medium-light_skin_tone,-0.037313,-0.179923
🧔🏿‍♀,woman_dark_skin_tone_beard,-0.037330,-0.095455
🧑🏿‍🦳,person_dark_skin_tone_white_hair,-0.037342,-0.092531
🚶🏾‍♂‍➡️,man_walking_facing_right_medium-dark_skin_tone,-0.037353,-0.005049
👨🏻‍🎓,man_student_light_skin_tone,-0.037355,0.086608
🤚🏽,raised_back_of_hand_medium_skin_tone,-0.037374,-0.182105
🙌🏿,raising_hands_dark_skin_tone,-0.037425,-0.144880
👷‍♀,woman_construction_worker,-0.037547,0.078743
🧑‍⚕,health_worker,-0.037552,0.051427
👨🏼‍🎨,man_artist_medium-light_skin_tone,-0.037579,0.079977
🧑🏿‍🌾,farmer_dark_skin_tone,-0.037587,-0.100683
🏋🏿‍♂,man_lifting_weights_dark_skin_tone,-0.037698,-0.131541
💆‍♂,man_getting_massage,-0.037709,0.061051
🧑🏾‍❤️‍🧑🏽,couple_with_heart_person_person_medium-dark_skin_tone_medium_skin_tone,-0.037731,-0.002127
🇦🇲,Armenia,-0.037741,0.049856
👨🏿‍🦽‍➡️,man_in_manual_wheelchair_facing_right_dark_skin_tone,-0.037803,-0.116369
🈶,Japanese_not_free_of_charge_button,-0.037811,-0.195169
‼️,double_exclamation_mark,-0.037850,-0.204880
🚶🏾‍♂️‍➡️,man_walking_facing_right_medium-dark_skin_tone,-0.037867,-0.040834
🔹,small_blue_diamond,-0.037867,-0.180746
🏃🏼‍♀,woman_running_medium-light_skin_tone,-0.037887,0.137756
🇸🇹,São_Tomé_&_Príncipe,-0.037919,0.028338
🔻,red_triangle_pointed_down,-0.037955,-0.200016
👩🏿‍⚖,woman_judge_dark_skin_tone,-0.037958,-0.092111
💁🏿‍♀,woman_tipping_hand_dark_skin_tone,-0.037959,-0.182888
👆🏽,backhand_index_pointing_up_medium_skin_tone,-0.038016,-0.167236
🙇🏿,person_bowing_dark_skin_tone,-0.038063,-0.149594
🧑🏿‍⚖️,judge_dark_skin_tone,-0.038069,-0.102410
🐿,chipmunk,-0.038095,-0.153142
🗯,right_anger_bubble,-0.038170,-0.152119
👩🏻‍🤝‍👩🏽,women_holding_hands_light_skin_tone_medium_skin_tone,-0.038189,0.052769
🧑🏿,person_dark_skin_tone,-0.038234,-0.090179
🧎‍♂‍➡️,man_kneeling_facing_right,-0.038258,-0.069599
🤾🏿‍♂,man_playing_handball_dark_skin_tone,-0.038259,-0.127047
🏄🏿‍♂️,man_surfing_dark_skin_tone,-0.038275,-0.121042
🏃‍♀‍➡️,woman_running_facing_right,-0.038349,0.052541
🇧🇫,Burkina_Faso,-0.038410,0.052336
👩🏻‍🏫,woman_teacher_light_skin_tone,-0.038425,0.103106
🅱,B_button_(blood_type),-0.038428,-0.161216
👈,backhand_index_pointing_left,-0.038448,-0.193169
👩🏼‍⚖️,woman_judge_medium-light_skin_tone,-0.038480,0.117830
👭🏿,women_holding_hands_dark_skin_tone,-0.038498,-0.195722
👩🏾‍⚖️,woman_judge_medium-dark_skin_tone,-0.038500,0.097503
👧🏿,girl_dark_skin_tone,-0.038533,-0.142702
👩🏾‍🤝‍👩🏼,women_holding_hands_medium-dark_skin_tone_medium-light_skin_tone,-0.038598,0.031929
🇸🇾,Syria,-0.038615,0.037399
👷🏽‍♀,woman_construction_worker_medium_skin_tone,-0.038659,0.083488
🙇‍♂️,man_bowing,-0.038723,-0.002398
👮🏿‍♂️,man_police_officer_dark_skin_tone,-0.038741,-0.126842
🏃‍♀,woman_running,-0.038904,0.123971
🧑🏻‍❤‍💋‍🧑🏾,kiss_person_person_light_skin_tone_medium-dark_skin_tone,-0.038916,-0.026751
🧑🏿‍🏭,factory_worker_dark_skin_tone,-0.038923,-0.105320
👩‍👦‍👦,family_woman_boy_boy,-0.038929,0.078098
🤒,face_with_thermometer,-0.038938,-0.189351
🚸,children_crossing,-0.038992,-0.202824
🖇,linked_paperclips,-0.039054,-0.183153
🧎🏾‍♂,man_kneeling_medium-dark_skin_tone,-0.039084,-0.031433
👳🏾‍♂️,man_wearing_turban_medium-dark_skin_tone,-0.039125,0.016365
👱🏾‍♀,woman_medium-dark_skin_tone_blond_hair,-0.039228,-0.018999
👩🏾,woman_medium-dark_skin_tone,-0.039236,-0.088062
⏬,fast_down_button,-0.039243,-0.189865
🇹🇩,Chad,-0.039257,0.032721
👩🏻‍🤝‍👨🏽,woman_and_man_holding_hands_light_skin_tone_medium_skin_tone,-0.039266,0.069632
🧍🏼‍♀️,woman_standing_medium-light_skin_tone,-0.039300,0.005398
👳🏻‍♂️,man_wearing_turban_light_skin_tone,-0.039332,0.101125
🈵,Japanese_no_vacancy_button,-0.039371,-0.212414
🧗‍♂,man_climbing,-0.039376,0.074597
🇲🇨,Monaco,-0.039391,0.053520
🏌️‍♂,man_golfing,-0.039451,0.131672
🏃🏽‍♀,woman_running_medium_skin_tone,-0.039457,0.135593
👨🏻‍❤️‍👨🏽,couple_with_heart_man_man_light_skin_tone_medium_skin_tone,-0.039491,0.038491
🇶🇦,Qatar,-0.039495,0.039058
🧗🏽‍♂,man_climbing_medium_skin_tone,-0.039521,0.039123
👨🏽‍❤️‍👨🏾,couple_with_heart_man_man_medium_skin_tone_medium-dark_skin_tone,-0.039605,0.042145
🧙🏿,mage_dark_skin_tone,-0.039627,-0.151490
👨🏿‍🦼,man_in_motorized_wheelchair_dark_skin_tone,-0.039665,-0.108063
👨🏼‍⚖️,man_judge_medium-light_skin_tone,-0.039691,0.122621
🏃🏾‍♀️‍➡️,woman_running_facing_right_medium-dark_skin_tone,-0.039713,-0.041039
😨,fearful_face,-0.039826,-0.110699
🧔🏻‍♀️,woman_light_skin_tone_beard,-0.039858,0.022410
👮🏻‍♀,woman_police_officer_light_skin_tone,-0.039878,0.062259
🧑🏽‍🤝‍🧑🏿,people_holding_hands_medium_skin_tone_dark_skin_tone,-0.039894,-0.078409
🧎🏽‍♀️‍➡,woman_kneeling_facing_right_medium_skin_tone,-0.039913,-0.135156
🇬🇾,Guyana,-0.039931,0.035187
🏾,medium-dark_skin_tone,-0.039976,-0.160866
👮🏿,police_officer_dark_skin_tone,-0.040058,-0.191787
🧑‍🧒,family_adult_child,-0.040093,-0.038848
🙇🏿‍♀,woman_bowing_dark_skin_tone,-0.040210,-0.123130
🏃‍♂️‍➡️,man_running_facing_right,-0.040213,-0.057545
🧔🏽‍♀️,woman_medium_skin_tone_beard,-0.040248,0.008544
👨🏼‍❤️‍👨🏽,couple_with_heart_man_man_medium-light_skin_tone_medium_skin_tone,-0.040272,0.065024
👨🏿‍🦳,man_dark_skin_tone_white_hair,-0.040285,-0.097701
🗡,dagger,-0.040323,-0.225212
*⃣,keycap_*,-0.040374,-0.223749
🚔,oncoming_police_car,-0.040400,-0.239212
🧎‍♂️‍➡️,man_kneeling_facing_right,-0.040405,-0.088134
👩🏼‍🎤,woman_singer_medium-light_skin_tone,-0.040419,0.097928
🧎🏿‍➡,person_kneeling_facing_right_dark_skin_tone,-0.040427,-0.154025
🧝🏿‍♂️,man_elf_dark_skin_tone,-0.040454,-0.118742
💏🏿,kiss_dark_skin_tone,-0.040475,-0.159591
🚣🏾‍♂,man_rowing_boat_medium-dark_skin_tone,-0.040479,0.046823
👩🏾‍🎤,woman_singer_medium-dark_skin_tone,-0.040505,0.087672
👆🏼,backhand_index_pointing_up_medium-light_skin_tone,-0.040636,-0.160439
👩🏿‍🦰,woman_dark_skin_tone_red_hair,-0.040658,-0.081271
▶,play_button,-0.040662,-0.184641
🏳️‍⚧️,transgender_flag,-0.040682,0.009722
🧑🏾‍🩰,ballet_dancer_medium-dark_skin_tone,-0.040708,-0.098183
👱🏾‍♂,man_medium-dark_skin_tone_blond_hair,-0.040734,-0.001457
👩🏼‍💼,woman_office_worker_medium-light_skin_tone,-0.040736,0.097032
🧑🏿‍🦽,person_in_manual_wheelchair_dark_skin_tone,-0.040821,-0.090097
👲🏿,person_with_skullcap_dark_skin_tone,-0.040903,-0.136187
⏮,last_track_button,-0.040909,-0.160267
👮🏼‍♂,man_police_officer_medium-light_skin_tone,-0.040918,0.084755
👮🏼‍♀,woman_police_officer_medium-light_skin_tone,-0.040961,0.080852
🏃🏻‍♀️‍➡️,woman_running_facing_right_light_skin_tone,-0.041001,-0.012109
🇷🇺,Russia,-0.041074,-0.053356
👦🏾,boy_medium-dark_skin_tone,-0.041107,-0.166938
🧗🏽‍♀,woman_climbing_medium_skin_tone,-0.041206,0.031469
📵,no_mobile_phones,-0.041212,-0.173105
👩🏿‍❤‍👨🏽,couple_with_heart_woman_man_dark_skin_tone_medium_skin_tone,-0.041291,-0.055906
🏃🏻‍♂️‍➡️,man_running_facing_right_light_skin_tone,-0.041306,-0.025174
↖,up-left_arrow,-0.041307,-0.140853
👩🏽,woman_medium_skin_tone,-0.041319,-0.083801
🤵🏽‍♂️,man_in_tuxedo_medium_skin_tone,-0.041371,0.043027
👷🏿‍♀️,woman_construction_worker_dark_skin_tone,-0.041379,-0.123455
👩🏻‍⚖,woman_judge_light_skin_tone,-0.041437,0.065518
✔,check_mark,-0.041449,-0.203631
🧝🏿,elf_dark_skin_tone,-0.041500,-0.149194
🙆🏿‍♂,man_gesturing_OK_dark_skin_tone,-0.041528,-0.132123
🙎🏿‍♀,woman_pouting_dark_skin_tone,-0.041536,-0.102428
🧑🏽‍❤‍🧑🏻,couple_with_heart_person_person_medium_skin_tone_light_skin_tone,-0.041576,0.058113
👳🏽‍♂️,man_wearing_turban_medium_skin_tone,-0.041594,0.083815
🚹,men’s_room,-0.041622,-0.215282
🤝🏿,handshake_dark_skin_tone,-0.041637,-0.157355
☸️,wheel_of_dharma,-0.041727,-0.185013
👍🏿,thumbs_up_dark_skin_tone,-0.041748,-0.165215
🧑🏽‍❤‍💋‍🧑🏾,kiss_person_person_medium_skin_tone_medium-dark_skin_tone,-0.041756,-0.008759
🧑🏾‍🦱,person_medium-dark_skin_tone_curly_hair,-0.041826,-0.105770
🧎🏼‍♂️‍➡,man_kneeling_facing_right_medium-light_skin_tone,-0.041831,-0.128033
👨🏽‍❤‍👨🏼,couple_with_heart_man_man_medium_skin_tone_medium-light_skin_tone,-0.041841,0.038920
💆🏽‍♂,man_getting_massage_medium_skin_tone,-0.041848,0.064603
👩🏿‍🦽‍➡️,woman_in_manual_wheelchair_facing_right_dark_skin_tone,-0.041856,-0.110070
👆,backhand_index_pointing_up,-0.041921,-0.173860
👰🏽‍♀️,woman_with_veil_medium_skin_tone,-0.041976,-0.000363
🧎🏾‍♀,woman_kneeling_medium-dark_skin_tone,-0.042000,-0.034681
👵,old_woman,-0.042054,-0.133847
👨🏾‍🌾,man_farmer_medium-dark_skin_tone,-0.042057,0.089979
🧑🏼,person_medium-light_skin_tone,-0.042073,-0.127723
👩🏼‍🤝‍👨🏾,woman_and_man_holding_hands_medium-light_skin_tone_medium-dark_skin_tone,-0.042076,0.066075
☪,star_and_crescent,-0.042108,-0.215537
🙎🏽‍♀️,woman_pouting_medium_skin_tone,-0.042145,0.040225
🙎🏽‍♂️,man_pouting_medium_skin_tone,-0.042187,0.035611
🤼🏿‍♂,men_wrestling_dark_skin_tone,-0.042237,-0.132698
👮🏻‍♂,man_police_officer_light_skin_tone,-0.042261,0.062496
♣️,club_suit,-0.042287,0.005300
🧎🏻‍♀️‍➡,woman_kneeling_facing_right_light_skin_tone,-0.042345,-0.132814
👩‍👧,family_woman_girl,-0.042354,0.050989
🛎️,bellhop_bell,-0.042363,-0.130019
👩‍👩‍👦,family_woman_woman_boy,-0.042371,0.026064
🤵🏿,person_in_tuxedo_dark_skin_tone,-0.042421,-0.138407
🧖🏽‍♀,woman_in_steamy_room_medium_skin_tone,-0.042470,0.138492
🧑🏾‍🔬,scientist_medium-dark_skin_tone,-0.042472,-0.015315
🧒🏿,child_dark_skin_tone,-0.042493,-0.117940
🏃‍♀️‍➡️,woman_running_facing_right,-0.042497,-0.038277
😞,disappointed_face,-0.042636,0.028398
🧑🏼‍🍼,person_feeding_baby_medium-light_skin_tone,-0.042654,0.059642
🧏🏽‍♂,deaf_man_medium_skin_tone,-0.042817,0.100593
⛔,no_entry,-0.042888,-0.229902
🧖‍♀,woman_in_steamy_room,-0.042888,0.135118
👩🏽‍❤‍👩🏿,couple_with_heart_woman_woman_medium_skin_tone_dark_skin_tone,-0.042898,-0.072452
🫱🏿‍🫲🏽,handshake_dark_skin_tone_medium_skin_tone,-0.042905,-0.079646
🇾🇪,Yemen,-0.043009,0.027295
🏤,post_office,-0.043032,-0.186674
👩🏻‍❤️‍👩🏿,couple_with_heart_woman_woman_light_skin_tone_dark_skin_tone,-0.043085,-0.085504
🧑🏾‍❤‍🧑🏻,couple_with_heart_person_person_medium-dark_skin_tone_light_skin_tone,-0.043133,-0.020727
👩🏼,woman_medium-light_skin_tone,-0.043191,-0.092177
🤥,lying_face,-0.043193,-0.183391
💁🏿,person_tipping_hand_dark_skin_tone,-0.043264,-0.205172
🙆🏽‍♀,woman_gesturing_OK_medium_skin_tone,-0.043273,0.025746
🧏🏿,deaf_person_dark_skin_tone,-0.043451,-0.150413
🧑🏼‍⚖️,judge_medium-light_skin_tone,-0.043464,0.104741
🙎🏿,person_pouting_dark_skin_tone,-0.043491,-0.145167
🙅🏽,person_gesturing_NO_medium_skin_tone,-0.043511,-0.091066
🙅🏼‍♂️,man_gesturing_NO_medium-light_skin_tone,-0.043553,0.022286
🈂,Japanese_service_charge_button,-0.043640,-0.207935
👨‍💼,man_office_worker,-0.043663,0.080425
👩🏿‍❤‍👨🏼,couple_with_heart_woman_man_dark_skin_tone_medium-light_skin_tone,-0.043682,-0.049018
🙍‍♂️,man_frowning,-0.043697,-0.079387
🫱🏿‍🫲🏾,handshake_dark_skin_tone_medium-dark_skin_tone,-0.043705,-0.097254
💆🏻‍♂,man_getting_massage_light_skin_tone,-0.043743,0.052753
🇲🇻,Maldives,-0.043760,0.055444
🫱🏿‍🫲🏻,handshake_dark_skin_tone_light_skin_tone,-0.043821,-0.070990
🤛🏿,left-facing_fist_dark_skin_tone,-0.043835,-0.162067
🫘,beans,-0.043839,-0.223239
🗣,speaking_head,-0.043863,-0.198183
🧎🏽‍♂️‍➡,man_kneeling_facing_right_medium_skin_tone,-0.043896,-0.130063
👩🏾‍🤝‍👨🏿,woman_and_man_holding_hands_medium-dark_skin_tone_dark_skin_tone,-0.043964,0.007308
🗨,left_speech_bubble,-0.044012,-0.184900
👩🏻‍✈,woman_pilot_light_skin_tone,-0.044046,0.039891
🚶🏼‍➡️,person_walking_facing_right_medium-light_skin_tone,-0.044084,0.065142
🇰🇬,Kyrgyzstan,-0.044091,0.039005
🇻🇳,Vietnam,-0.044105,-0.041659
⭕,hollow_red_circle,-0.044108,-0.170628
💑🏿,couple_with_heart_dark_skin_tone,-0.044117,-0.153600
👨🏿‍⚖,man_judge_dark_skin_tone,-0.044121,-0.128633
🦻🏿,ear_with_hearing_aid_dark_skin_tone,-0.044141,-0.157832
👨‍💻,man_technologist,-0.044165,0.033349
🏄🏾‍♂,man_surfing_medium-dark_skin_tone,-0.044174,0.065042
🙋🏽‍♀,woman_raising_hand_medium_skin_tone,-0.044185,-0.069349
👳🏿‍♀,woman_wearing_turban_dark_skin_tone,-0.044213,-0.121743
🧑🏻‍⚕,health_worker_light_skin_tone,-0.044247,0.052125
💁🏿‍♂,man_tipping_hand_dark_skin_tone,-0.044333,-0.193411
🧑🏿‍🦼,person_in_motorized_wheelchair_dark_skin_tone,-0.044337,-0.112262
👩🏾‍🏫,woman_teacher_medium-dark_skin_tone,-0.044383,0.081699
🧎‍♂,man_kneeling,-0.044403,0.050539
🧑‍💼,office_worker,-0.044412,0.080277
👩🏽‍🤝‍👩🏿,women_holding_hands_medium_skin_tone_dark_skin_tone,-0.044433,-0.076074
👨🏿‍🎨,man_artist_dark_skin_tone,-0.044465,-0.107198
🧑🏻‍⚖,judge_light_skin_tone,-0.044468,0.078069
👨🏼‍🎓,man_student_medium-light_skin_tone,-0.044503,0.092886
🤰🏿,pregnant_woman_dark_skin_tone,-0.044602,-0.149929
👨🏼‍💼,man_office_worker_medium-light_skin_tone,-0.044718,0.109017
💂🏾‍♀,woman_guard_medium-dark_skin_tone,-0.044723,-0.088811
🧎🏼‍♂‍➡,man_kneeling_facing_right_medium-light_skin_tone,-0.044729,-0.122765
🈸,Japanese_application_button,-0.044813,-0.214096
👩🏿‍🍼,woman_feeding_baby_dark_skin_tone,-0.044851,-0.139417
🙆🏿‍♀,woman_gesturing_OK_dark_skin_tone,-0.044864,-0.134529
🏴‍☠️,pirate_flag,-0.044953,0.044155
💆🏿‍♂,man_getting_massage_dark_skin_tone,-0.044991,-0.163599
🧑🏾,person_medium-dark_skin_tone,-0.045081,-0.144827
🚶🏻‍♂,man_walking_light_skin_tone,-0.045106,0.070250
🧑🏿‍🚀,astronaut_dark_skin_tone,-0.045152,-0.112625
🧑🏿‍🦲,person_dark_skin_tone_bald,-0.045164,-0.103816
🧑‍🏭,factory_worker,-0.045380,0.052086
🧓🏿,older_person_dark_skin_tone,-0.045382,-0.134559
🧍🏼‍♂️,man_standing_medium-light_skin_tone,-0.045497,0.005619
🤵🏼‍♀️,woman_in_tuxedo_medium-light_skin_tone,-0.045560,0.051479
🧑🏽‍❤️‍💋‍🧑🏾,kiss_person_person_medium_skin_tone_medium-dark_skin_tone,-0.045646,-0.015931
🏃🏾‍♂,man_running_medium-dark_skin_tone,-0.045683,0.075250
👨🏿‍🔧,man_mechanic_dark_skin_tone,-0.045691,-0.055326
🧔🏼‍♀️,woman_medium-light_skin_tone_beard,-0.045710,0.031358
🛁,bathtub,-0.045735,-0.171561
🧑‍✈,pilot,-0.045799,-0.022187
👨🏻‍🍼,man_feeding_baby_light_skin_tone,-0.045803,-0.152854
👨🏻‍⚕,man_health_worker_light_skin_tone,-0.045820,0.059911
🚶🏾‍♀‍➡️,woman_walking_facing_right_medium-dark_skin_tone,-0.045855,0.018613
‼,double_exclamation_mark,-0.045887,-0.210292
💇🏼‍♀,woman_getting_haircut_medium-light_skin_tone,-0.045899,0.068804
👨🏾‍❤‍👨🏻,couple_with_heart_man_man_medium-dark_skin_tone_light_skin_tone,-0.045912,0.016749
⚧️,transgender_symbol,-0.045926,-0.197308
👨🏿‍🦯,man_with_white_cane_dark_skin_tone,-0.045939,-0.116854
🤸🏿,person_cartwheeling_dark_skin_tone,-0.045954,-0.163491
🇦🇬,Antigua_&_Barbuda,-0.045995,0.029751
🤾🏻‍♀,woman_playing_handball_light_skin_tone,-0.046106,0.048230
🤼🏾‍♀️,women_wrestling_medium-dark_skin_tone,-0.046128,0.009561
🇱🇺,Luxembourg,-0.046149,0.021074
⏭,next_track_button,-0.046204,-0.165769
🧑🏿‍💼,office_worker_dark_skin_tone,-0.046294,-0.104791
🇹🇱,Timor-Leste,-0.046338,0.023903
🧑‍⚖,judge,-0.046338,0.063541
🧑🏽‍🤝‍🧑🏽,people_holding_hands_medium_skin_tone,-0.046347,0.042010
🇱🇸,Lesotho,-0.046397,0.035264
🧗🏿‍♀,woman_climbing_dark_skin_tone,-0.046405,-0.130393
👩🏿‍✈,woman_pilot_dark_skin_tone,-0.046411,-0.102785
🈂️,Japanese_service_charge_button,-0.046491,-0.209371
🤵‍♂️,man_in_tuxedo,-0.046614,0.045471
🔸,small_orange_diamond,-0.046617,-0.214444
🧑‍🧑‍🧒,family_adult_adult_child,-0.046672,-0.012584
👩🏿‍🎓,woman_student_dark_skin_tone,-0.046797,-0.042539
🏋🏿,person_lifting_weights_dark_skin_tone,-0.046806,-0.167206
👱🏽‍♂,man_medium_skin_tone_blond_hair,-0.046869,0.064590
👳🏿‍♂,man_wearing_turban_dark_skin_tone,-0.046894,-0.131492
💂🏼‍♂,man_guard_medium-light_skin_tone,-0.046959,0.016246
⛑,rescue_worker’s_helmet,-0.046975,-0.204669
👨🏾‍🤝‍👨🏻,men_holding_hands_medium-dark_skin_tone_light_skin_tone,-0.047054,0.005939
👷🏽‍♂,man_construction_worker_medium_skin_tone,-0.047060,0.084001
🏃🏼‍♀️‍➡,woman_running_facing_right_medium-light_skin_tone,-0.047078,-0.080906
⬛,black_large_square,-0.047091,-0.197764
🧑🏾‍🦲,person_medium-dark_skin_tone_bald,-0.047172,-0.103868
👱🏽‍♀,woman_medium_skin_tone_blond_hair,-0.047249,0.061192
▶️,play_button,-0.047270,-0.202614
🏵️,rosette,-0.047291,-0.159674
👨🏿‍❤️‍👨🏼,couple_with_heart_man_man_dark_skin_tone_medium-light_skin_tone,-0.047379,-0.085050
🧚🏿‍♀,woman_fairy_dark_skin_tone,-0.047407,-0.114615
🧨,firecracker,-0.047429,-0.133708
👩🏽‍✈,woman_pilot_medium_skin_tone,-0.047434,0.056583
🧎🏽‍➡️,person_kneeling_facing_right_medium_skin_tone,-0.047462,-0.096621
🧎🏻‍♂️‍➡,man_kneeling_facing_right_light_skin_tone,-0.047465,-0.127006
🆒,COOL_button,-0.047502,-0.232499
🧑🏼‍❤‍💋‍🧑🏾,kiss_person_person_medium-light_skin_tone_medium-dark_skin_tone,-0.047530,-0.024362
👷‍♂,man_construction_worker,-0.047567,0.075863
🈁,Japanese_here_button,-0.047594,-0.189317
👱🏿,person_dark_skin_tone_blond_hair,-0.047613,-0.180643
🚵🏼‍♀,woman_mountain_biking_medium-light_skin_tone,-0.047631,0.064596
🤼🏼‍♂,men_wrestling_medium-light_skin_tone,-0.047640,0.105790
🧑🏻‍❤️‍💋‍🧑🏾,kiss_person_person_light_skin_tone_medium-dark_skin_tone,-0.047660,-0.035402
🙅,person_gesturing_NO,-0.047706,-0.175183
👩🏽‍❤️‍👩🏿,couple_with_heart_woman_woman_medium_skin_tone_dark_skin_tone,-0.047726,-0.069604
✔️,check_mark,-0.047778,-0.207684
🚵🏼‍♂,man_mountain_biking_medium-light_skin_tone,-0.047816,0.076845
👩‍✈,woman_pilot,-0.047868,-0.088110
✌🏿,victory_hand_dark_skin_tone,-0.047870,-0.206285
🏃🏼‍➡️,person_running_facing_right_medium-light_skin_tone,-0.047903,0.089857
🧎🏾‍➡️,person_kneeling_facing_right_medium-dark_skin_tone,-0.048014,-0.145954
🙇🏼‍♂,man_bowing_medium-light_skin_tone,-0.048045,0.036623
👨🏾‍🔬,man_scientist_medium-dark_skin_tone,-0.048074,0.044746
🗡️,dagger,-0.048094,-0.211941
🏌🏻‍♂,man_golfing_light_skin_tone,-0.048097,0.106920
🏃🏼‍♂‍➡,man_running_facing_right_medium-light_skin_tone,-0.048128,-0.067514
🙍🏼‍♀️,woman_frowning_medium-light_skin_tone,-0.048194,0.049727
🧑🏿‍🩰,ballet_dancer_dark_skin_tone,-0.048272,-0.127888
💂🏽‍♂,man_guard_medium_skin_tone,-0.048312,-0.031993
🙆🏾‍♂,man_gesturing_OK_medium-dark_skin_tone,-0.048350,-0.024266
🤦🏻,person_facepalming_light_skin_tone,-0.048393,-0.190631
👩🏾‍❤‍👩🏿,couple_with_heart_woman_woman_medium-dark_skin_tone_dark_skin_tone,-0.048408,-0.064858
👨🏿‍❤‍👨🏼,couple_with_heart_man_man_dark_skin_tone_medium-light_skin_tone,-0.048448,-0.093614
👩🏽‍❤️‍👨🏿,couple_with_heart_woman_man_medium_skin_tone_dark_skin_tone,-0.048476,-0.026711
🧑🏼‍🤝‍🧑🏿,people_holding_hands_medium-light_skin_tone_dark_skin_tone,-0.048523,-0.081708
🚶🏿‍♀‍➡️,woman_walking_facing_right_dark_skin_tone,-0.048530,-0.117098
🏋🏿‍♀,woman_lifting_weights_dark_skin_tone,-0.048589,-0.130920
👨🏼‍🎤,man_singer_medium-light_skin_tone,-0.048617,0.074833
🇹🇻,Tuvalu,-0.048627,0.043783
⁉️,exclamation_question_mark,-0.048629,-0.219673
🙇🏼‍♀,woman_bowing_medium-light_skin_tone,-0.048633,0.036076
🧖🏼‍♀,woman_in_steamy_room_medium-light_skin_tone,-0.048633,0.145529
👨🏿‍🚀,man_astronaut_dark_skin_tone,-0.048673,-0.093109
👩🏼‍🎓,woman_student_medium-light_skin_tone,-0.048677,0.089551
👰🏿‍♀️,woman_with_veil_dark_skin_tone,-0.048750,-0.148980
👨🏼‍🦱,man_medium-light_skin_tone_curly_hair,-0.048785,0.002849
🧑🏿‍🎨,artist_dark_skin_tone,-0.048810,-0.113788
👱🏿‍♂,man_dark_skin_tone_blond_hair,-0.048876,-0.156896
🧑🏾‍⚖️,judge_medium-dark_skin_tone,-0.048887,0.035538
🧑🏿‍🍳,cook_dark_skin_tone,-0.048895,-0.111536
🏌️‍♀,woman_golfing,-0.048907,0.125487
🙅🏿‍♂️,man_gesturing_NO_dark_skin_tone,-0.048921,-0.155274
↪️,left_arrow_curving_right,-0.048939,-0.188885
🈹,Japanese_discount_button,-0.048959,-0.219218
👩🏻‍🤝‍👩🏼,women_holding_hands_light_skin_tone_medium-light_skin_tone,-0.048966,0.036701
👩🏼‍✈,woman_pilot_medium-light_skin_tone,-0.048973,0.063450
🚶🏻‍♀️‍➡,woman_walking_facing_right_light_skin_tone,-0.048979,-0.095284
🙋🏿‍♂,man_raising_hand_dark_skin_tone,-0.049091,-0.134990
🧗🏿,person_climbing_dark_skin_tone,-0.049109,-0.157129
😶‍🌫,face_in_clouds,-0.049113,0.006851
👩🏽‍⚖,woman_judge_medium_skin_tone,-0.049188,0.048267
👩🏿‍🦼,woman_in_motorized_wheelchair_dark_skin_tone,-0.049234,-0.112283
™,trade_mark,-0.049309,-0.154624
🧘🏿‍♀,woman_in_lotus_position_dark_skin_tone,-0.049374,-0.120862
🙋🏼‍♂,man_raising_hand_medium-light_skin_tone,-0.049409,-0.053897
👩🏿‍🏫,woman_teacher_dark_skin_tone,-0.049419,-0.055713
⚪,white_circle,-0.049473,-0.206890
👂🏿,ear_dark_skin_tone,-0.049507,-0.182201
🙅🏻‍♀️,woman_gesturing_NO_light_skin_tone,-0.049513,-0.023287
🧑🏽‍✈,pilot_medium_skin_tone,-0.049553,0.024530
🙋🏾‍♀,woman_raising_hand_medium-dark_skin_tone,-0.049592,-0.106039
🚶🏻‍♀,woman_walking_light_skin_tone,-0.049650,0.046183
👨🏽‍⚖,man_judge_medium_skin_tone,-0.049715,0.026873
👩🏻‍🤝‍👩🏿,women_holding_hands_light_skin_tone_dark_skin_tone,-0.049844,-0.101605
🧍‍♂️,man_standing,-0.049849,-0.041532
🔶,large_orange_diamond,-0.049906,-0.221549
🇵🇲,St._Pierre_&_Miquelon,-0.049971,0.035938
🔅,dim_button,-0.050025,-0.221363
🧑🏽‍❤️‍🧑🏼,couple_with_heart_person_person_medium_skin_tone_medium-light_skin_tone,-0.050031,0.046014
🚶🏿‍♀,woman_walking_dark_skin_tone,-0.050034,-0.120628
🤼🏿‍♀,women_wrestling_dark_skin_tone,-0.050039,-0.134714
🧑🏽‍⚕,health_worker_medium_skin_tone,-0.050073,0.046868
🙍🏽‍♀️,woman_frowning_medium_skin_tone,-0.050078,0.021241
🤹🏿‍♂️,man_juggling_dark_skin_tone,-0.050153,-0.148496
🧎‍♀‍➡️,woman_kneeling_facing_right,-0.050218,-0.065075
🧑🏿‍🍼,person_feeding_baby_dark_skin_tone,-0.050224,-0.125041
🚶🏿‍♂,man_walking_dark_skin_tone,-0.050230,-0.128163
👩🏽‍🤝‍👨🏿,woman_and_man_holding_hands_medium_skin_tone_dark_skin_tone,-0.050283,-0.016974
🏌🏼‍♀,woman_golfing_medium-light_skin_tone,-0.050299,0.078882
🤾🏿‍♀,woman_playing_handball_dark_skin_tone,-0.050309,-0.132984
🇸🇨,Seychelles,-0.050372,0.035016
🚶🏼‍♀️‍➡,woman_walking_facing_right_medium-light_skin_tone,-0.050378,-0.094373
👨🏾‍🤝‍👨🏼,men_holding_hands_medium-dark_skin_tone_medium-light_skin_tone,-0.050428,0.007876
🧎🏼‍♀‍➡,woman_kneeling_facing_right_medium-light_skin_tone,-0.050449,-0.130628
🦹🏿,supervillain_dark_skin_tone,-0.050488,-0.181101
❕,white_exclamation_mark,-0.050541,-0.210588
👨🏼,man_medium-light_skin_tone,-0.050551,-0.114281
🤵🏽‍♀️,woman_in_tuxedo_medium_skin_tone,-0.050579,0.019865
👨🏻‍⚖,man_judge_light_skin_tone,-0.050653,0.047784
🧎🏾‍♂️‍➡,man_kneeling_facing_right_medium-dark_skin_tone,-0.050690,-0.153667
🧗🏿‍♂,man_climbing_dark_skin_tone,-0.050742,-0.138823
👨🏼‍🍼,man_feeding_baby_medium-light_skin_tone,-0.050754,-0.155970
🧎🏻‍♂‍➡,man_kneeling_facing_right_light_skin_tone,-0.050760,-0.116189
🇬🇼,Guinea-Bissau,-0.050765,0.039850
👨🏿‍🫯‍👨🏻,men_wrestling_dark_skin_tone_light_skin_tone,-0.050829,-0.121077
💇🏽‍♀,woman_getting_haircut_medium_skin_tone,-0.050833,0.003771
🏃🏼‍♂️‍➡,man_running_facing_right_medium-light_skin_tone,-0.050840,-0.088653
👩🏽‍❤️‍👨🏾,couple_with_heart_woman_man_medium_skin_tone_medium-dark_skin_tone,-0.050848,0.026827
🏌🏼‍♂,man_golfing_medium-light_skin_tone,-0.050851,0.084081
🧎‍♀,woman_kneeling,-0.050861,0.049083
👨🏼‍⚕,man_health_worker_medium-light_skin_tone,-0.050867,0.059553
👨‍🏫,man_teacher,-0.050868,0.058340
🧖🏽‍♂,man_in_steamy_room_medium_skin_tone,-0.050873,0.127416
😥,sad_but_relieved_face,-0.050920,-0.004276
🧖🏿‍♀,woman_in_steamy_room_dark_skin_tone,-0.050953,-0.115778
🧛🏿‍♀,woman_vampire_dark_skin_tone,-0.050996,-0.120358
🧑🏽‍🎓,student_medium_skin_tone,-0.051001,0.076169
🏃🏾‍♀,woman_running_medium-dark_skin_tone,-0.051030,0.066202
🗑,wastebasket,-0.051032,-0.201415
🧑🏿‍🦼‍➡️,person_in_motorized_wheelchair_facing_right_dark_skin_tone,-0.051091,-0.138619
💇‍♂,man_getting_haircut,-0.051316,0.028115
🧔‍♀️,woman_beard,-0.051349,-0.018251
🙍🏽‍♂️,man_frowning_medium_skin_tone,-0.051377,-0.010794
👷🏾‍♀,woman_construction_worker_medium-dark_skin_tone,-0.051424,0.010339
🏃🏿‍♀,woman_running_dark_skin_tone,-0.051435,-0.098457
🙎🏼‍♂️,man_pouting_medium-light_skin_tone,-0.051453,0.022893
😩,weary_face,-0.051481,-0.122201
🧔🏾‍♀️,woman_medium-dark_skin_tone_beard,-0.051546,-0.077771
👨🏼‍🏫,man_teacher_medium-light_skin_tone,-0.051609,0.097329
⁉,exclamation_question_mark,-0.051624,-0.230225
👨🏾‍❤‍👨🏾,couple_with_heart_man_man_medium-dark_skin_tone,-0.051642,0.002475
🙏🏿,folded_hands_dark_skin_tone,-0.051651,-0.163108
👨🏻,man_light_skin_tone,-0.051696,-0.132547
🙋‍♀,woman_raising_hand,-0.051807,-0.099940
🧑🏻‍❤️‍🧑🏾,couple_with_heart_person_person_light_skin_tone_medium-dark_skin_tone,-0.051814,0.029469
🚶🏽‍♀️‍➡,woman_walking_facing_right_medium_skin_tone,-0.051853,-0.089353
🏐,volleyball,-0.051891,-0.161200
🙆🏿,person_gesturing_OK_dark_skin_tone,-0.051935,-0.155049
🙋🏽‍♂,man_raising_hand_medium_skin_tone,-0.051940,-0.079578
👨🏾‍🏭,man_factory_worker_medium-dark_skin_tone,-0.051973,-0.044601
👩🏾‍🤝‍👩🏿,women_holding_hands_medium-dark_skin_tone_dark_skin_tone,-0.051987,-0.065182
🤴🏿,prince_dark_skin_tone,-0.052006,-0.143173
▪,black_small_square,-0.052029,-0.210019
🧎🏽‍♂‍➡,man_kneeling_facing_right_medium_skin_tone,-0.052047,-0.130201
📉,chart_decreasing,-0.052083,-0.057215
🧎🏻‍♀‍➡,woman_kneeling_facing_right_light_skin_tone,-0.052121,-0.133207
🏳‍⚧️,transgender_flag,-0.052154,-0.023325
🏌🏿‍♀️,woman_golfing_dark_skin_tone,-0.052156,-0.109927
🫱🏿‍🫲🏼,handshake_dark_skin_tone_medium-light_skin_tone,-0.052224,-0.086545
🧑🏿‍🚒,firefighter_dark_skin_tone,-0.052397,-0.129399
🏄🏽‍♀,woman_surfing_medium_skin_tone,-0.052416,0.094064
👨🏿‍🦼‍➡️,man_in_motorized_wheelchair_facing_right_dark_skin_tone,-0.052417,-0.140915
♌,Leo,-0.052531,-0.030539
🏃🏽‍➡️,person_running_facing_right_medium_skin_tone,-0.052617,0.061309
🕺🏿,man_dancing_dark_skin_tone,-0.052618,-0.193540
👨🏿‍❤‍👨🏿,couple_with_heart_man_man_dark_skin_tone,-0.052668,-0.131713
🏃🏿‍♂,man_running_dark_skin_tone,-0.052694,-0.111281
🧎🏾‍♀️‍➡,woman_kneeling_facing_right_medium-dark_skin_tone,-0.052731,-0.162450
🤹🏿‍♀️,woman_juggling_dark_skin_tone,-0.052768,-0.140152
💂🏿,guard_dark_skin_tone,-0.052835,-0.178603
🦸🏿,superhero_dark_skin_tone,-0.052905,-0.168405
🧑🏻‍❤‍🧑🏼,couple_with_heart_person_person_light_skin_tone_medium-light_skin_tone,-0.052954,0.037097
🤘🏿,sign_of_the_horns_dark_skin_tone,-0.053004,-0.171351
👨🏼‍🤝‍👨🏾,men_holding_hands_medium-light_skin_tone_medium-dark_skin_tone,-0.053044,0.043071
👩🏻‍🤝‍👨🏾,woman_and_man_holding_hands_light_skin_tone_medium-dark_skin_tone,-0.053059,0.038556
🧑🏿‍⚖,judge_dark_skin_tone,-0.053079,-0.128468
👊🏿,oncoming_fist_dark_skin_tone,-0.053131,-0.200559
🧑🏼‍💻,technologist_medium-light_skin_tone,-0.053146,0.034215
🧑🏽‍❤️‍🧑🏾,couple_with_heart_person_person_medium_skin_tone_medium-dark_skin_tone,-0.053273,0.027395
🏃🏿‍♀‍➡️,woman_running_facing_right_dark_skin_tone,-0.053322,-0.102724
🧑🏿‍🫯‍🧑🏻,people_wrestling_dark_skin_tone_light_skin_tone,-0.053410,-0.119678
🚶‍♀️‍➡,woman_walking_facing_right,-0.053504,-0.127009
🕢,seven-thirty,-0.053505,-0.192119
🧏🏿‍♂,deaf_man_dark_skin_tone,-0.053602,-0.138710
👨🏿‍🔬,man_scientist_dark_skin_tone,-0.053668,-0.105298
🙍🏼‍♂️,man_frowning_medium-light_skin_tone,-0.053700,0.014747
🧑🏼‍❤️‍💋‍🧑🏾,kiss_person_person_medium-light_skin_tone_medium-dark_skin_tone,-0.053737,-0.024825
🏃‍♂‍➡,man_running_facing_right,-0.053803,-0.090156
✋🏿,raised_hand_dark_skin_tone,-0.053803,-0.188363
🏌🏾‍♀,woman_golfing_medium-dark_skin_tone,-0.053822,0.045257
👯🏿,people_with_bunny_ears_dark_skin_tone,-0.053850,-0.195857
🧑🏻‍💼,office_worker_light_skin_tone,-0.053968,0.055477
🤲🏿,palms_up_together_dark_skin_tone,-0.053986,-0.177440
👨🏿‍🫯‍👨🏾,men_wrestling_dark_skin_tone_medium-dark_skin_tone,-0.054001,-0.123642
👮🏽‍♀,woman_police_officer_medium_skin_tone,-0.054002,0.066208
🅾,O_button_(blood_type),-0.054005,-0.217888
🧔🏾‍♂️,man_medium-dark_skin_tone_beard,-0.054024,-0.043168
👩🏻,woman_light_skin_tone,-0.054043,-0.108199
💇🏼‍♂,man_getting_haircut_medium-light_skin_tone,-0.054089,0.062694
🧑🏽‍🤝‍🧑🏾,people_holding_hands_medium_skin_tone_medium-dark_skin_tone,-0.054137,-0.006423
🤼🏿,people_wrestling_dark_skin_tone,-0.054249,-0.161798
🧑🏽‍❤‍💋‍🧑🏿,kiss_person_person_medium_skin_tone_dark_skin_tone,-0.054283,-0.081795
🤜🏿,right-facing_fist_dark_skin_tone,-0.054291,-0.182923
🙅🏽‍♂️,man_gesturing_NO_medium_skin_tone,-0.054318,0.022493
🔷,large_blue_diamond,-0.054387,-0.215586
🇧🇲,Bermuda,-0.054392,0.025261
👰🏿,person_with_veil_dark_skin_tone,-0.054396,-0.179660
🧖🏼‍♂,man_in_steamy_room_medium-light_skin_tone,-0.054510,0.138135
👩🏽‍❤‍👨🏿,couple_with_heart_woman_man_medium_skin_tone_dark_skin_tone,-0.054523,-0.033531
🚶🏼‍♂,man_walking_medium-light_skin_tone,-0.054525,0.086021
🙅🏼‍♀️,woman_gesturing_NO_medium-light_skin_tone,-0.054596,0.013883
🙍🏾‍♀️,woman_frowning_medium-dark_skin_tone,-0.054613,-0.043726
👮🏽‍♂,man_police_officer_medium_skin_tone,-0.054622,0.064780
🏃🏻‍♂‍➡,man_running_facing_right_light_skin_tone,-0.054632,-0.074190
🇸🇲,San_Marino,-0.054701,0.033418
👩🏾‍⚖,woman_judge_medium-dark_skin_tone,-0.054809,0.027585
🧑🏿‍🫯‍🧑🏾,people_wrestling_dark_skin_tone_medium-dark_skin_tone,-0.054831,-0.128049
🤵‍♀️,woman_in_tuxedo,-0.054838,0.031286
🏣,Japanese_post_office,-0.054857,-0.226789
👩🏼‍❤‍👩🏿,couple_with_heart_woman_woman_medium-light_skin_tone_dark_skin_tone,-0.054885,-0.086328
🤼🏻‍♀,women_wrestling_light_skin_tone,-0.054922,0.062235
🧏🏽‍♀,deaf_woman_medium_skin_tone,-0.055017,0.079342
👨🏿‍❤‍👨🏽,couple_with_heart_man_man_dark_skin_tone_medium_skin_tone,-0.055043,-0.105861
🏌🏿‍♂️,man_golfing_dark_skin_tone,-0.055046,-0.113216
🧑🏽‍🏫,teacher_medium_skin_tone,-0.055094,0.076721
🧖🏿,person_in_steamy_room_dark_skin_tone,-0.055112,-0.152563
👨🏿‍❤️‍👨🏽,couple_with_heart_man_man_dark_skin_tone_medium_skin_tone,-0.055115,-0.099455
☸,wheel_of_dharma,-0.055260,-0.190877
🏃🏽‍♀️‍➡,woman_running_facing_right_medium_skin_tone,-0.055312,-0.088974
⛹🏻‍♀,woman_bouncing_ball_light_skin_tone,-0.055318,-0.069436
🇲🇴,Macao_SAR_China,-0.055340,-0.020162
👳‍♀,woman_wearing_turban,-0.055349,0.070730
➰,curly_loop,-0.055384,-0.204550
👩🏾‍✈,woman_pilot_medium-dark_skin_tone,-0.055388,0.023191
🧏🏿‍♀,deaf_woman_dark_skin_tone,-0.055425,-0.133706
👨🏿‍🦲,man_dark_skin_tone_bald,-0.055430,-0.111752
🇸🇳,Senegal,-0.055443,0.013851
➿,double_curly_loop,-0.055444,-0.213309
👨🏾‍🎨,man_artist_medium-dark_skin_tone,-0.055555,0.032735
🏌🏻‍♀,woman_golfing_light_skin_tone,-0.055570,0.097448
👸🏿,princess_dark_skin_tone,-0.055597,-0.204705
🧑🏾‍🦰,person_medium-dark_skin_tone_red_hair,-0.055626,-0.101066
👨🏿‍✈,man_pilot_dark_skin_tone,-0.055648,-0.145112
💇🏻‍♀,woman_getting_haircut_light_skin_tone,-0.055682,0.035328
👩‍⚕,woman_health_worker,-0.055739,-0.009498
🚶🏿‍♀️‍➡️,woman_walking_facing_right_dark_skin_tone,-0.055895,-0.126338
🧎🏾‍♂‍➡,man_kneeling_facing_right_medium-dark_skin_tone,-0.055903,-0.158491
🏄🏿‍♀️,woman_surfing_dark_skin_tone,-0.055927,-0.126237
🤾🏽‍♀,woman_playing_handball_medium_skin_tone,-0.055932,0.056375
👩🏼‍🏫,woman_teacher_medium-light_skin_tone,-0.055991,0.094402
🧘🏿‍♂,man_in_lotus_position_dark_skin_tone,-0.056035,-0.134894
🙅🏾,person_gesturing_NO_medium-dark_skin_tone,-0.056093,-0.168421
👨🏽,man_medium_skin_tone,-0.056106,-0.146601
🚶🏻‍♂‍➡,man_walking_facing_right_light_skin_tone,-0.056114,-0.093178
💂🏾‍♂,man_guard_medium-dark_skin_tone,-0.056265,-0.089503
🧑‍🦼,person_in_motorized_wheelchair,-0.056284,0.022546
🤽🏿‍♂,man_playing_water_polo_dark_skin_tone,-0.056309,-0.153115
👨‍🍼,man_feeding_baby,-0.056378,-0.177905
🎅🏿,Santa_Claus_dark_skin_tone,-0.056401,-0.154673
🤵🏾‍♀️,woman_in_tuxedo_medium-dark_skin_tone,-0.056570,-0.022781
👬🏿,men_holding_hands_dark_skin_tone,-0.056637,-0.180206
🧕🏿,woman_with_headscarf_dark_skin_tone,-0.056644,-0.157960
🚵‍♀,woman_mountain_biking,-0.056663,0.028438
➖,minus,-0.056683,-0.215593
🏌🏾‍♂,man_golfing_medium-dark_skin_tone,-0.056701,0.041796
☢,radioactive,-0.056748,-0.168665
🙅🏿‍♀️,woman_gesturing_NO_dark_skin_tone,-0.056804,-0.155951
👩🏿‍⚕,woman_health_worker_dark_skin_tone,-0.056813,-0.064507
👨🏽‍🐰‍👨🏼,men_with_bunny_ears_medium_skin_tone_medium-light_skin_tone,-0.056843,-0.052690
👨🏽‍✈,man_pilot_medium_skin_tone,-0.056855,0.009839
🧑🏻‍❤️‍🧑🏽,couple_with_heart_person_person_light_skin_tone_medium_skin_tone,-0.056967,0.031907
👨‍⚕,man_health_worker,-0.057028,0.030262
👩🏼‍⚖,woman_judge_medium-light_skin_tone,-0.057078,0.054146
🇴🇲,Oman,-0.057101,0.011872
👨🏾‍💻,man_technologist_medium-dark_skin_tone,-0.057143,0.040978
👨🏿‍🫯‍👨🏼,men_wrestling_dark_skin_tone_medium-light_skin_tone,-0.057212,-0.126316
🏃🏾‍♀️‍➡,woman_running_facing_right_medium-dark_skin_tone,-0.057251,-0.105453
🚶🏽‍♂,man_walking_medium_skin_tone,-0.057304,0.091136
🧑🏾‍🤝‍🧑🏻,people_holding_hands_medium-dark_skin_tone_light_skin_tone,-0.057320,-0.047009
🧑🏻‍🫯‍🧑🏼,people_wrestling_light_skin_tone_medium-light_skin_tone,-0.057471,-0.043583
🚶🏿‍➡️,person_walking_facing_right_dark_skin_tone,-0.057513,-0.139842
🧏🏾‍♂,deaf_man_medium-dark_skin_tone,-0.057543,-0.049406
👎🏿,thumbs_down_dark_skin_tone,-0.057565,-0.218690
👩‍⚖,woman_judge,-0.057596,0.008598
🇲🇬,Madagascar,-0.057606,-0.000466
🙍‍♀️,woman_frowning,-0.057625,-0.053252
🧘🏿,person_in_lotus_position_dark_skin_tone,-0.057653,-0.148548
🙎🏾‍♀️,woman_pouting_medium-dark_skin_tone,-0.057679,-0.049598
🚶🏼‍♀,woman_walking_medium-light_skin_tone,-0.057839,0.084257
🧑🏾‍❤️‍🧑🏼,couple_with_heart_person_person_medium-dark_skin_tone_medium-light_skin_tone,-0.057871,-0.024196
🤾🏿,person_playing_handball_dark_skin_tone,-0.057918,-0.163351
🏃🏽‍♂‍➡,man_running_facing_right_medium_skin_tone,-0.057972,-0.071082
😣,persevering_face,-0.057987,-0.025283
🚶‍♂‍➡,man_walking_facing_right,-0.058025,-0.118105
🚶🏿‍♂️‍➡️,man_walking_facing_right_dark_skin_tone,-0.058072,-0.134441
👱🏿‍♀,woman_dark_skin_tone_blond_hair,-0.058102,-0.163128
👩🏼‍❤️‍👩🏿,couple_with_heart_woman_woman_medium-light_skin_tone_dark_skin_tone,-0.058197,-0.084106
🧍‍♀️,woman_standing,-0.058197,-0.034268
🤵🏾‍♂️,man_in_tuxedo_medium-dark_skin_tone,-0.058247,0.001901
🚵🏿‍♂,man_mountain_biking_dark_skin_tone,-0.058266,-0.154633
🤱🏿,breast-feeding_dark_skin_tone,-0.058354,-0.147094
🧑🏽‍⚖,judge_medium_skin_tone,-0.058372,0.039540
👰‍♂️,man_with_veil,-0.058411,-0.069521
👩🏻‍❤️‍👨🏿,couple_with_heart_woman_man_light_skin_tone_dark_skin_tone,-0.058430,-0.061863
👨🏻‍✈,man_pilot_light_skin_tone,-0.058437,-0.000952
🙎🏼‍♀️,woman_pouting_medium-light_skin_tone,-0.058449,0.006498
🧖🏿‍♂,man_in_steamy_room_dark_skin_tone,-0.058483,-0.133351
🌭,hot_dog,-0.058519,-0.214646
🧙🏿‍♀,woman_mage_dark_skin_tone,-0.058535,-0.130549
🧑🏿‍⚕,health_worker_dark_skin_tone,-0.058617,-0.130245
👩🏿‍🦽,woman_in_manual_wheelchair_dark_skin_tone,-0.058633,-0.076535
👨🏼‍⚖,man_judge_medium-light_skin_tone,-0.058706,0.038919
🧑🏿‍🦽‍➡,person_in_manual_wheelchair_facing_right_dark_skin_tone,-0.058717,-0.140255
🧑🏼‍🏭,factory_worker_medium-light_skin_tone,-0.058721,0.068627
🧎🏽‍♀‍➡,woman_kneeling_facing_right_medium_skin_tone,-0.058725,-0.141642
💇🏻‍♂,man_getting_haircut_light_skin_tone,-0.058726,0.033382
🏃🏻‍♀️‍➡,woman_running_facing_right_light_skin_tone,-0.058727,-0.090444
🚴🏿‍♂️,man_biking_dark_skin_tone,-0.058753,-0.149923
🤽🏿‍♀,woman_playing_water_polo_dark_skin_tone,-0.058817,-0.150713
💇🏾‍♀,woman_getting_haircut_medium-dark_skin_tone,-0.058959,0.000777
🧑🏿‍🔬,scientist_dark_skin_tone,-0.058960,-0.120916
🚶‍➡,person_walking_facing_right,-0.058980,-0.082804
🚶🏻‍♀‍➡,woman_walking_facing_right_light_skin_tone,-0.058988,-0.093039
🤼‍♀️,women_wrestling,-0.058989,0.090797
🧜🏿‍♀,mermaid_dark_skin_tone,-0.059066,-0.135071
🧑🏿‍✈,pilot_dark_skin_tone,-0.059082,-0.126036
🧚🏿‍♂,man_fairy_dark_skin_tone,-0.059143,-0.136021
🏌🏽‍♂,man_golfing_medium_skin_tone,-0.059192,0.083787
🧑🏻‍🦼,person_in_motorized_wheelchair_light_skin_tone,-0.059254,-0.007379
🚶🏾‍➡️,person_walking_facing_right_medium-dark_skin_tone,-0.059266,0.031869
🤼🏼‍♀,women_wrestling_medium-light_skin_tone,-0.059272,0.083167
🇻🇺,Vanuatu,-0.059330,0.022470
🏃🏼‍♀‍➡,woman_running_facing_right_medium-light_skin_tone,-0.059354,-0.059412
🫸🏿,rightwards_pushing_hand_dark_skin_tone,-0.059357,-0.172820
👨‍⚖,man_judge,-0.059368,0.018800
🏊🏻‍♂,man_swimming_light_skin_tone,-0.059462,0.118881
🧎‍♂️‍➡,man_kneeling_facing_right,-0.059489,-0.149295
🏃🏾‍♂‍➡,man_running_facing_right_medium-dark_skin_tone,-0.059503,-0.099425
🧑🏼‍🦱,person_medium-light_skin_tone_curly_hair,-0.059534,-0.042689
🏃🏾‍♂️‍➡,man_running_facing_right_medium-dark_skin_tone,-0.059666,-0.112680
💇🏿‍♀,woman_getting_haircut_dark_skin_tone,-0.059676,-0.177222
🧍🏾‍♀️,woman_standing_medium-dark_skin_tone,-0.059706,-0.086687
🚶🏻‍➡,person_walking_facing_right_light_skin_tone,-0.059781,-0.034482
♣,club_suit,-0.059847,-0.094762
👨‍🎓,man_student,-0.059960,0.033126
👨🏾‍❤‍👨🏼,couple_with_heart_man_man_medium-dark_skin_tone_medium-light_skin_tone,-0.059971,-0.001551
⏺️,record_button,-0.059979,-0.186607
👩🏾‍❤️‍👨🏿,couple_with_heart_woman_man_medium-dark_skin_tone_dark_skin_tone,-0.060038,-0.024230
🧑🏽‍🦱,person_medium_skin_tone_curly_hair,-0.060052,-0.026318
⤴️,right_arrow_curving_up,-0.060053,-0.256355
🧑‍🦲,person_bald,-0.060098,-0.017466
🧑‍🦰,person_red_hair,-0.060161,-0.083849
🧑🏿‍🔧,mechanic_dark_skin_tone,-0.060177,-0.127456
🚶🏼‍♂️‍➡,man_walking_facing_right_medium-light_skin_tone,-0.060179,-0.104627
🧎‍♂‍➡,man_kneeling_facing_right,-0.060181,-0.148189
👨🏽‍🐰‍👨🏻,men_with_bunny_ears_medium_skin_tone_light_skin_tone,-0.060229,-0.052848
🧑🏾‍🎓,student_medium-dark_skin_tone,-0.060253,0.005616
👩🏾‍❤‍👨🏿,couple_with_heart_woman_man_medium-dark_skin_tone_dark_skin_tone,-0.060313,-0.024577
🏵,rosette,-0.060358,-0.168992
🏃🏽‍♂️‍➡,man_running_facing_right_medium_skin_tone,-0.060362,-0.097823
🙆🏾‍♀,woman_gesturing_OK_medium-dark_skin_tone,-0.060383,-0.037997
👩🏼‍🤝‍👩🏿,women_holding_hands_medium-light_skin_tone_dark_skin_tone,-0.060392,-0.091553
🧏🏾‍♀,deaf_woman_medium-dark_skin_tone,-0.060435,-0.074742
👳🏼‍♀,woman_wearing_turban_medium-light_skin_tone,-0.060462,0.070081
🚶🏻‍♂️‍➡,man_walking_facing_right_light_skin_tone,-0.060476,-0.103908
💆🏾‍♂,man_getting_massage_medium-dark_skin_tone,-0.060486,0.003755
🚶‍♂️‍➡,man_walking_facing_right,-0.060486,-0.130074
🧑🏼‍✈,pilot_medium-light_skin_tone,-0.060535,0.001801
🇼🇫,Wallis_&_Futuna,-0.060715,0.019657
🇩🇲,Dominica,-0.060763,0.002561
❌,cross_mark,-0.060765,-0.170763
🧑🏻‍🤝‍🧑🏾,people_holding_hands_light_skin_tone_medium-dark_skin_tone,-0.060777,-0.039865
👨🏾‍🍼,man_feeding_baby_medium-dark_skin_tone,-0.060777,-0.170857
🤦🏻‍♂️,man_facepalming_light_skin_tone,-0.060934,-0.156193
🇵🇸,Palestinian_Territories,-0.060965,0.016801
🏃‍♀️‍➡,woman_running_facing_right,-0.061062,-0.108973
🤵🏻‍♂,man_in_tuxedo_light_skin_tone,-0.061114,0.048943
🙋🏾‍♂,man_raising_hand_medium-dark_skin_tone,-0.061125,-0.121518
🧏‍♂,deaf_man,-0.061128,0.071773
👩🏽‍🦯,woman_with_white_cane_medium_skin_tone,-0.061132,0.071204
🚣🏿‍♂️,man_rowing_boat_dark_skin_tone,-0.061143,-0.165009
⬇️,down_arrow,-0.061165,-0.216534
👨🏾‍⚖️,man_judge_medium-dark_skin_tone,-0.061193,0.041184
👯🏿‍♂,men_with_bunny_ears_dark_skin_tone,-0.061204,-0.159540
🤾‍♂,man_playing_handball,-0.061243,0.011563
🆔,ID_button,-0.061267,-0.247073
🧑🏼‍❤‍💋‍🧑🏿,kiss_person_person_medium-light_skin_tone_dark_skin_tone,-0.061312,-0.088670
👨🏻‍🐰‍👨🏼,men_with_bunny_ears_light_skin_tone_medium-light_skin_tone,-0.061312,-0.065735
🧖‍♂,man_in_steamy_room,-0.061341,0.110889
👨🏿‍🏫,man_teacher_dark_skin_tone,-0.061375,-0.112537
💇🏿,person_getting_haircut_dark_skin_tone,-0.061380,-0.202101
🧎‍♀️‍➡,woman_kneeling_facing_right,-0.061505,-0.157467
🚶‍♀‍➡,woman_walking_facing_right,-0.061510,-0.120154
👨🏿‍⚕,man_health_worker_dark_skin_tone,-0.061527,-0.135758
↕,up-down_arrow,-0.061568,-0.233829
▫,white_small_square,-0.061607,-0.252383
🧛🏿‍♂,man_vampire_dark_skin_tone,-0.061608,-0.124441
🇹🇫,French_Southern_Territories,-0.061612,0.007976
👷🏿‍♂️,man_construction_worker_dark_skin_tone,-0.061695,-0.143614
🤽🏿,person_playing_water_polo_dark_skin_tone,-0.061736,-0.173448
🕵🏿‍♀️,woman_detective_dark_skin_tone,-0.061739,-0.158540
🇬🇸,South_Georgia_&_South_Sandwich_Islands,-0.061760,-0.003196
🤼🏽‍♂,men_wrestling_medium_skin_tone,-0.061771,0.059872
👩🏼‍❤️‍👨🏾,couple_with_heart_woman_man_medium-light_skin_tone_medium-dark_skin_tone,-0.061774,0.016592
🙍🏾‍♂️,man_frowning_medium-dark_skin_tone,-0.061781,-0.072826
🧎🏻‍➡,person_kneeling_facing_right_light_skin_tone,-0.061851,-0.160334
🚣🏿‍♀️,woman_rowing_boat_dark_skin_tone,-0.061870,-0.156603
🧑🏼‍🎓,student_medium-light_skin_tone,-0.061871,0.055483
🚶🏽‍♂️‍➡,man_walking_facing_right_medium_skin_tone,-0.061903,-0.099564
🧖🏾‍♀,woman_in_steamy_room_medium-dark_skin_tone,-0.061911,0.021246
👩🏿‍🦳,woman_dark_skin_tone_white_hair,-0.061911,-0.099273
👵🏻,old_woman_light_skin_tone,-0.061936,-0.094415
🧑🏿‍🦼‍➡,person_in_motorized_wheelchair_facing_right_dark_skin_tone,-0.061990,-0.156189
👩🏾‍❤️‍👩🏿,couple_with_heart_woman_woman_medium-dark_skin_tone_dark_skin_tone,-0.062013,-0.077198
🧑🏻‍❤‍💋‍🧑🏿,kiss_person_person_light_skin_tone_dark_skin_tone,-0.062159,-0.102880
💇🏿‍♂,man_getting_haircut_dark_skin_tone,-0.062206,-0.185485
🙎🏾‍♂️,man_pouting_medium-dark_skin_tone,-0.062295,-0.048647
👩🏿‍🎤,woman_singer_dark_skin_tone,-0.062328,-0.055782
🏃🏻‍➡️,person_running_facing_right_light_skin_tone,-0.062412,0.046573
🧎🏾‍♀‍➡,woman_kneeling_facing_right_medium-dark_skin_tone,-0.062558,-0.164869
🚵🏿‍♀,woman_mountain_biking_dark_skin_tone,-0.062585,-0.154193
🧑🏿‍🫯‍🧑🏼,people_wrestling_dark_skin_tone_medium-light_skin_tone,-0.062669,-0.131070
🚶🏽‍♀,woman_walking_medium_skin_tone,-0.062680,0.084665
🏃‍♂️‍➡,man_running_facing_right,-0.062690,-0.112618
🧑🏾‍🦼,person_in_motorized_wheelchair_medium-dark_skin_tone,-0.062703,-0.120885
🧑🏾‍🦽,person_in_manual_wheelchair_medium-dark_skin_tone,-0.062707,-0.058595
🫵🏿,index_pointing_at_the_viewer_dark_skin_tone,-0.062709,-0.167313
🏄🏿‍♂,man_surfing_dark_skin_tone,-0.062728,-0.151067
🧑🏼‍❤️‍🧑🏽,couple_with_heart_person_person_medium-light_skin_tone_medium_skin_tone,-0.062728,0.029443
🦹🏿‍♀,woman_supervillain_dark_skin_tone,-0.062867,-0.148542
👩🏼‍❤️‍👨🏿,couple_with_heart_woman_man_medium-light_skin_tone_dark_skin_tone,-0.062886,-0.050308
👷🏾‍♂,man_construction_worker_medium-dark_skin_tone,-0.062887,0.016657
🧎‍➡️,person_kneeling_facing_right,-0.062895,-0.111577
🙅🏿‍♂,man_gesturing_NO_dark_skin_tone,-0.062928,-0.168773
🏳️‍⚧,transgender_flag,-0.062948,-0.018468
🚶🏿‍♂‍➡️,man_walking_facing_right_dark_skin_tone,-0.062964,-0.135393
☑,check_box_with_check,-0.063162,-0.234674
👨🏿‍🍼,man_feeding_baby_dark_skin_tone,-0.063218,-0.170267
⚧,transgender_symbol,-0.063268,-0.221716
▪️,black_small_square,-0.063403,-0.225203
🧑🏾‍⚕,health_worker_medium-dark_skin_tone,-0.063440,-0.035318
♑,Capricorn,-0.063452,-0.007485
👩🏻‍🤝‍👨🏿,woman_and_man_holding_hands_light_skin_tone_dark_skin_tone,-0.063494,-0.059638
👩🏽‍❤‍👨🏾,couple_with_heart_woman_man_medium_skin_tone_medium-dark_skin_tone,-0.063505,0.007839
🏃🏿‍♂‍➡️,man_running_facing_right_dark_skin_tone,-0.063550,-0.126208
☝🏿,index_pointing_up_dark_skin_tone,-0.063614,-0.197394
🏄🏾‍♀,woman_surfing_medium-dark_skin_tone,-0.063690,0.036940
🧑🏽‍❤‍🧑🏼,couple_with_heart_person_person_medium_skin_tone_medium-light_skin_tone,-0.063697,0.014914
💇🏽‍♂,man_getting_haircut_medium_skin_tone,-0.063725,-0.018540
🧑🏿‍🦯,person_with_white_cane_dark_skin_tone,-0.063735,-0.125038
👨🏻‍🦱,man_light_skin_tone_curly_hair,-0.063799,-0.023138
🏊🏽‍♂,man_swimming_medium_skin_tone,-0.063904,0.094438
👩🏻‍🦽,woman_in_manual_wheelchair_light_skin_tone,-0.063929,0.051443
👨🏿‍🦽‍➡,man_in_manual_wheelchair_facing_right_dark_skin_tone,-0.063958,-0.164798
🧑🏼‍🤝‍🧑🏻,people_holding_hands_medium-light_skin_tone_light_skin_tone,-0.063960,0.013022
🏌🏽‍♀,woman_golfing_medium_skin_tone,-0.064103,0.072808
🏃🏻‍♂️‍➡,man_running_facing_right_light_skin_tone,-0.064418,-0.097295
🦹🏿‍♂,man_supervillain_dark_skin_tone,-0.064485,-0.162636
⏸,pause_button,-0.064578,-0.168130
👨🏽‍🦰,man_medium_skin_tone_red_hair,-0.064613,0.056895
🤦,person_facepalming,-0.064764,-0.219221
👯🏿‍♀,women_with_bunny_ears_dark_skin_tone,-0.064836,-0.157583
👷🏿,construction_worker_dark_skin_tone,-0.064968,-0.208503
🚴🏿‍♀️,woman_biking_dark_skin_tone,-0.065002,-0.144810
🦸🏿‍♀,woman_superhero_dark_skin_tone,-0.065082,-0.124046
🧑🏻‍🐰‍🧑🏼,people_with_bunny_ears_light_skin_tone_medium-light_skin_tone,-0.065160,-0.052032
🦶🏿,foot_dark_skin_tone,-0.065174,-0.200195
🙋🏿‍♀,woman_raising_hand_dark_skin_tone,-0.065182,-0.142504
👩🏻‍❤️‍👨🏾,couple_with_heart_woman_man_light_skin_tone_medium-dark_skin_tone,-0.065202,-0.001187
🚶🏽‍➡,person_walking_facing_right_medium_skin_tone,-0.065207,-0.029253
👳🏼‍♂,man_wearing_turban_medium-light_skin_tone,-0.065211,0.052334
👩🏿‍🦼‍➡️,woman_in_motorized_wheelchair_facing_right_dark_skin_tone,-0.065218,-0.154636
👩🏽‍🦰,woman_medium_skin_tone_red_hair,-0.065234,0.063874
🏃‍➡️,person_running_facing_right,-0.065236,0.033021
😒,unamused_face,-0.065330,-0.040003
🧑🏽‍🦰,person_medium_skin_tone_red_hair,-0.065397,-0.029533
🦵🏿,leg_dark_skin_tone,-0.065451,-0.185871
🏌‍♂,man_golfing,-0.065462,0.056518
🚶🏽‍♂‍➡,man_walking_facing_right_medium_skin_tone,-0.065466,-0.090559
🚵‍♂,man_mountain_biking,-0.065486,0.031839
🚵🏽‍♀,woman_mountain_biking_medium_skin_tone,-0.065552,0.008447
🤷🏿‍♂️,man_shrugging_dark_skin_tone,-0.065601,-0.157127
👩🏻‍❤‍👨🏿,couple_with_heart_woman_man_light_skin_tone_dark_skin_tone,-0.065670,-0.067777
🕵🏿‍♂️,man_detective_dark_skin_tone,-0.065736,-0.166518
🏃🏽‍♀‍➡,woman_running_facing_right_medium_skin_tone,-0.065740,-0.064618
👨🏻‍🤝‍👨🏾,men_holding_hands_light_skin_tone_medium-dark_skin_tone,-0.065787,-0.000340
🧎🏼‍➡,person_kneeling_facing_right_medium-light_skin_tone,-0.065797,-0.161651
👨🏽‍🦯,man_with_white_cane_medium_skin_tone,-0.065853,0.052926
👃🏿,nose_dark_skin_tone,-0.065938,-0.204924
👨🏾,man_medium-dark_skin_tone,-0.065971,-0.146059
🧝🏿‍♀,woman_elf_dark_skin_tone,-0.066088,-0.146261
🧜🏿‍♂,merman_dark_skin_tone,-0.066117,-0.142751
🏄🏿‍♀,woman_surfing_dark_skin_tone,-0.066247,-0.141053
🚶🏿,person_walking_dark_skin_tone,-0.066254,-0.176631
🙅‍♂️,man_gesturing_NO,-0.066266,-0.060886
©,copyright,-0.066441,-0.220017
👨🏼‍🤝‍👨🏽,men_holding_hands_medium-light_skin_tone_medium_skin_tone,-0.066499,0.039334
🧑🏻‍❤️‍💋‍🧑🏿,kiss_person_person_light_skin_tone_dark_skin_tone,-0.066547,-0.105140
🏃‍♀‍➡,woman_running_facing_right,-0.066604,-0.092903
▫️,white_small_square,-0.066614,-0.269060
👨🏽‍❤‍👨🏾,couple_with_heart_man_man_medium_skin_tone_medium-dark_skin_tone,-0.066619,-0.003976
🧎🏽‍➡,person_kneeling_facing_right_medium_skin_tone,-0.066715,-0.167897
🤢,nauseated_face,-0.066837,-0.081787
🏊🏿‍♂,man_swimming_dark_skin_tone,-0.066860,-0.137158
👨🏿‍🦼‍➡,man_in_motorized_wheelchair_facing_right_dark_skin_tone,-0.066908,-0.167202
👩‍🦲,woman_bald,-0.066911,-0.025965
👩🏿‍🦽‍➡,woman_in_manual_wheelchair_facing_right_dark_skin_tone,-0.067059,-0.161540
🏃🏿‍♂️‍➡️,man_running_facing_right_dark_skin_tone,-0.067104,-0.132774
👩🏻‍🦰,woman_light_skin_tone_red_hair,-0.067172,0.038156
🇵🇫,French_Polynesia,-0.067183,0.015413
⛹🏻‍♂,man_bouncing_ball_light_skin_tone,-0.067263,-0.033733
👩🏿‍🦱,woman_dark_skin_tone_curly_hair,-0.067266,-0.143188
🧍🏾‍♂️,man_standing_medium-dark_skin_tone,-0.067315,-0.090505
🚶🏼‍♂‍➡,man_walking_facing_right_medium-light_skin_tone,-0.067364,-0.102837
🏃🏾‍♀‍➡,woman_running_facing_right_medium-dark_skin_tone,-0.067657,-0.094152
👩🏼‍🦰,woman_medium-light_skin_tone_red_hair,-0.067662,0.063735
🉑,Japanese_acceptable_button,-0.067666,-0.240767
👨🏼‍🦰,man_medium-light_skin_tone_red_hair,-0.067698,0.069773
🇿🇲,Zambia,-0.067744,-0.006206
🚶🏾‍♀️‍➡,woman_walking_facing_right_medium-dark_skin_tone,-0.067824,-0.121367
🏃🏿‍♀️‍➡️,woman_running_facing_right_dark_skin_tone,-0.067921,-0.128519
🈚,Japanese_free_of_charge_button,-0.067927,-0.239126
😦,frowning_face_with_open_mouth,-0.068031,-0.064011
🧑🏽‍💼,office_worker_medium_skin_tone,-0.068169,0.055480
🧙🏿‍♂,man_mage_dark_skin_tone,-0.068288,-0.149386
🇹🇦,Tristan_da_Cunha,-0.068307,-0.022016
🏊🏼‍♂,man_swimming_medium-light_skin_tone,-0.068328,0.103340
🏊🏾‍♂,man_swimming_medium-dark_skin_tone,-0.068430,0.042336
🙅🏿‍♀,woman_gesturing_NO_dark_skin_tone,-0.068466,-0.170231
🤷🏿,person_shrugging_dark_skin_tone,-0.068479,-0.190644
🏌‍♀,woman_golfing,-0.068481,0.059775
🏃🏾‍➡️,person_running_facing_right_medium-dark_skin_tone,-0.068541,-0.004081
®,registered,-0.068622,-0.090397
🤞🏿,crossed_fingers_dark_skin_tone,-0.068638,-0.222471
🧑🏼‍🦰,person_medium-light_skin_tone_red_hair,-0.068674,-0.030619
👮🏿‍♀,woman_police_officer_dark_skin_tone,-0.068676,-0.155720
🧑🏾‍❤‍🧑🏽,couple_with_heart_person_person_medium-dark_skin_tone_medium_skin_tone,-0.068755,-0.062449
🧑🏽‍❤️‍💋‍🧑🏿,kiss_person_person_medium_skin_tone_dark_skin_tone,-0.068811,-0.093425
🏊‍♂,man_swimming,-0.068841,0.092927
👨🏿‍❤️‍👨🏿,couple_with_heart_man_man_dark_skin_tone,-0.068888,-0.143352
🧑🏻‍❤‍🧑🏾,couple_with_heart_person_person_light_skin_tone_medium-dark_skin_tone,-0.068897,-0.003886
👳🏻‍♀,woman_wearing_turban_light_skin_tone,-0.068899,0.059907
🫱🏿,rightwards_hand_dark_skin_tone,-0.069044,-0.181915
🦸🏿‍♂,man_superhero_dark_skin_tone,-0.069280,-0.139473
👩🏿‍🦲,woman_dark_skin_tone_bald,-0.069282,-0.103745
📛,name_badge,-0.069410,-0.206614
👩🏿‍🐰‍👩🏻,women_with_bunny_ears_dark_skin_tone_light_skin_tone,-0.069463,-0.129994
🏊🏻‍♀,woman_swimming_light_skin_tone,-0.069707,0.116180
🏃🏻‍♀‍➡,woman_running_facing_right_light_skin_tone,-0.069803,-0.083280
🚴🏿‍♂,man_biking_dark_skin_tone,-0.069825,-0.163657
🚵🏿,person_mountain_biking_dark_skin_tone,-0.069870,-0.199749
🧑‍🦯,person_with_white_cane,-0.069886,0.001590
☑️,check_box_with_check,-0.070082,-0.236849
🧑🏽‍❤‍🧑🏾,couple_with_heart_person_person_medium_skin_tone_medium-dark_skin_tone,-0.070140,0.002569
⛹‍♀,woman_bouncing_ball,-0.070210,-0.147454
🙇🏽‍♂,man_bowing_medium_skin_tone,-0.070213,-0.027838
👰🏻‍♂️,man_with_veil_light_skin_tone,-0.070289,-0.050930
🧑🏿‍🫯‍🧑🏽,people_wrestling_dark_skin_tone_medium_skin_tone,-0.070299,-0.136556
👰🏽‍♂️,man_with_veil_medium_skin_tone,-0.070341,-0.055024
🧑🏼‍⚕,health_worker_medium-light_skin_tone,-0.070353,0.030824
👩🏽‍🦽,woman_in_manual_wheelchair_medium_skin_tone,-0.070453,0.056290
🚶🏽‍♀‍➡,woman_walking_facing_right_medium_skin_tone,-0.070454,-0.076846
🏃🏿‍➡️,person_running_facing_right_dark_skin_tone,-0.070507,-0.146347
🧑🏼‍❤‍🧑🏾,couple_with_heart_person_person_medium-light_skin_tone_medium-dark_skin_tone,-0.070595,-0.002993
🤹🏿‍♂,man_juggling_dark_skin_tone,-0.070603,-0.166265
👨🏻‍❤️‍👨🏾,couple_with_heart_man_man_light_skin_tone_medium-dark_skin_tone,-0.070675,-0.009146
👳‍♂,man_wearing_turban,-0.070730,0.034713
🇫🇲,Micronesia,-0.070781,0.013898
🏃🏼‍➡,person_running_facing_right_medium-light_skin_tone,-0.070803,-0.048237
🤷🏿‍♀️,woman_shrugging_dark_skin_tone,-0.070828,-0.158056
👩🏿‍🐰‍👩🏼,women_with_bunny_ears_dark_skin_tone_medium-light_skin_tone,-0.070901,-0.128903
👩🏿‍🫯‍👩🏻,women_wrestling_dark_skin_tone_light_skin_tone,-0.070922,-0.108762
↪,left_arrow_curving_right,-0.070970,-0.230359
🕴🏿,person_in_suit_levitating_dark_skin_tone,-0.071010,-0.187757
🙋🏿,person_raising_hand_dark_skin_tone,-0.071033,-0.185334
👨🏾‍⚕,man_health_worker_medium-dark_skin_tone,-0.071037,0.002955
🧑🏽‍🐰‍🧑🏼,people_with_bunny_ears_medium_skin_tone_medium-light_skin_tone,-0.071160,-0.059472
🧑🏾‍❤️‍💋‍🧑🏿,kiss_person_person_medium-dark_skin_tone_dark_skin_tone,-0.071175,-0.106804
🧑🏿‍💻,technologist_dark_skin_tone,-0.071234,-0.135757
🙋‍♂,man_raising_hand,-0.071249,-0.110290
🧗🏾‍♀,woman_climbing_medium-dark_skin_tone,-0.071259,-0.034284
🧑🏿‍🎤,singer_dark_skin_tone,-0.071326,-0.133433
🧑🏼‍❤‍🧑🏽,couple_with_heart_person_person_medium-light_skin_tone_medium_skin_tone,-0.071372,-0.000182
🚶🏼‍♀‍➡,woman_walking_facing_right_medium-light_skin_tone,-0.071405,-0.088856
🇮🇲,Isle_of_Man,-0.071476,-0.025190
🧑🏿‍🎓,student_dark_skin_tone,-0.071510,-0.117711
♒,Aquarius,-0.071553,-0.028132
🏊🏽‍♀,woman_swimming_medium_skin_tone,-0.071569,0.094207
🧑🏾‍✈,pilot_medium-dark_skin_tone,-0.071622,-0.126279
🕵🏿,detective_dark_skin_tone,-0.071708,-0.215496
👮🏾‍♂,man_police_officer_medium-dark_skin_tone,-0.071717,0.000174
Ⓜ,circled_M,-0.071794,-0.216375
🧔🏻‍♂,man_light_skin_tone_beard,-0.071798,-0.006269
🤼🏽‍♀,women_wrestling_medium_skin_tone,-0.071835,0.039220
🙅🏽‍♀️,woman_gesturing_NO_medium_skin_tone,-0.071879,-0.002824
👦🏿,boy_dark_skin_tone,-0.071917,-0.193785
👨🏾‍💼,man_office_worker_medium-dark_skin_tone,-0.071953,0.042327
👨🏿‍🐰‍👨🏾,men_with_bunny_ears_dark_skin_tone_medium-dark_skin_tone,-0.071981,-0.164846
🚵🏽‍♂,man_mountain_biking_medium_skin_tone,-0.072054,0.016560
⛹🏾‍♀,woman_bouncing_ball_medium-dark_skin_tone,-0.072102,-0.151302
🧎‍♀‍➡,woman_kneeling_facing_right,-0.072250,-0.159360
🤾🏾‍♂,man_playing_handball_medium-dark_skin_tone,-0.072300,-0.013119
🇬🇦,Gabon,-0.072324,-0.042709
🧑🏻‍🫯‍🧑🏽,people_wrestling_light_skin_tone_medium_skin_tone,-0.072339,-0.070414
🙎‍♂️,man_pouting,-0.072363,0.004463
💇🏾‍♂,man_getting_haircut_medium-dark_skin_tone,-0.072399,-0.021128
🧑🏻‍🐰‍🧑🏽,people_with_bunny_ears_light_skin_tone_medium_skin_tone,-0.072476,-0.065781
🇰🇮,Kiribati,-0.072515,-0.002885
👨🏿‍🫯‍👨🏽,men_wrestling_dark_skin_tone_medium_skin_tone,-0.072522,-0.138412
🇿🇼,Zimbabwe,-0.072527,-0.008670
🤼‍♂,men_wrestling,-0.072537,0.040969
🖐🏿,hand_with_fingers_splayed_dark_skin_tone,-0.072547,-0.195726
👨🏽‍🦽,man_in_manual_wheelchair_medium_skin_tone,-0.072627,0.036577
🏊‍♀,woman_swimming,-0.072708,0.096220
👨🏾‍🏫,man_teacher_medium-dark_skin_tone,-0.072735,0.047251
👨🏿‍🐰‍👨🏻,men_with_bunny_ears_dark_skin_tone_light_skin_tone,-0.072756,-0.160921
🚴🏿,person_biking_dark_skin_tone,-0.072758,-0.188704
🙅🏾‍♂️,man_gesturing_NO_medium-dark_skin_tone,-0.072818,-0.051522
🧑🏾‍❤️‍🧑🏿,couple_with_heart_person_person_medium-dark_skin_tone_dark_skin_tone,-0.072905,-0.102158
🚶🏾‍♂,man_walking_medium-dark_skin_tone,-0.073004,0.054202
👳🏻‍♂,man_wearing_turban_light_skin_tone,-0.073031,0.043091
🤷🏿‍♂,man_shrugging_dark_skin_tone,-0.073083,-0.164636
👨🏾‍🤝‍👨🏽,men_holding_hands_medium-dark_skin_tone_medium_skin_tone,-0.073204,-0.030008
🛎,bellhop_bell,-0.073365,-0.175325
🧑🏾‍❤‍🧑🏼,couple_with_heart_person_person_medium-dark_skin_tone_medium-light_skin_tone,-0.073405,-0.066889
🇦🇸,American_Samoa,-0.073415,-0.049770
👩‍🦽,woman_in_manual_wheelchair,-0.073419,0.002904
Ⓜ️,circled_M,-0.073476,-0.236436
🚶🏼‍➡,person_walking_facing_right_medium-light_skin_tone,-0.073481,-0.050104
👰‍♀,woman_with_veil,-0.073483,-0.098761
👨🏽‍🦱,man_medium_skin_tone_curly_hair,-0.073544,-0.031338
↙️,down-left_arrow,-0.073736,-0.137693
👐🏿,open_hands_dark_skin_tone,-0.073776,-0.193419
👩🏿‍🫯‍👩🏼,women_wrestling_dark_skin_tone_medium-light_skin_tone,-0.073843,-0.109729
🏊🏿‍♀,woman_swimming_dark_skin_tone,-0.073853,-0.135495
⤴,right_arrow_curving_up,-0.073932,-0.260206
🤹🏿,person_juggling_dark_skin_tone,-0.073947,-0.199714
👨🏻‍🐰‍👨🏽,men_with_bunny_ears_light_skin_tone_medium_skin_tone,-0.074008,-0.087216
🧑🏻‍🦳,person_light_skin_tone_white_hair,-0.074088,-0.066533
🧑🏾‍🤝‍🧑🏿,people_holding_hands_medium-dark_skin_tone_dark_skin_tone,-0.074252,-0.111567
🧑🏽‍🐰‍🧑🏻,people_with_bunny_ears_medium_skin_tone_light_skin_tone,-0.074318,-0.059588
🧑🏻‍🫯‍🧑🏾,people_wrestling_light_skin_tone_medium-dark_skin_tone,-0.074368,-0.087868
👏🏿,clapping_hands_dark_skin_tone,-0.074394,-0.214210
🇧🇻,Bouvet_Island,-0.074433,-0.001251
🛀🏿,person_taking_bath_dark_skin_tone,-0.074459,-0.204811
🤦🏼‍♂️,man_facepalming_medium-light_skin_tone,-0.074522,-0.142272
🤦🏾,person_facepalming_medium-dark_skin_tone,-0.074591,-0.221520
⏺,record_button,-0.074618,-0.198202
🫃🏿,pregnant_man_dark_skin_tone,-0.074637,-0.176697
👨🏻‍🦰,man_light_skin_tone_red_hair,-0.074703,0.038101
🧑🏽‍❤️‍🧑🏿,couple_with_heart_person_person_medium_skin_tone_dark_skin_tone,-0.074720,-0.077117
🤦‍♂️,man_facepalming,-0.074735,-0.171440
🧑🏻‍❤️‍🧑🏿,couple_with_heart_person_person_light_skin_tone_dark_skin_tone,-0.074758,-0.094390
👵🏼,old_woman_medium-light_skin_tone,-0.074770,-0.110114
👩🏼‍🤝‍👨🏿,woman_and_man_holding_hands_medium-light_skin_tone_dark_skin_tone,-0.074885,-0.039463
🧑🏻‍🤝‍🧑🏼,people_holding_hands_light_skin_tone_medium-light_skin_tone,-0.074897,-0.033584
🙍🏻‍♂,man_frowning_light_skin_tone,-0.074908,-0.110112
🧑🏼‍❤️‍💋‍🧑🏿,kiss_person_person_medium-light_skin_tone_dark_skin_tone,-0.074945,-0.101474
👨🏾‍🎓,man_student_medium-dark_skin_tone,-0.075021,0.030536
🤳🏿,selfie_dark_skin_tone,-0.075289,-0.189734
👨🏾‍❤‍👨🏽,couple_with_heart_man_man_medium-dark_skin_tone_medium_skin_tone,-0.075347,-0.037339
🏊🏼‍♀,woman_swimming_medium-light_skin_tone,-0.075348,0.098051
🧑🏼‍🫯‍🧑🏻,people_wrestling_medium-light_skin_tone_light_skin_tone,-0.075418,-0.029756
👨🏿‍🐰‍👨🏽,men_with_bunny_ears_dark_skin_tone_medium_skin_tone,-0.075447,-0.166355
👩🏻‍🦯,woman_with_white_cane_light_skin_tone,-0.075491,0.037251
🤦🏻‍♀️,woman_facepalming_light_skin_tone,-0.075506,-0.177389
◀,reverse_button,-0.075558,-0.242228
◀️,reverse_button,-0.075620,-0.246957
👨🏿‍🐰‍👨🏼,men_with_bunny_ears_dark_skin_tone_medium-light_skin_tone,-0.075712,-0.164921
👮🏾‍♀,woman_police_officer_medium-dark_skin_tone,-0.075721,-0.009470
👳🏽‍♀,woman_wearing_turban_medium_skin_tone,-0.075781,0.036317
🧑🏿‍🐰‍🧑🏾,people_with_bunny_ears_dark_skin_tone_medium-dark_skin_tone,-0.075806,-0.159286
👨🏾‍⚖,man_judge_medium-dark_skin_tone,-0.076054,-0.075991
👨🏻‍❤‍👨🏽,couple_with_heart_man_man_light_skin_tone_medium_skin_tone,-0.076141,-0.015948
👰🏻‍♀,woman_with_veil_light_skin_tone,-0.076210,-0.059821
🚶🏾‍♀,woman_walking_medium-dark_skin_tone,-0.076306,0.051598
🧑‍🦳,person_white_hair,-0.076336,-0.089797
♐,Sagittarius,-0.076395,-0.224717
👩🏿‍🫯‍👩🏾,women_wrestling_dark_skin_tone_medium-dark_skin_tone,-0.076421,-0.119627
👨🏼‍✈,man_pilot_medium-light_skin_tone,-0.076423,-0.004418
🫷🏿,leftwards_pushing_hand_dark_skin_tone,-0.076520,-0.192993
👩🏿‍🐰‍👩🏾,women_with_bunny_ears_dark_skin_tone_medium-dark_skin_tone,-0.076642,-0.144934
🚴🏿‍♀,woman_biking_dark_skin_tone,-0.076662,-0.158240
👰🏿‍♀,woman_with_veil_dark_skin_tone,-0.076767,-0.178228
⬇,down_arrow,-0.076772,-0.230338
🇵🇦,Panama,-0.076858,-0.067550
👩🏿‍🦼‍➡,woman_in_motorized_wheelchair_facing_right_dark_skin_tone,-0.076908,-0.180554
✊🏿,raised_fist_dark_skin_tone,-0.076910,-0.201632
🆓,FREE_button,-0.077016,-0.279135
🧑🏼‍❤️‍🧑🏾,couple_with_heart_person_person_medium-light_skin_tone_medium-dark_skin_tone,-0.077163,-0.000317
🙅🏿,person_gesturing_NO_dark_skin_tone,-0.077188,-0.213815
🧑🏽‍🫯‍🧑🏻,people_wrestling_medium_skin_tone_light_skin_tone,-0.077236,-0.051789
🧑🏽‍🦲,person_medium_skin_tone_bald,-0.077425,-0.027288
👫🏿,woman_and_man_holding_hands_dark_skin_tone,-0.077551,-0.210738
🏊🏿,person_swimming_dark_skin_tone,-0.077616,-0.196475
🙅‍♀️,woman_gesturing_NO,-0.077649,-0.076137
👩🏼‍❤‍👨🏿,couple_with_heart_woman_man_medium-light_skin_tone_dark_skin_tone,-0.077669,-0.064238
🏃🏽‍➡,person_running_facing_right_medium_skin_tone,-0.077805,-0.070805
🧑🏽‍🫯‍🧑🏼,people_wrestling_medium_skin_tone_medium-light_skin_tone,-0.077814,-0.059965
🤦🏼,person_facepalming_medium-light_skin_tone,-0.077815,-0.200390
🧑🏼‍🤝‍🧑🏾,people_holding_hands_medium-light_skin_tone_medium-dark_skin_tone,-0.077846,-0.041486
👰🏿‍♂️,man_with_veil_dark_skin_tone,-0.077908,-0.183830
🇧🇧,Barbados,-0.077960,-0.092586
👨🏿‍🦯‍➡️,man_with_white_cane_facing_right_dark_skin_tone,-0.077983,-0.175550
😠,angry_face,-0.077988,-0.020035
👩🏾‍🦰,woman_medium-dark_skin_tone_red_hair,-0.078006,0.012494
👨🏻‍🤝‍👨🏽,men_holding_hands_light_skin_tone_medium_skin_tone,-0.078008,-0.004652
🚣🏿,person_rowing_boat_dark_skin_tone,-0.078042,-0.222344
👮🏿‍♂,man_police_officer_dark_skin_tone,-0.078139,-0.173382
🇹🇯,Tajikistan,-0.078180,-0.068585
👨🏾‍🦱,man_medium-dark_skin_tone_curly_hair,-0.078358,-0.108353
👩🏿‍🐰‍👩🏽,women_with_bunny_ears_dark_skin_tone_medium_skin_tone,-0.078374,-0.139696
🧑🏿‍🦯‍➡️,person_with_white_cane_facing_right_dark_skin_tone,-0.078431,-0.165278
🙎🏻‍♂,man_pouting_light_skin_tone,-0.078450,-0.031362
👩🏻‍🐰‍👩🏼,women_with_bunny_ears_light_skin_tone_medium-light_skin_tone,-0.078507,-0.079971
☹,frowning_face,-0.078544,-0.121296
🧏‍♀,deaf_woman,-0.078582,0.039915
🧑🏾‍🦳,person_medium-dark_skin_tone_white_hair,-0.078584,-0.129755
🧑🏼‍🏫,teacher_medium-light_skin_tone,-0.078645,0.026026
🏄🏿,person_surfing_dark_skin_tone,-0.078689,-0.199472
🧑🏽‍🤝‍🧑🏻,people_holding_hands_medium_skin_tone_light_skin_tone,-0.078763,-0.030390
◼,black_medium_square,-0.078768,-0.235362
🤚🏿,raised_back_of_hand_dark_skin_tone,-0.078825,-0.190980
🧗🏾‍♂,man_climbing_medium-dark_skin_tone,-0.078895,-0.028392
🧑🏾‍❤‍💋‍🧑🏿,kiss_person_person_medium-dark_skin_tone_dark_skin_tone,-0.078936,-0.117821
⏪,fast_reverse_button,-0.078962,-0.209886
🧑🏻‍🦲,person_light_skin_tone_bald,-0.079212,-0.045383
🧑🏿‍🐰‍🧑🏼,people_with_bunny_ears_dark_skin_tone_medium-light_skin_tone,-0.079270,-0.159571
🚶🏾‍♂️‍➡,man_walking_facing_right_medium-dark_skin_tone,-0.079279,-0.134760
👩🏾‍🦯,woman_with_white_cane_medium-dark_skin_tone,-0.079304,0.032848
🤦🏽‍♂️,man_facepalming_medium_skin_tone,-0.079352,-0.188569
🧎🏾‍➡,person_kneeling_facing_right_medium-dark_skin_tone,-0.079683,-0.200981
🧑🏻‍❤‍🧑🏽,couple_with_heart_person_person_light_skin_tone_medium_skin_tone,-0.079704,-0.011128
🧑🏿‍🐰‍🧑🏻,people_with_bunny_ears_dark_skin_tone_light_skin_tone,-0.079717,-0.159393
🧑🏽‍🦼,person_in_motorized_wheelchair_medium_skin_tone,-0.079766,-0.003257
👨🏽‍🫯‍👨🏻,men_wrestling_medium_skin_tone_light_skin_tone,-0.079774,0.004122
🇻🇦,Vatican_City,-0.079889,-0.022144
🤹🏿‍♀,woman_juggling_dark_skin_tone,-0.080062,-0.168897
🤷🏿‍♀,woman_shrugging_dark_skin_tone,-0.080207,-0.164173
😟,worried_face,-0.080268,-0.091383
🤾🏾‍♀,woman_playing_handball_medium-dark_skin_tone,-0.080370,-0.014275
👨🏿‍🎓,man_student_dark_skin_tone,-0.080392,-0.111624
🧑🏿‍🐰‍🧑🏽,people_with_bunny_ears_dark_skin_tone_medium_skin_tone,-0.080398,-0.160907
🤦‍♂,man_facepalming,-0.080421,-0.193844
🆑,CL_button,-0.080491,-0.265097
🚶🏾‍♂‍➡,man_walking_facing_right_medium-dark_skin_tone,-0.080518,-0.121874
🤶🏿,Mrs._Claus_dark_skin_tone,-0.080522,-0.197112
🤌🏿,pinched_fingers_dark_skin_tone,-0.080537,-0.176891
🧝🏿‍♂,man_elf_dark_skin_tone,-0.080686,-0.164123
👩🏽‍🦼,woman_in_motorized_wheelchair_medium_skin_tone,-0.080747,-0.004887
🧍🏻‍♀,woman_standing_light_skin_tone,-0.080831,-0.096161
🙇🏾‍♂,man_bowing_medium-dark_skin_tone,-0.080926,-0.090803
👰🏼‍♀,woman_with_veil_medium-light_skin_tone,-0.080978,-0.074644
👨🏽‍🐰‍👨🏾,men_with_bunny_ears_medium_skin_tone_medium-dark_skin_tone,-0.080987,-0.099177
🏊🏾‍♀,woman_swimming_medium-dark_skin_tone,-0.081041,0.019164
👨🏼‍❤️‍👨🏾,couple_with_heart_man_man_medium-light_skin_tone_medium-dark_skin_tone,-0.081065,0.001280
🏴‍☠,pirate_flag,-0.081087,-0.051177
🧑🏿‍🏫,teacher_dark_skin_tone,-0.081132,-0.140815
🤦🏾‍♂️,man_facepalming_medium-dark_skin_tone,-0.081141,-0.201793
🧑🏾‍⚖,judge_medium-dark_skin_tone,-0.081187,-0.075280
🇧🇶,Caribbean_Netherlands,-0.081198,-0.011904
☢️,radioactive,-0.081223,-0.181578
🙇🏽‍♀,woman_bowing_medium_skin_tone,-0.081305,-0.029379
👩🏾‍🦽,woman_in_manual_wheelchair_medium-dark_skin_tone,-0.081312,0.017497
👳🏾‍♀,woman_wearing_turban_medium-dark_skin_tone,-0.081483,-0.058538
🧍🏻‍♂,man_standing_light_skin_tone,-0.081557,-0.101165
◼️,black_medium_square,-0.081689,-0.242610
🧑🏼‍⚖,judge_medium-light_skin_tone,-0.081741,0.021933
🤏🏿,pinching_hand_dark_skin_tone,-0.081781,-0.202479
🚣🏿‍♂,man_rowing_boat_dark_skin_tone,-0.081837,-0.186159
👩🏿‍🦯,woman_with_white_cane_dark_skin_tone,-0.082021,-0.127121
🤦🏻‍♂,man_facepalming_light_skin_tone,-0.082040,-0.200584
👩🏿‍🫯‍👩🏽,women_wrestling_dark_skin_tone_medium_skin_tone,-0.082214,-0.115140
👵🏿,old_woman_dark_skin_tone,-0.082556,-0.197014
🧑🏻‍🐰‍🧑🏾,people_with_bunny_ears_light_skin_tone_medium-dark_skin_tone,-0.082652,-0.088005
🈯,Japanese_reserved_button,-0.082675,-0.277001
🧔‍♂,man_beard,-0.082713,-0.048898
👩‍🦰,woman_red_hair,-0.082714,-0.041210
👩🏼‍🦽,woman_in_manual_wheelchair_medium-light_skin_tone,-0.082755,0.046871
🧑🏾‍❤‍🧑🏿,couple_with_heart_person_person_medium-dark_skin_tone_dark_skin_tone,-0.082908,-0.118368
👨🏿‍🦯‍➡,man_with_white_cane_facing_right_dark_skin_tone,-0.083066,-0.188465
🧑🏽‍❤‍🧑🏿,couple_with_heart_person_person_medium_skin_tone_dark_skin_tone,-0.083129,-0.086403
🇹🇬,Togo,-0.083171,-0.057308
🇹🇴,Tonga,-0.083214,-0.058478
↙,down-left_arrow,-0.083346,-0.197156
🇸🇴,Somalia,-0.083393,-0.045369
⛹🏾‍♂,man_bouncing_ball_medium-dark_skin_tone,-0.083417,-0.134097
🧑🏼‍❤‍🧑🏿,couple_with_heart_person_person_medium-light_skin_tone_dark_skin_tone,-0.083492,-0.086542
⛹‍♂,man_bouncing_ball,-0.083519,-0.140379
👨‍✈,man_pilot,-0.083761,-0.118511
🫴🏿,palm_up_hand_dark_skin_tone,-0.083774,-0.161261
☹️,frowning_face,-0.083865,-0.103613
🏃🏿,person_running_dark_skin_tone,-0.083912,-0.207936
👳🏽‍♂,man_wearing_turban_medium_skin_tone,-0.083985,0.020311
🚣🏿‍♀,woman_rowing_boat_dark_skin_tone,-0.084064,-0.181875
🧑‍🧑‍🧒‍🧒,family_adult_adult_child_child,-0.084236,-0.124202
🇺🇾,Uruguay,-0.084247,-0.070715
🆙,UP!_button,-0.084272,-0.270803
🤦🏾‍♀️,woman_facepalming_medium-dark_skin_tone,-0.084309,-0.201668
🧑🏽‍🫯‍🧑🏾,people_wrestling_medium_skin_tone_medium-dark_skin_tone,-0.084364,-0.081320
⏹️,stop_button,-0.084412,-0.198596
🏃🏻‍➡,person_running_facing_right_light_skin_tone,-0.084511,-0.065487
👨🏼‍🐰‍👨🏻,men_with_bunny_ears_medium-light_skin_tone_light_skin_tone,-0.084730,-0.077401
🧑🏼‍🤝‍🧑🏼,people_holding_hands_medium-light_skin_tone,-0.084878,-0.001756
↕️,up-down_arrow,-0.084879,-0.209408
🧑🏾‍🐰‍🧑🏻,people_with_bunny_ears_medium-dark_skin_tone_light_skin_tone,-0.084924,-0.104130
🫄🏿,pregnant_person_dark_skin_tone,-0.084941,-0.205715
👨🏽‍🫯‍👨🏼,men_wrestling_medium_skin_tone_medium-light_skin_tone,-0.084960,-0.006428
🧑🏾‍💼,office_worker_medium-dark_skin_tone,-0.085066,-0.039385
🧖🏾‍♂,man_in_steamy_room_medium-dark_skin_tone,-0.085078,0.015299
🙎‍♀️,woman_pouting,-0.085108,-0.008976
🧑🏼‍🐰‍🧑🏻,people_with_bunny_ears_medium-light_skin_tone_light_skin_tone,-0.085208,-0.064663
🤵🏻‍♀,woman_in_tuxedo_light_skin_tone,-0.085298,0.002862
👵🏾,old_woman_medium-dark_skin_tone,-0.085319,-0.169415
🫶🏿,heart_hands_dark_skin_tone,-0.085409,-0.188360
🥷🏿,ninja_dark_skin_tone,-0.085618,-0.196723
🤦🏽,person_facepalming_medium_skin_tone,-0.085627,-0.228360
🫳🏿,palm_down_hand_dark_skin_tone,-0.085648,-0.192360
🧑🏿‍🦯‍➡,person_with_white_cane_facing_right_dark_skin_tone,-0.085756,-0.177136
👨🏿‍🎤,man_singer_dark_skin_tone,-0.085787,-0.128413
🕵🏿‍♀,woman_detective_dark_skin_tone,-0.085810,-0.190401
🇸🇭,St._Helena,-0.085864,-0.040581
👨🏻‍🐰‍👨🏾,men_with_bunny_ears_light_skin_tone_medium-dark_skin_tone,-0.085969,-0.111182
👨🏻‍🦽,man_in_manual_wheelchair_light_skin_tone,-0.086033,0.020161
👨🏼‍❤‍👨🏽,couple_with_heart_man_man_medium-light_skin_tone_medium_skin_tone,-0.086060,-0.007255
🙅🏾‍♀️,woman_gesturing_NO_medium-dark_skin_tone,-0.086193,-0.077686
🙅🏻‍♂,man_gesturing_NO_light_skin_tone,-0.086253,-0.029208
🧑🏽‍🦽,person_in_manual_wheelchair_medium_skin_tone,-0.086339,0.020896
🫱🏾‍🫲🏿,handshake_medium-dark_skin_tone_dark_skin_tone,-0.086345,-0.061829
👩🏻‍🦼,woman_in_motorized_wheelchair_light_skin_tone,-0.086375,-0.070022
🧑🏾‍🏫,teacher_medium-dark_skin_tone,-0.086476,-0.031785
🧎‍➡,person_kneeling_facing_right,-0.086487,-0.203387
👩🏾‍🦼,woman_in_motorized_wheelchair_medium-dark_skin_tone,-0.086632,-0.072709
🤦‍♀️,woman_facepalming,-0.086664,-0.190610
🧑🏽‍🐰‍🧑🏾,people_with_bunny_ears_medium_skin_tone_medium-dark_skin_tone,-0.086675,-0.093414
👩🏻‍🦳,woman_light_skin_tone_white_hair,-0.086696,-0.008410
🧑🏻‍🦯,person_with_white_cane_light_skin_tone,-0.086718,0.003370
🚶🏿‍♀‍➡,woman_walking_facing_right_dark_skin_tone,-0.086866,-0.179253
🧑🏽‍🦯,person_with_white_cane_medium_skin_tone,-0.086980,0.025681
👩🏽‍🦳,woman_medium_skin_tone_white_hair,-0.087224,0.029270
🇲🇳,Mongolia,-0.087464,-0.096194
🤦🏽‍♀️,woman_facepalming_medium_skin_tone,-0.087492,-0.195940
🫲🏿,leftwards_hand_dark_skin_tone,-0.087501,-0.199771
👩🏽‍🫯‍👩🏻,women_wrestling_medium_skin_tone_light_skin_tone,-0.087640,-0.010650
⬆️,up_arrow,-0.087687,-0.267740
🫱🏽‍🫲🏿,handshake_medium_skin_tone_dark_skin_tone,-0.088089,-0.054341
🤵🏼‍♂,man_in_tuxedo_medium-light_skin_tone,-0.088102,0.009175
👨🏿‍💻,man_technologist_dark_skin_tone,-0.088218,-0.120305
🚶🏿‍♀️‍➡,woman_walking_facing_right_dark_skin_tone,-0.088236,-0.175798
🧑🏼‍🫯‍🧑🏾,people_wrestling_medium-light_skin_tone_medium-dark_skin_tone,-0.088323,-0.083830
🧑🏾‍🐰‍🧑🏼,people_with_bunny_ears_medium-dark_skin_tone_medium-light_skin_tone,-0.088395,-0.115875
🏇🏿,horse_racing_dark_skin_tone,-0.088456,-0.218221
👨🏻‍🦯,man_with_white_cane_light_skin_tone,-0.088564,0.006276
↩,right_arrow_curving_left,-0.088578,-0.141286
🧑🏾‍🐰‍🧑🏽,people_with_bunny_ears_medium-dark_skin_tone_medium_skin_tone,-0.088729,-0.120842
🇻🇬,British_Virgin_Islands,-0.088811,-0.039065
🫱🏼‍🫲🏿,handshake_medium-light_skin_tone_dark_skin_tone,-0.088913,-0.072784
👩🏼‍🦯,woman_with_white_cane_medium-light_skin_tone,-0.088935,0.037388
🇻🇨,St._Vincent_&_Grenadines,-0.088991,-0.030021
🖕🏿,middle_finger_dark_skin_tone,-0.088997,-0.205036
🤦🏼‍♀️,woman_facepalming_medium-light_skin_tone,-0.089001,-0.162069
🧑🏻‍❤‍🧑🏿,couple_with_heart_person_person_light_skin_tone_dark_skin_tone,-0.089119,-0.111582
👷🏿‍♀,woman_construction_worker_dark_skin_tone,-0.089190,-0.181386
🧑🏼‍🐰‍🧑🏽,people_with_bunny_ears_medium-light_skin_tone_medium_skin_tone,-0.089227,-0.087838
🏃🏿‍♀️‍➡,woman_running_facing_right_dark_skin_tone,-0.089228,-0.166304
🇧🇮,Burundi,-0.089235,-0.061674
🏃‍➡,person_running_facing_right,-0.089238,-0.088919
👩‍🦼,woman_in_motorized_wheelchair,-0.089348,-0.145096
🙅🏼‍♂,man_gesturing_NO_medium-light_skin_tone,-0.089465,0.009458
🚶🏾‍♀‍➡,woman_walking_facing_right_medium-dark_skin_tone,-0.089471,-0.114576
🏳‍⚧,transgender_flag,-0.089506,-0.092134
✍🏿,writing_hand_dark_skin_tone,-0.089529,-0.250911
🧑🏻‍🦽,person_in_manual_wheelchair_light_skin_tone,-0.089541,0.005879
🤟🏿,love-you_gesture_dark_skin_tone,-0.089685,-0.190984
👨🏼‍🐰‍👨🏽,men_with_bunny_ears_medium-light_skin_tone_medium_skin_tone,-0.089854,-0.097602
🏃🏿‍♂️‍➡,man_running_facing_right_dark_skin_tone,-0.089866,-0.165743
🙇🏾‍♀,woman_bowing_medium-dark_skin_tone,-0.089885,-0.093064
👩🏻‍❤‍👨🏾,couple_with_heart_woman_man_light_skin_tone_medium-dark_skin_tone,-0.089941,-0.036175
😫,tired_face,-0.089957,-0.090908
🤵🏽‍♂,man_in_tuxedo_medium_skin_tone,-0.090401,-0.018573
👩🏽‍🦽‍➡️,woman_in_manual_wheelchair_facing_right_medium_skin_tone,-0.090456,-0.068416
🇧🇦,Bosnia_&_Herzegovina,-0.090498,-0.069145
👵🏽,old_woman_medium_skin_tone,-0.090529,-0.171156
🫱🏻‍🫲🏿,handshake_light_skin_tone_dark_skin_tone,-0.090589,-0.094377
🧔🏼‍♂,man_medium-light_skin_tone_beard,-0.090651,0.002050
🏃🏿‍♀‍➡,woman_running_facing_right_dark_skin_tone,-0.090717,-0.167591
👨🏽‍🐰‍👨🏿,men_with_bunny_ears_medium_skin_tone_dark_skin_tone,-0.090823,-0.154688
👩‍🦯,woman_with_white_cane,-0.090913,-0.071242
🧑🏼‍🫯‍🧑🏽,people_wrestling_medium-light_skin_tone_medium_skin_tone,-0.090934,-0.073364
🧍🏽‍♀,woman_standing_medium_skin_tone,-0.090994,-0.081913
🚵🏾‍♀,woman_mountain_biking_medium-dark_skin_tone,-0.091050,-0.044889
🫰🏿,hand_with_index_finger_and_thumb_crossed_dark_skin_tone,-0.091064,-0.213337
🏃🏾‍➡,person_running_facing_right_medium-dark_skin_tone,-0.091178,-0.102917
🚵🏾‍♂,man_mountain_biking_medium-dark_skin_tone,-0.091209,-0.017175
🤙🏿,call_me_hand_dark_skin_tone,-0.091228,-0.229899
™️,trade_mark,-0.091351,-0.199688
🛌🏿,person_in_bed_dark_skin_tone,-0.091562,-0.214530
🧑🏼‍❤️‍🧑🏿,couple_with_heart_person_person_medium-light_skin_tone_dark_skin_tone,-0.091564,-0.084665
👩🏽‍🫯‍👩🏾,women_wrestling_medium_skin_tone_medium-dark_skin_tone,-0.091601,-0.025222
👩🏿‍🦯‍➡️,woman_with_white_cane_facing_right_dark_skin_tone,-0.091629,-0.189755
👩🏼‍❤‍👨🏾,couple_with_heart_woman_man_medium-light_skin_tone_medium-dark_skin_tone,-0.091786,-0.024690
👩🏽‍🫯‍👩🏼,women_wrestling_medium_skin_tone_medium-light_skin_tone,-0.091816,-0.024790
🇰🇭,Cambodia,-0.091849,-0.076650
🆖,NG_button,-0.091889,-0.275554
↩️,right_arrow_curving_left,-0.092106,-0.113815
🤦🏿‍♂️,man_facepalming_dark_skin_tone,-0.092152,-0.191767
👰🏼‍♂️,man_with_veil_medium-light_skin_tone,-0.092420,-0.093812
🚶🏾‍➡,person_walking_facing_right_medium-dark_skin_tone,-0.092454,-0.071179
🧑‍🦽,person_in_manual_wheelchair,-0.092550,0.004352
🖖🏿,vulcan_salute_dark_skin_tone,-0.092647,-0.218540
🧑‍🧒‍🧒,family_adult_child_child,-0.092767,-0.118189
🤦🏾‍♂,man_facepalming_medium-dark_skin_tone,-0.092780,-0.212529
👨🏽‍🦳,man_medium_skin_tone_white_hair,-0.092801,0.012147
🚶🏿‍♂️‍➡,man_walking_facing_right_dark_skin_tone,-0.092834,-0.181500
🧑🏼‍💼,office_worker_medium-light_skin_tone,-0.093092,0.021041
⛹🏼‍♂,man_bouncing_ball_medium-light_skin_tone,-0.093600,-0.038503
🤦🏿‍♀️,woman_facepalming_dark_skin_tone,-0.093614,-0.192267
⛹️‍♂,man_bouncing_ball,-0.093705,-0.088634
👩🏻‍🐰‍👩🏽,women_with_bunny_ears_light_skin_tone_medium_skin_tone,-0.093835,-0.101036
🙍🏻‍♀,woman_frowning_light_skin_tone,-0.093875,-0.097989
👨🏽‍🫯‍👨🏾,men_wrestling_medium_skin_tone_medium-dark_skin_tone,-0.093949,-0.033609
👨🏽‍🦲,man_medium_skin_tone_bald,-0.094001,-0.013615
🤦‍♀,woman_facepalming,-0.094598,-0.215214
👨🏾‍🐰‍👨🏻,men_with_bunny_ears_medium-dark_skin_tone_light_skin_tone,-0.094787,-0.127214
👨🏽‍🦼,man_in_motorized_wheelchair_medium_skin_tone,-0.094789,-0.029438
⛹🏼‍♀,woman_bouncing_ball_medium-light_skin_tone,-0.095053,-0.065997
🕵🏿‍♂,man_detective_dark_skin_tone,-0.095090,-0.203356
🏌🏿‍♀,woman_golfing_dark_skin_tone,-0.095131,-0.170705
👨🏾‍🎤,man_singer_medium-dark_skin_tone,-0.095137,0.000431
👨🏾‍🐰‍👨🏼,men_with_bunny_ears_medium-dark_skin_tone_medium-light_skin_tone,-0.095152,-0.128558
👨🏼‍🦽,man_in_manual_wheelchair_medium-light_skin_tone,-0.095181,0.025118
👩🏾‍🦳,woman_medium-dark_skin_tone_white_hair,-0.095193,-0.015246
👩‍🦳,woman_white_hair,-0.095213,-0.086876
🏌🏿‍♂,man_golfing_dark_skin_tone,-0.095318,-0.175637
🇱🇷,Liberia,-0.095405,-0.073273
⬆,up_arrow,-0.095703,-0.279216
🏃🏿‍♂‍➡,man_running_facing_right_dark_skin_tone,-0.095766,-0.173243
👰🏾‍♀,woman_with_veil_medium-dark_skin_tone,-0.095785,-0.176466
🤦🏻‍♀,woman_facepalming_light_skin_tone,-0.095851,-0.217598
🧔🏽‍♂,man_medium_skin_tone_beard,-0.095941,-0.029869
🤼🏾‍♀,women_wrestling_medium-dark_skin_tone,-0.095983,-0.071308
👨🏻‍🫯‍👨🏼,men_wrestling_light_skin_tone_medium-light_skin_tone,-0.096230,-0.052160
🚶🏿‍➡,person_walking_facing_right_dark_skin_tone,-0.096264,-0.188720
👨🏽‍❤‍👨🏿,couple_with_heart_man_man_medium_skin_tone_dark_skin_tone,-0.096324,-0.128463
🧑🏼‍🐰‍🧑🏾,people_with_bunny_ears_medium-light_skin_tone_medium-dark_skin_tone,-0.096384,-0.105080
🇰🇾,Cayman_Islands,-0.096869,-0.065785
👳🏾‍♂,man_wearing_turban_medium-dark_skin_tone,-0.097139,-0.083600
◾,black_medium-small_square,-0.097142,-0.257122
👩🏻‍🐰‍👩🏾,women_with_bunny_ears_light_skin_tone_medium-dark_skin_tone,-0.097212,-0.118577
🧔‍♀,woman_beard,-0.097255,-0.093509
👩🏾‍🦽‍➡️,woman_in_manual_wheelchair_facing_right_medium-dark_skin_tone,-0.097409,-0.095259
👨🏼‍🦯,man_with_white_cane_medium-light_skin_tone,-0.097414,0.016220
👩🏻‍🦽‍➡,woman_in_manual_wheelchair_facing_right_light_skin_tone,-0.097504,-0.191963
🤦🏿‍♀,woman_facepalming_dark_skin_tone,-0.097578,-0.189382
⛹️‍♀,woman_bouncing_ball,-0.097608,-0.117499
🏂🏿,snowboarder_dark_skin_tone,-0.097761,-0.217001
🧑🏼‍🤝‍🧑🏽,people_holding_hands_medium-light_skin_tone_medium_skin_tone,-0.097783,-0.039604
🤦🏾‍♀,woman_facepalming_medium-dark_skin_tone,-0.097798,-0.214624
👩🏿‍🦯‍➡,woman_with_white_cane_facing_right_dark_skin_tone,-0.097897,-0.206477
⛹🏽‍♀,woman_bouncing_ball_medium_skin_tone,-0.098163,-0.066206
👨‍🦰,man_red_hair,-0.098347,-0.016161
🙎🏻‍♀,woman_pouting_light_skin_tone,-0.098633,-0.079775
🙅🏽‍♂,man_gesturing_NO_medium_skin_tone,-0.098676,-0.009362
🤦🏿‍♂,man_facepalming_dark_skin_tone,-0.098684,-0.190434
👨🏻‍🐰‍👨🏿,men_with_bunny_ears_light_skin_tone_dark_skin_tone,-0.098786,-0.166834
🤾‍♀,woman_playing_handball,-0.099025,-0.039042
⛹🏽‍♂,man_bouncing_ball_medium_skin_tone,-0.099038,-0.048062
🧑🏻‍🐰‍🧑🏿,people_with_bunny_ears_light_skin_tone_dark_skin_tone,-0.099114,-0.130524
🙎🏽‍♀,woman_pouting_medium_skin_tone,-0.099157,-0.026183
👨🏽‍❤️‍👨🏿,couple_with_heart_man_man_medium_skin_tone_dark_skin_tone,-0.099202,-0.117643
🫅🏿,person_with_crown_dark_skin_tone,-0.099282,-0.204774
🆚,VS_button,-0.099365,-0.266903
👨🏾‍❤️‍👨🏿,couple_with_heart_man_man_medium-dark_skin_tone_dark_skin_tone,-0.099366,-0.126529
◻,white_medium_square,-0.099410,-0.261215
👨‍🦲,man_bald,-0.099453,-0.065312
#⃣,keycap_#,-0.099504,-0.286697
🙍‍♂,man_frowning,-0.099774,-0.165104
👩🏽‍🐰‍👩🏼,women_with_bunny_ears_medium_skin_tone_medium-light_skin_tone,-0.099859,-0.077528
🤼🏾‍♂,men_wrestling_medium-dark_skin_tone,-0.099948,-0.049940
👩🏽‍🦽‍➡,woman_in_manual_wheelchair_facing_right_medium_skin_tone,-0.100001,-0.176724
👰🏽‍♀,woman_with_veil_medium_skin_tone,-0.100060,-0.093895
👨🏻‍❤️‍👨🏿,couple_with_heart_man_man_light_skin_tone_dark_skin_tone,-0.100181,-0.136648
🏌🏿,person_golfing_dark_skin_tone,-0.100400,-0.228839
🧔🏾‍♀,woman_medium-dark_skin_tone_beard,-0.100533,-0.148993
👩🏽‍🦲,woman_medium_skin_tone_bald,-0.100634,-0.006152
⬅,left_arrow,-0.100643,-0.268313
😖,confounded_face,-0.100753,-0.148866
⛹🏿‍♀️,woman_bouncing_ball_dark_skin_tone,-0.100778,-0.195912
🧑🏽‍🤝‍🧑🏼,people_holding_hands_medium_skin_tone_medium-light_skin_tone,-0.100870,-0.067919
🧑🏾‍🐰‍🧑🏿,people_with_bunny_ears_medium-dark_skin_tone_dark_skin_tone,-0.100919,-0.156725
👨🏾‍❤‍👨🏿,couple_with_heart_man_man_medium-dark_skin_tone_dark_skin_tone,-0.100923,-0.141382
🧑🏾‍🤝‍🧑🏽,people_holding_hands_medium-dark_skin_tone_medium_skin_tone,-0.100944,-0.088569
👩🏻‍🦲,woman_light_skin_tone_bald,-0.101119,-0.032249
🧑🏽‍🐰‍🧑🏿,people_with_bunny_ears_medium_skin_tone_dark_skin_tone,-0.101131,-0.130514
⛹🏿‍♂️,man_bouncing_ball_dark_skin_tone,-0.101245,-0.201206
🤦🏼‍♂,man_facepalming_medium-light_skin_tone,-0.101368,-0.192412
🧍‍♀,woman_standing,-0.101415,-0.121355
🇮🇶,Iraq,-0.101415,-0.052300
🧍🏼‍♀,woman_standing_medium-light_skin_tone,-0.101445,-0.112922
👨🏾‍🐰‍👨🏽,men_with_bunny_ears_medium-dark_skin_tone_medium_skin_tone,-0.101615,-0.144702
🤵🏽‍♀,woman_in_tuxedo_medium_skin_tone,-0.101652,-0.052135
🧍🏾‍♀,woman_standing_medium-dark_skin_tone,-0.101697,-0.153128
👩🏼‍🦼,woman_in_motorized_wheelchair_medium-light_skin_tone,-0.101823,-0.069032
🙅🏼‍♀,woman_gesturing_NO_medium-light_skin_tone,-0.102025,-0.015163
🤵‍♂,man_in_tuxedo,-0.102276,-0.028641
🏃🏿‍➡,person_running_facing_right_dark_skin_tone,-0.102334,-0.193350
👨🏾‍🦰,man_medium-dark_skin_tone_red_hair,-0.102359,-0.053084
🧔🏻‍♀,woman_light_skin_tone_beard,-0.102566,-0.067528
👩🏼‍🦳,woman_medium-light_skin_tone_white_hair,-0.102567,-0.000354
🧑🏽‍🦳,person_medium_skin_tone_white_hair,-0.102814,-0.032404
⏹,stop_button,-0.103045,-0.237604
👰🏿‍♂,man_with_veil_dark_skin_tone,-0.103284,-0.208932
🙎🏽‍♂,man_pouting_medium_skin_tone,-0.103469,-0.036470
🧍🏽‍♂,man_standing_medium_skin_tone,-0.103586,-0.106966
👨🏼‍🐰‍👨🏾,men_with_bunny_ears_medium-light_skin_tone_medium-dark_skin_tone,-0.103702,-0.123196
🧑🏾‍🦼‍➡️,person_in_motorized_wheelchair_facing_right_medium-dark_skin_tone,-0.103802,-0.208663
🧔🏽‍♀,woman_medium_skin_tone_beard,-0.103900,-0.076229
👷🏿‍♂,man_construction_worker_dark_skin_tone,-0.103960,-0.198214
🧑🏻‍🦽‍➡,person_in_manual_wheelchair_facing_right_light_skin_tone,-0.104000,-0.189147
🧑🏾‍🦽‍➡️,person_in_manual_wheelchair_facing_right_medium-dark_skin_tone,-0.104177,-0.173890
👩🏻‍🦽‍➡️,woman_in_manual_wheelchair_facing_right_light_skin_tone,-0.104322,-0.118061
👩🏼‍🦽‍➡️,woman_in_manual_wheelchair_facing_right_medium-light_skin_tone,-0.104336,-0.082421
🙇‍♂,man_bowing,-0.104488,-0.081257
👨‍🦽,man_in_manual_wheelchair,-0.104582,-0.014956
⬅️,left_arrow,-0.104588,-0.274703
👩🏻‍🫯‍👩🏼,women_wrestling_light_skin_tone_medium-light_skin_tone,-0.104670,-0.098364
👩🏾‍🫯‍👩🏻,women_wrestling_medium-dark_skin_tone_light_skin_tone,-0.104750,-0.045028
🇻🇮,U.S._Virgin_Islands,-0.104957,-0.062672
👰🏾‍♂️,man_with_veil_medium-dark_skin_tone,-0.105068,-0.172206
🙁,slightly_frowning_face,-0.105110,-0.243383
🤵🏼‍♀,woman_in_tuxedo_medium-light_skin_tone,-0.105152,-0.026321
🧑‍🦯‍➡,person_with_white_cane_facing_right,-0.105216,-0.203624
👩🏻‍🦯‍➡,woman_with_white_cane_facing_right_light_skin_tone,-0.105223,-0.208238
🧑🏾‍🫯‍🧑🏻,people_wrestling_medium-dark_skin_tone_light_skin_tone,-0.105243,-0.119486
🤦🏽‍♂,man_facepalming_medium_skin_tone,-0.105265,-0.218798
👨🏻‍❤‍👨🏾,couple_with_heart_man_man_light_skin_tone_medium-dark_skin_tone,-0.105463,-0.060659
🇦🇶,Antarctica,-0.105931,-0.039273
⛹🏿,person_bouncing_ball_dark_skin_tone,-0.106283,-0.238533
⤵,right_arrow_curving_down,-0.106317,-0.293486
👨🏻‍❤‍👨🏿,couple_with_heart_man_man_light_skin_tone_dark_skin_tone,-0.106322,-0.146008
👩🏾‍🫯‍👩🏼,women_wrestling_medium-dark_skin_tone_medium-light_skin_tone,-0.106579,-0.055239
🧍🏼‍♂,man_standing_medium-light_skin_tone,-0.106601,-0.123829
🧑🏻‍🤝‍🧑🏽,people_holding_hands_light_skin_tone_medium_skin_tone,-0.106655,-0.069204
👨🏻‍🫯‍👨🏽,men_wrestling_light_skin_tone_medium_skin_tone,-0.106679,-0.072657
👩🏾‍🫯‍👩🏽,women_wrestling_medium-dark_skin_tone_medium_skin_tone,-0.106735,-0.045472
🆎,AB_button_(blood_type),-0.107003,-0.279267
🤵‍♀,woman_in_tuxedo,-0.107120,-0.054254
🤦🏿,person_facepalming_dark_skin_tone,-0.107370,-0.206942
🧑🏻‍🫯‍🧑🏿,people_wrestling_light_skin_tone_dark_skin_tone,-0.107448,-0.140165
👨‍🦯,man_with_white_cane,-0.107450,-0.081859
🧑🏼‍🦳,person_medium-light_skin_tone_white_hair,-0.107632,-0.083275
🙎🏼‍♂,man_pouting_medium-light_skin_tone,-0.107888,-0.030488
🧔🏾‍♂,man_medium-dark_skin_tone_beard,-0.107891,-0.113631
👨🏼‍🦲,man_medium-light_skin_tone_bald,-0.107900,-0.027363
⬜,white_large_square,-0.107914,-0.264872
🇨🇵,Clipperton_Island,-0.107968,-0.083291
👩🏾‍🦲,woman_medium-dark_skin_tone_bald,-0.108045,-0.043491
🧑🏾‍🦽‍➡,person_in_manual_wheelchair_facing_right_medium-dark_skin_tone,-0.108104,-0.205002
👨🏼‍🫯‍👨🏻,men_wrestling_medium-light_skin_tone_light_skin_tone,-0.108114,-0.024235
🧑‍🦽‍➡,person_in_manual_wheelchair_facing_right,-0.108443,-0.192532
👩🏼‍🫯‍👩🏻,women_wrestling_medium-light_skin_tone_light_skin_tone,-0.108834,-0.053887
🇧🇳,Brunei,-0.108913,-0.157435
🙅🏻‍♀,woman_gesturing_NO_light_skin_tone,-0.108928,-0.082593
👩🏻‍🐰‍👩🏿,women_with_bunny_ears_light_skin_tone_dark_skin_tone,-0.109050,-0.168499
🤵🏾‍♀,woman_in_tuxedo_medium-dark_skin_tone,-0.109137,-0.089303
👩🏼‍🐰‍👩🏻,women_with_bunny_ears_medium-light_skin_tone_light_skin_tone,-0.109398,-0.096845
🧑🏽‍🫯‍🧑🏿,people_wrestling_medium_skin_tone_dark_skin_tone,-0.109403,-0.128585
👩🏽‍🐰‍👩🏻,women_with_bunny_ears_medium_skin_tone_light_skin_tone,-0.109645,-0.083035
🧑🏾‍🦯,person_with_white_cane_medium-dark_skin_tone,-0.109797,-0.142594
👨🏾‍🐰‍👨🏿,men_with_bunny_ears_medium-dark_skin_tone_dark_skin_tone,-0.109816,-0.186220
👰🏻‍♂,man_with_veil_light_skin_tone,-0.109899,-0.133792
🧑🏻‍🦼‍➡,person_in_motorized_wheelchair_facing_right_light_skin_tone,-0.109958,-0.214172
🙍‍♀,woman_frowning,-0.109969,-0.149324
🙍🏾‍♂,man_frowning_medium-dark_skin_tone,-0.109983,-0.154125
👩🏽‍🦯‍➡,woman_with_white_cane_facing_right_medium_skin_tone,-0.110007,-0.190006
🇨🇨,Cocos_(Keeling)_Islands,-0.110151,-0.107585
🧑‍🦼‍➡,person_in_motorized_wheelchair_facing_right,-0.110176,-0.221028
🚶🏿‍♂‍➡,man_walking_facing_right_dark_skin_tone,-0.110213,-0.197132
🤵🏾‍♂,man_in_tuxedo_medium-dark_skin_tone,-0.110218,-0.056922
🇰🇲,Comoros,-0.110249,-0.045309
🧑🏾‍🫯‍🧑🏼,people_wrestling_medium-dark_skin_tone_medium-light_skin_tone,-0.110473,-0.135710
🧑🏽‍🦽‍➡,person_in_manual_wheelchair_facing_right_medium_skin_tone,-0.110482,-0.190160
🧍‍♂,man_standing,-0.110725,-0.144040
👩🏼‍🦲,woman_medium-light_skin_tone_bald,-0.110881,-0.034407
🇲🇶,Martinique,-0.110895,-0.077173
👩🏾‍🦽‍➡,woman_in_manual_wheelchair_facing_right_medium-dark_skin_tone,-0.110987,-0.197069
🧑🏾‍🦼‍➡,person_in_motorized_wheelchair_facing_right_medium-dark_skin_tone,-0.111082,-0.233335
🤦🏽‍♀,woman_facepalming_medium_skin_tone,-0.111166,-0.224917
🇨🇶,Sark,-0.111170,-0.090865
🧑🏼‍🐰‍🧑🏿,people_with_bunny_ears_medium-light_skin_tone_dark_skin_tone,-0.111234,-0.145944
🧑🏼‍🦲,person_medium-light_skin_tone_bald,-0.111243,-0.091995
👨🏼‍🐰‍👨🏿,men_with_bunny_ears_medium-light_skin_tone_dark_skin_tone,-0.111271,-0.176122
👨🏼‍❤️‍👨🏿,couple_with_heart_man_man_medium-light_skin_tone_dark_skin_tone,-0.111307,-0.133353
◽,white_medium-small_square,-0.111377,-0.299000
🧑🏻‍🦽‍➡️,person_in_manual_wheelchair_facing_right_light_skin_tone,-0.111390,-0.148622
🧑🏾‍🤝‍🧑🏼,people_holding_hands_medium-dark_skin_tone_medium-light_skin_tone,-0.111453,-0.114776
👩‍🦯‍➡,woman_with_white_cane_facing_right,-0.111614,-0.225663
🧑‍🦯‍➡️,person_with_white_cane_facing_right,-0.111810,-0.182774
🧑🏼‍🫯‍🧑🏿,people_wrestling_medium-light_skin_tone_dark_skin_tone,-0.111830,-0.125254
◻️,white_medium_square,-0.111925,-0.273817
👨🏻‍🫯‍👨🏾,men_wrestling_light_skin_tone_medium-dark_skin_tone,-0.112106,-0.111151
👨🏻‍🦼,man_in_motorized_wheelchair_light_skin_tone,-0.112172,-0.085680
🙅🏽‍♀,woman_gesturing_NO_medium_skin_tone,-0.112290,-0.035637
👩🏼‍🦱,woman_medium-light_skin_tone_curly_hair,-0.112458,-0.124302
👩🏼‍🫯‍👩🏽,women_wrestling_medium-light_skin_tone_medium_skin_tone,-0.112696,-0.065713
🤼‍♀,women_wrestling,-0.112697,-0.020154
👩🏼‍🦽‍➡,woman_in_manual_wheelchair_facing_right_medium-light_skin_tone,-0.112894,-0.188757
🙇‍♀,woman_bowing,-0.112939,-0.079260
👨🏻‍🦲,man_light_skin_tone_bald,-0.113295,-0.063457
👩🏻‍🦼‍➡,woman_in_motorized_wheelchair_facing_right_light_skin_tone,-0.113722,-0.224867
🧑🏼‍🦼,person_in_motorized_wheelchair_medium-light_skin_tone,-0.113871,-0.058275
🙍🏽‍♂,man_frowning_medium_skin_tone,-0.113918,-0.121914
👩🏻‍🫯‍👩🏽,women_wrestling_light_skin_tone_medium_skin_tone,-0.113983,-0.106574
👨🏾‍✈,man_pilot_medium-dark_skin_tone,-0.114095,-0.137382
🇬🇺,Guam,-0.114237,-0.108712
🤦🏼‍♀,woman_facepalming_medium-light_skin_tone,-0.114251,-0.208474
👨🏼‍❤‍👨🏿,couple_with_heart_man_man_medium-light_skin_tone_dark_skin_tone,-0.114779,-0.143629
🧑🏾‍🫯‍🧑🏽,people_wrestling_medium-dark_skin_tone_medium_skin_tone,-0.114811,-0.144796
🇱🇦,Laos,-0.114927,-0.104635
👩🏼‍🐰‍👩🏽,women_with_bunny_ears_medium-light_skin_tone_medium_skin_tone,-0.114992,-0.110650
👩‍🦽‍➡,woman_in_manual_wheelchair_facing_right,-0.115020,-0.215459
🇮🇨,Canary_Islands,-0.115128,-0.212714
👩‍🦯‍➡️,woman_with_white_cane_facing_right,-0.115274,-0.216782
🧑🏻‍🦼‍➡️,person_in_motorized_wheelchair_facing_right_light_skin_tone,-0.115372,-0.185454
⤵️,right_arrow_curving_down,-0.115375,-0.309114
🧔🏼‍♀,woman_medium-light_skin_tone_beard,-0.115579,-0.061325
🙍🏾‍♀,woman_frowning_medium-dark_skin_tone,-0.115853,-0.120448
🙎‍♂,man_pouting,-0.116383,-0.059809
👨🏻‍🦳,man_light_skin_tone_white_hair,-0.116390,-0.048145
🙎🏼‍♀,woman_pouting_medium-light_skin_tone,-0.116599,-0.057308
✖,multiply,-0.116646,-0.306590
👩🏾‍🦯‍➡,woman_with_white_cane_facing_right_medium-dark_skin_tone,-0.116811,-0.206068
🧑🏼‍🦼‍➡,person_in_motorized_wheelchair_facing_right_medium-light_skin_tone,-0.116861,-0.217657
🙍🏼‍♀,woman_frowning_medium-light_skin_tone,-0.116929,-0.048414
🧍🏾‍♂,man_standing_medium-dark_skin_tone,-0.117192,-0.179534
👩🏼‍🦯‍➡,woman_with_white_cane_facing_right_medium-light_skin_tone,-0.117266,-0.204757
👨🏼‍🦳,man_medium-light_skin_tone_white_hair,-0.117345,-0.011007
🧑🏽‍🦼‍➡️,person_in_motorized_wheelchair_facing_right_medium_skin_tone,-0.117386,-0.174312
👨🏽‍🫯‍👨🏿,men_wrestling_medium_skin_tone_dark_skin_tone,-0.117482,-0.121289
🙍🏽‍♀,woman_frowning_medium_skin_tone,-0.117699,-0.075113
👩🏾‍🐰‍👩🏼,women_with_bunny_ears_medium-dark_skin_tone_medium-light_skin_tone,-0.118037,-0.112135
👨🏼‍🫯‍👨🏽,men_wrestling_medium-light_skin_tone_medium_skin_tone,-0.118300,-0.052240
🧑🏽‍🦽‍➡️,person_in_manual_wheelchair_facing_right_medium_skin_tone,-0.119023,-0.146872
🙍🏼‍♂,man_frowning_medium-light_skin_tone,-0.119141,-0.083062
🧑🏼‍🦽‍➡,person_in_manual_wheelchair_facing_right_medium-light_skin_tone,-0.119234,-0.200158
👩🏻‍🫯‍👩🏾,women_wrestling_light_skin_tone_medium-dark_skin_tone,-0.119476,-0.123081
👩🏼‍🐰‍👩🏾,women_with_bunny_ears_medium-light_skin_tone_medium-dark_skin_tone,-0.119485,-0.126007
👩🏻‍🦼‍➡️,woman_in_motorized_wheelchair_facing_right_light_skin_tone,-0.119689,-0.220949
👩🏼‍🫯‍👩🏾,women_wrestling_medium-light_skin_tone_medium-dark_skin_tone,-0.119738,-0.085100
👨🏾‍🦼,man_in_motorized_wheelchair_medium-dark_skin_tone,-0.120249,-0.159055
👨🏽‍🦽‍➡️,man_in_manual_wheelchair_facing_right_medium_skin_tone,-0.120362,-0.087165
🧑🏽‍🦼‍➡,person_in_motorized_wheelchair_facing_right_medium_skin_tone,-0.120430,-0.217830
👩‍🦼‍➡,woman_in_motorized_wheelchair_facing_right,-0.121109,-0.246328
🧑‍🦼‍➡️,person_in_motorized_wheelchair_facing_right,-0.121757,-0.180855
🧑🏻‍🦯‍➡,person_with_white_cane_facing_right_light_skin_tone,-0.121774,-0.216400
⛹🏿‍♀,woman_bouncing_ball_dark_skin_tone,-0.122097,-0.214640
👩🏻‍🦯‍➡️,woman_with_white_cane_facing_right_light_skin_tone,-0.122129,-0.195933
⛹🏿‍♂,man_bouncing_ball_dark_skin_tone,-0.122415,-0.220824
👩‍🦱,woman_curly_hair,-0.122501,-0.203205
👨‍🦱,man_curly_hair,-0.122541,-0.162610
🧑🏾‍🦯‍➡,person_with_white_cane_facing_right_medium-dark_skin_tone,-0.122755,-0.233236
👩🏻‍🦱,woman_light_skin_tone_curly_hair,-0.122827,-0.139916
👨🏾‍🦲,man_medium-dark_skin_tone_bald,-0.122858,-0.129171
🧑🏼‍🦯‍➡,person_with_white_cane_facing_right_medium-light_skin_tone,-0.123109,-0.220627
👩🏽‍🦱,woman_medium_skin_tone_curly_hair,-0.123333,-0.105174
👨🏻‍🫯‍👨🏿,men_wrestling_light_skin_tone_dark_skin_tone,-0.123335,-0.160435
🧑🏼‍🦼‍➡️,person_in_motorized_wheelchair_facing_right_medium-light_skin_tone,-0.123453,-0.181362
🙅‍♂,man_gesturing_NO,-0.123599,-0.101564
🧑‍🦽‍➡️,person_in_manual_wheelchair_facing_right,-0.123737,-0.144744
👩🏽‍🐰‍👩🏾,women_with_bunny_ears_medium_skin_tone_medium-dark_skin_tone,-0.123898,-0.116405
🇯🇲,Jamaica,-0.123922,-0.134222
👨‍🦼,man_in_motorized_wheelchair,-0.123955,-0.126559
🧑🏾‍🫯‍🧑🏿,people_wrestling_medium-dark_skin_tone_dark_skin_tone,-0.123969,-0.176457
🙎🏾‍♀,woman_pouting_medium-dark_skin_tone,-0.124156,-0.120532
👨🏾‍🫯‍👨🏻,men_wrestling_medium-dark_skin_tone_light_skin_tone,-0.124350,-0.080561
👨🏻‍🦽‍➡,man_in_manual_wheelchair_facing_right_light_skin_tone,-0.124367,-0.216368
👩🏽‍🦯‍➡️,woman_with_white_cane_facing_right_medium_skin_tone,-0.124465,-0.165781
👩🏾‍🐰‍👩🏻,women_with_bunny_ears_medium-dark_skin_tone_light_skin_tone,-0.124493,-0.119909
👩🏽‍🐰‍👩🏿,women_with_bunny_ears_medium_skin_tone_dark_skin_tone,-0.124696,-0.168372
🧑🏾‍🦯‍➡️,person_with_white_cane_facing_right_medium-dark_skin_tone,-0.124710,-0.224189
🧑🏽‍🦯‍➡,person_with_white_cane_facing_right_medium_skin_tone,-0.124768,-0.209076
🇯🇴,Jordan,-0.124777,-0.120165
👩🏽‍🦼‍➡,woman_in_motorized_wheelchair_facing_right_medium_skin_tone,-0.124845,-0.223280
👨🏼‍❤‍👨🏾,couple_with_heart_man_man_medium-light_skin_tone_medium-dark_skin_tone,-0.125208,-0.067726
🙎🏾‍♂,man_pouting_medium-dark_skin_tone,-0.125381,-0.118884
👨🏾‍🦽,man_in_manual_wheelchair_medium-dark_skin_tone,-0.125562,-0.067793
🧑🏼‍🦽,person_in_manual_wheelchair_medium-light_skin_tone,-0.125590,-0.021686
👩🏼‍🐰‍👩🏿,women_with_bunny_ears_medium-light_skin_tone_dark_skin_tone,-0.125843,-0.176318
🙎‍♀,woman_pouting,-0.125942,-0.074886
❎,cross_mark_button,-0.126067,-0.285921
👨‍🦳,man_white_hair,-0.126118,-0.111503
👨🏽‍🦽‍➡,man_in_manual_wheelchair_facing_right_medium_skin_tone,-0.126259,-0.194470
👰‍♂,man_with_veil,-0.127058,-0.180559
🧑🏼‍🦽‍➡️,person_in_manual_wheelchair_facing_right_medium-light_skin_tone,-0.127103,-0.144594
🇱🇨,St._Lucia,-0.127112,-0.122116
🧑🏻‍🦯‍➡️,person_with_white_cane_facing_right_light_skin_tone,-0.127436,-0.187371
👩‍🦽‍➡️,woman_in_manual_wheelchair_facing_right,-0.127592,-0.170392
👩🏼‍🦼‍➡,woman_in_motorized_wheelchair_facing_right_medium-light_skin_tone,-0.127635,-0.234792
🧑🏼‍🦯,person_with_white_cane_medium-light_skin_tone,-0.127935,-0.052554
👩🏾‍🐰‍👩🏽,women_with_bunny_ears_medium-dark_skin_tone_medium_skin_tone,-0.127957,-0.129087
👨🏼‍🫯‍👨🏾,men_wrestling_medium-light_skin_tone_medium-dark_skin_tone,-0.127986,-0.094185
👩‍🦼‍➡️,woman_in_motorized_wheelchair_facing_right,-0.128065,-0.239999
👩🏾‍🦼‍➡,woman_in_motorized_wheelchair_facing_right_medium-dark_skin_tone,-0.128163,-0.229381
👨🏻‍🦼‍➡,man_in_motorized_wheelchair_facing_right_light_skin_tone,-0.128296,-0.241286
👨🏼‍🦼,man_in_motorized_wheelchair_medium-light_skin_tone,-0.128456,-0.092514
👨🏾‍🦯,man_with_white_cane_medium-dark_skin_tone,-0.128539,-0.060189
🇬🇳,Guinea,-0.128547,-0.171851
👨🏻‍🦯‍➡,man_with_white_cane_facing_right_light_skin_tone,-0.128683,-0.237385
👰🏽‍♂,man_with_veil_medium_skin_tone,-0.128757,-0.144546
👩🏼‍🦯‍➡️,woman_with_white_cane_facing_right_medium-light_skin_tone,-0.129379,-0.184052
👩🏽‍🫯‍👩🏿,women_wrestling_medium_skin_tone_dark_skin_tone,-0.129758,-0.139297
👨🏾‍🫯‍👨🏼,men_wrestling_medium-dark_skin_tone_medium-light_skin_tone,-0.131264,-0.097708
👩🏻‍🫯‍👩🏿,women_wrestling_light_skin_tone_dark_skin_tone,-0.131414,-0.178783
👨🏾‍🦽‍➡,man_in_manual_wheelchair_facing_right_medium-dark_skin_tone,-0.131530,-0.229457
👨🏽‍🦯‍➡,man_with_white_cane_facing_right_medium_skin_tone,-0.131788,-0.219964
🧑🏽‍🦯‍➡️,person_with_white_cane_facing_right_medium_skin_tone,-0.131803,-0.191350
👩🏾‍🦱,woman_medium-dark_skin_tone_curly_hair,-0.131875,-0.160815
👩🏽‍🦼‍➡️,woman_in_motorized_wheelchair_facing_right_medium_skin_tone,-0.132064,-0.201950
🇨🇺,Cuba,-0.132383,-0.139542
👩🏾‍🦯‍➡️,woman_with_white_cane_facing_right_medium-dark_skin_tone,-0.132565,-0.190385
👩🏾‍🦼‍➡️,woman_in_motorized_wheelchair_facing_right_medium-dark_skin_tone,-0.133625,-0.212982
👨🏾‍🫯‍👨🏽,men_wrestling_medium-dark_skin_tone_medium_skin_tone,-0.133885,-0.103720
®️,registered,-0.134002,-0.193309
🧑🏼‍🦯‍➡️,person_with_white_cane_facing_right_medium-light_skin_tone,-0.135023,-0.199489
🇳🇨,New_Caledonia,-0.135258,-0.131278
👨‍🦯‍➡,man_with_white_cane_facing_right,-0.135552,-0.243311
🇸🇸,South_Sudan,-0.136003,-0.154766
👨🏾‍🫯‍👨🏿,men_wrestling_medium-dark_skin_tone_dark_skin_tone,-0.136593,-0.164732
👨🏾‍🦳,man_medium-dark_skin_tone_white_hair,-0.136957,-0.096553
🙅🏾‍♂,man_gesturing_NO_medium-dark_skin_tone,-0.137284,-0.092579
👨🏼‍🦽‍➡,man_in_manual_wheelchair_facing_right_medium-light_skin_tone,-0.137439,-0.215373
👨🏾‍🦼‍➡,man_in_motorized_wheelchair_facing_right_medium-dark_skin_tone,-0.137641,-0.252766
🇪🇦,Ceuta_&_Melilla,-0.137709,-0.210879
🇸🇧,Solomon_Islands,-0.137760,-0.120907
👨‍🦽‍➡,man_in_manual_wheelchair_facing_right,-0.138525,-0.227008
👨🏾‍🦯‍➡,man_with_white_cane_facing_right_medium-dark_skin_tone,-0.138906,-0.249510
🇰🇳,St._Kitts_&_Nevis,-0.139083,-0.194061
👩🏾‍🐰‍👩🏿,women_with_bunny_ears_medium-dark_skin_tone_dark_skin_tone,-0.139727,-0.179392
👨🏽‍🦼‍➡,man_in_motorized_wheelchair_facing_right_medium_skin_tone,-0.139867,-0.234704
🙅‍♀,woman_gesturing_NO,-0.139905,-0.138908
©️,copyright,-0.140157,-0.294846
👩🏼‍🦼‍➡️,woman_in_motorized_wheelchair_facing_right_medium-light_skin_tone,-0.140434,-0.222435
👨🏻‍🦽‍➡️,man_in_manual_wheelchair_facing_right_light_skin_tone,-0.140723,-0.149584
👩🏼‍🫯‍👩🏿,women_wrestling_medium-light_skin_tone_dark_skin_tone,-0.141007,-0.168169
👩🏾‍🫯‍👩🏿,women_wrestling_medium-dark_skin_tone_dark_skin_tone,-0.141320,-0.142948
👨🏼‍🦯‍➡,man_with_white_cane_facing_right_medium-light_skin_tone,-0.142230,-0.233831
👨🏼‍🫯‍👨🏿,men_wrestling_medium-light_skin_tone_dark_skin_tone,-0.142491,-0.154021
👨‍🦯‍➡️,man_with_white_cane_facing_right,-0.142598,-0.232327
👨🏼‍🦽‍➡️,man_in_manual_wheelchair_facing_right_medium-light_skin_tone,-0.143023,-0.128858
👨🏻‍🦯‍➡️,man_with_white_cane_facing_right_light_skin_tone,-0.143596,-0.222469
🇹🇨,Turks_&_Caicos_Islands,-0.144363,-0.196386
👨🏼‍🦼‍➡,man_in_motorized_wheelchair_facing_right_medium-light_skin_tone,-0.144797,-0.248606
👨🏾‍🦽‍➡️,man_in_manual_wheelchair_facing_right_medium-dark_skin_tone,-0.144809,-0.168418
👨‍🦼‍➡,man_in_motorized_wheelchair_facing_right,-0.144916,-0.265879
🇭🇲,Heard_&_McDonald_Islands,-0.145376,-0.186214
👨🏽‍🦯‍➡️,man_with_white_cane_facing_right_medium_skin_tone,-0.145713,-0.186051
👰🏼‍♂,man_with_veil_medium-light_skin_tone,-0.145810,-0.173742
✖️,multiply,-0.147391,-0.339238
👨🏻‍🦼‍➡️,man_in_motorized_wheelchair_facing_right_light_skin_tone,-0.148209,-0.231041
👨🏽‍🦼‍➡️,man_in_motorized_wheelchair_facing_right_medium_skin_tone,-0.148239,-0.203133
🇸🇽,Sint_Maarten,-0.152401,-0.179672
👨🏾‍🦼‍➡️,man_in_motorized_wheelchair_facing_right_medium-dark_skin_tone,-0.152668,-0.242986
🇺🇲,U.S._Outlying_Islands,-0.153040,-0.170904
🙅🏾‍♀,woman_gesturing_NO_medium-dark_skin_tone,-0.155955,-0.131214
👨🏼‍🦯‍➡️,man_with_white_cane_facing_right_medium-light_skin_tone,-0.156069,-0.211887
👰🏾‍♂,man_with_veil_medium-dark_skin_tone,-0.156688,-0.254235
👨🏼‍🦼‍➡️,man_in_motorized_wheelchair_facing_right_medium-light_skin_tone,-0.158061,-0.228830
👨🏾‍🦯‍➡️,man_with_white_cane_facing_right_medium-dark_skin_tone,-0.159709,-0.236129
🇬🇵,Guadeloupe,-0.161595,-0.189860
👨‍🦼‍➡️,man_in_motorized_wheelchair_facing_right,-0.162041,-0.249075
👨‍🦽‍➡️,man_in_manual_wheelchair_facing_right,-0.162771,-0.181514
🇦🇨,Ascension_Island,-0.171912,-0.213381
🇬🇶,Equatorial_Guinea,-0.173002,-0.182344
🇮🇴,British_Indian_Ocean_Territory,-0.178794,-0.248188
🇺🇳,United_Nations,-0.179944,-0.251871
